2026-04-28T23:46:26.802+0300 [DEBUG] [org.gradle.launcher.daemon.bootstrap.DaemonMain] Assuming the daemon was started with following jvm opts: [-Xmx1536M, -Dfile.encoding=UTF-8, -Duser.country=US, -Duser.language=en, -Duser.variant]
2026-04-28T23:46:27.304+0300 [DEBUG] [org.gradle.internal.remote.internal.inet.InetAddresses] Adding IP addresses for network interface Realtek Gaming GbE Family Controller-WFP Native MAC Layer LightWeight Filter-0000
2026-04-28T23:46:27.307+0300 [DEBUG] [org.gradle.internal.remote.internal.inet.InetAddresses] Is this a loopback interface? false
2026-04-28T23:46:27.309+0300 [DEBUG] [org.gradle.internal.remote.internal.inet.InetAddresses] Adding IP addresses for network interface Realtek Gaming GbE Family Controller-Realtek NDIS LightWeight Filter (NDIS 6.40)-0000
2026-04-28T23:46:27.311+0300 [DEBUG] [org.gradle.internal.remote.internal.inet.InetAddresses] Is this a loopback interface? false
2026-04-28T23:46:27.312+0300 [DEBUG] [org.gradle.internal.remote.internal.inet.InetAddresses] Adding IP addresses for network interface Realtek Gaming GbE Family Controller-QoS Packet Scheduler-0000
2026-04-28T23:46:27.314+0300 [DEBUG] [org.gradle.internal.remote.internal.inet.InetAddresses] Is this a loopback interface? false
2026-04-28T23:46:27.314+0300 [DEBUG] [org.gradle.internal.remote.internal.inet.InetAddresses] Adding IP addresses for network interface Realtek Gaming GbE Family Controller-WFP 802.3 MAC Layer LightWeight Filter-0000
2026-04-28T23:46:27.316+0300 [DEBUG] [org.gradle.internal.remote.internal.inet.InetAddresses] Is this a loopback interface? false
2026-04-28T23:46:27.317+0300 [DEBUG] [org.gradle.internal.remote.internal.inet.InetAddresses] Adding IP addresses for network interface WAN Miniport (IP)-WFP Native MAC Layer LightWeight Filter-0000
2026-04-28T23:46:27.318+0300 [DEBUG] [org.gradle.internal.remote.internal.inet.InetAddresses] Is this a loopback interface? false
2026-04-28T23:46:27.318+0300 [DEBUG] [org.gradle.internal.remote.internal.inet.InetAddresses] Adding IP addresses for network interface WAN Miniport (IP)-Realtek NDIS LightWeight Filter (NDIS 6.40)-0000
2026-04-28T23:46:27.320+0300 [DEBUG] [org.gradle.internal.remote.internal.inet.InetAddresses] Is this a loopback interface? false
2026-04-28T23:46:27.320+0300 [DEBUG] [org.gradle.internal.remote.internal.inet.InetAddresses] Adding IP addresses for network interface WAN Miniport (IP)-QoS Packet Scheduler-0000
2026-04-28T23:46:27.321+0300 [DEBUG] [org.gradle.internal.remote.internal.inet.InetAddresses] Is this a loopback interface? false
2026-04-28T23:46:27.322+0300 [DEBUG] [org.gradle.internal.remote.internal.inet.InetAddresses] Adding IP addresses for network interface WAN Miniport (IPv6)-WFP Native MAC Layer LightWeight Filter-0000
2026-04-28T23:46:27.324+0300 [DEBUG] [org.gradle.internal.remote.internal.inet.InetAddresses] Is this a loopback interface? false
2026-04-28T23:46:27.325+0300 [DEBUG] [org.gradle.internal.remote.internal.inet.InetAddresses] Adding IP addresses for network interface WAN Miniport (IPv6)-Realtek NDIS LightWeight Filter (NDIS 6.40)-0000
2026-04-28T23:46:27.326+0300 [DEBUG] [org.gradle.internal.remote.internal.inet.InetAddresses] Is this a loopback interface? false
2026-04-28T23:46:27.327+0300 [DEBUG] [org.gradle.internal.remote.internal.inet.InetAddresses] Adding IP addresses for network interface WAN Miniport (IPv6)-QoS Packet Scheduler-0000
2026-04-28T23:46:27.328+0300 [DEBUG] [org.gradle.internal.remote.internal.inet.InetAddresses] Is this a loopback interface? false
2026-04-28T23:46:27.328+0300 [DEBUG] [org.gradle.internal.remote.internal.inet.InetAddresses] Adding IP addresses for network interface WAN Miniport (Network Monitor)-WFP Native MAC Layer LightWeight Filter-0000
2026-04-28T23:46:27.329+0300 [DEBUG] [org.gradle.internal.remote.internal.inet.InetAddresses] Is this a loopback interface? false
2026-04-28T23:46:27.329+0300 [DEBUG] [org.gradle.internal.remote.internal.inet.InetAddresses] Adding IP addresses for network interface WAN Miniport (Network Monitor)-Realtek NDIS LightWeight Filter (NDIS 6.40)-0000
2026-04-28T23:46:27.331+0300 [DEBUG] [org.gradle.internal.remote.internal.inet.InetAddresses] Is this a loopback interface? false
2026-04-28T23:46:27.331+0300 [DEBUG] [org.gradle.internal.remote.internal.inet.InetAddresses] Adding IP addresses for network interface WAN Miniport (Network Monitor)-QoS Packet Scheduler-0000
2026-04-28T23:46:27.332+0300 [DEBUG] [org.gradle.internal.remote.internal.inet.InetAddresses] Is this a loopback interface? false
2026-04-28T23:46:27.333+0300 [DEBUG] [org.gradle.internal.remote.internal.inet.InetAddresses] Adding IP addresses for network interface Microsoft Kernel Debug Network Adapter
2026-04-28T23:46:27.334+0300 [DEBUG] [org.gradle.internal.remote.internal.inet.InetAddresses] Is this a loopback interface? false
2026-04-28T23:46:27.334+0300 [DEBUG] [org.gradle.internal.remote.internal.inet.InetAddresses] Adding IP addresses for network interface Realtek Gaming GbE Family Controller
2026-04-28T23:46:27.336+0300 [DEBUG] [org.gradle.internal.remote.internal.inet.InetAddresses] Is this a loopback interface? false
2026-04-28T23:46:27.336+0300 [DEBUG] [org.gradle.internal.remote.internal.inet.InetAddresses] Adding IP addresses for network interface VMware Virtual Ethernet Adapter for VMnet1
2026-04-28T23:46:27.337+0300 [DEBUG] [org.gradle.internal.remote.internal.inet.InetAddresses] Is this a loopback interface? false
2026-04-28T23:46:27.338+0300 [DEBUG] [org.gradle.internal.remote.internal.inet.InetAddresses] Adding IP addresses for network interface WAN Miniport (IP)
2026-04-28T23:46:27.339+0300 [DEBUG] [org.gradle.internal.remote.internal.inet.InetAddresses] Is this a loopback interface? false
2026-04-28T23:46:27.340+0300 [DEBUG] [org.gradle.internal.remote.internal.inet.InetAddresses] Adding IP addresses for network interface WAN Miniport (IPv6)
2026-04-28T23:46:27.341+0300 [DEBUG] [org.gradle.internal.remote.internal.inet.InetAddresses] Is this a loopback interface? false
2026-04-28T23:46:27.341+0300 [DEBUG] [org.gradle.internal.remote.internal.inet.InetAddresses] Adding IP addresses for network interface WAN Miniport (Network Monitor)
2026-04-28T23:46:27.342+0300 [DEBUG] [org.gradle.internal.remote.internal.inet.InetAddresses] Is this a loopback interface? false
2026-04-28T23:46:27.343+0300 [DEBUG] [org.gradle.internal.remote.internal.inet.InetAddresses] Adding IP addresses for network interface VMware Virtual Ethernet Adapter for VMnet8
2026-04-28T23:46:27.344+0300 [DEBUG] [org.gradle.internal.remote.internal.inet.InetAddresses] Is this a loopback interface? false
2026-04-28T23:46:27.344+0300 [DEBUG] [org.gradle.internal.remote.internal.inet.InetAddresses] Adding IP addresses for network interface Bluetooth Device (Personal Area Network)
2026-04-28T23:46:27.345+0300 [DEBUG] [org.gradle.internal.remote.internal.inet.InetAddresses] Is this a loopback interface? false
2026-04-28T23:46:27.346+0300 [DEBUG] [org.gradle.internal.remote.internal.inet.InetAddresses] Adding IP addresses for network interface WAN Miniport (PPPOE)
2026-04-28T23:46:27.347+0300 [DEBUG] [org.gradle.internal.remote.internal.inet.InetAddresses] Is this a loopback interface? false
2026-04-28T23:46:27.347+0300 [DEBUG] [org.gradle.internal.remote.internal.inet.InetAddresses] Adding IP addresses for network interface Software Loopback Interface 1
2026-04-28T23:46:27.348+0300 [DEBUG] [org.gradle.internal.remote.internal.inet.InetAddresses] Is this a loopback interface? true
2026-04-28T23:46:27.349+0300 [DEBUG] [org.gradle.internal.remote.internal.inet.InetAddresses] Adding loopback address /0:0:0:0:0:0:0:1
2026-04-28T23:46:27.350+0300 [DEBUG] [org.gradle.internal.remote.internal.inet.InetAddresses] Adding loopback address /127.0.0.1
2026-04-28T23:46:27.350+0300 [DEBUG] [org.gradle.internal.remote.internal.inet.InetAddresses] Adding IP addresses for network interface TAP-ProtonVPN Windows Adapter V9-WFP Native MAC Layer LightWeight Filter-0000
2026-04-28T23:46:27.352+0300 [DEBUG] [org.gradle.internal.remote.internal.inet.InetAddresses] Is this a loopback interface? false
2026-04-28T23:46:27.353+0300 [DEBUG] [org.gradle.internal.remote.internal.inet.InetAddresses] Adding IP addresses for network interface TAP-ProtonVPN Windows Adapter V9-Realtek NDIS LightWeight Filter (NDIS 6.40)-0000
2026-04-28T23:46:27.354+0300 [DEBUG] [org.gradle.internal.remote.internal.inet.InetAddresses] Is this a loopback interface? false
2026-04-28T23:46:27.354+0300 [DEBUG] [org.gradle.internal.remote.internal.inet.InetAddresses] Adding IP addresses for network interface TAP-ProtonVPN Windows Adapter V9-QoS Packet Scheduler-0000
2026-04-28T23:46:27.355+0300 [DEBUG] [org.gradle.internal.remote.internal.inet.InetAddresses] Is this a loopback interface? false
2026-04-28T23:46:27.356+0300 [DEBUG] [org.gradle.internal.remote.internal.inet.InetAddresses] Adding IP addresses for network interface TAP-ProtonVPN Windows Adapter V9-WFP 802.3 MAC Layer LightWeight Filter-0000
2026-04-28T23:46:27.357+0300 [DEBUG] [org.gradle.internal.remote.internal.inet.InetAddresses] Is this a loopback interface? false
2026-04-28T23:46:27.358+0300 [DEBUG] [org.gradle.internal.remote.internal.inet.InetAddresses] Adding IP addresses for network interface TAP-ProtonVPN Windows Adapter V9
2026-04-28T23:46:27.358+0300 [DEBUG] [org.gradle.internal.remote.internal.inet.InetAddresses] Is this a loopback interface? false
2026-04-28T23:46:27.359+0300 [DEBUG] [org.gradle.internal.remote.internal.inet.InetAddresses] Adding remote address /fe80:0:0:0:5a73:5f05:b309:a19d%iftype53_32768
2026-04-28T23:46:27.359+0300 [DEBUG] [org.gradle.internal.remote.internal.inet.InetAddresses] Adding IP addresses for network interface Realtek RTL8822CE 802.11ac PCIe Adapter-WFP Native MAC Layer LightWeight Filter-0000
2026-04-28T23:46:27.360+0300 [DEBUG] [org.gradle.internal.remote.internal.inet.InetAddresses] Is this a loopback interface? false
2026-04-28T23:46:27.361+0300 [DEBUG] [org.gradle.internal.remote.internal.inet.InetAddresses] Adding IP addresses for network interface Realtek RTL8822CE 802.11ac PCIe Adapter-Virtual WiFi Filter Driver-0000
2026-04-28T23:46:27.363+0300 [DEBUG] [org.gradle.internal.remote.internal.inet.InetAddresses] Is this a loopback interface? false
2026-04-28T23:46:27.364+0300 [DEBUG] [org.gradle.internal.remote.internal.inet.InetAddresses] Adding IP addresses for network interface Realtek RTL8822CE 802.11ac PCIe Adapter-Native WiFi Filter Driver-0000
2026-04-28T23:46:27.365+0300 [DEBUG] [org.gradle.internal.remote.internal.inet.InetAddresses] Is this a loopback interface? false
2026-04-28T23:46:27.366+0300 [DEBUG] [org.gradle.internal.remote.internal.inet.InetAddresses] Adding IP addresses for network interface Realtek RTL8822CE 802.11ac PCIe Adapter-Realtek NDIS LightWeight Filter (NDIS 6.40)-0000
2026-04-28T23:46:27.367+0300 [DEBUG] [org.gradle.internal.remote.internal.inet.InetAddresses] Is this a loopback interface? false
2026-04-28T23:46:27.368+0300 [DEBUG] [org.gradle.internal.remote.internal.inet.InetAddresses] Adding IP addresses for network interface Realtek RTL8822CE 802.11ac PCIe Adapter-QoS Packet Scheduler-0000
2026-04-28T23:46:27.369+0300 [DEBUG] [org.gradle.internal.remote.internal.inet.InetAddresses] Is this a loopback interface? false
2026-04-28T23:46:27.370+0300 [DEBUG] [org.gradle.internal.remote.internal.inet.InetAddresses] Adding IP addresses for network interface Realtek RTL8822CE 802.11ac PCIe Adapter-WFP 802.3 MAC Layer LightWeight Filter-0000
2026-04-28T23:46:27.371+0300 [DEBUG] [org.gradle.internal.remote.internal.inet.InetAddresses] Is this a loopback interface? false
2026-04-28T23:46:27.371+0300 [DEBUG] [org.gradle.internal.remote.internal.inet.InetAddresses] Adding IP addresses for network interface Microsoft Wi-Fi Direct Virtual Adapter-WFP Native MAC Layer LightWeight Filter-0000
2026-04-28T23:46:27.373+0300 [DEBUG] [org.gradle.internal.remote.internal.inet.InetAddresses] Is this a loopback interface? false
2026-04-28T23:46:27.373+0300 [DEBUG] [org.gradle.internal.remote.internal.inet.InetAddresses] Adding IP addresses for network interface Microsoft Wi-Fi Direct Virtual Adapter-Native WiFi Filter Driver-0000
2026-04-28T23:46:27.374+0300 [DEBUG] [org.gradle.internal.remote.internal.inet.InetAddresses] Is this a loopback interface? false
2026-04-28T23:46:27.374+0300 [DEBUG] [org.gradle.internal.remote.internal.inet.InetAddresses] Adding IP addresses for network interface Microsoft Wi-Fi Direct Virtual Adapter-Realtek NDIS LightWeight Filter (NDIS 6.40)-0000
2026-04-28T23:46:27.375+0300 [DEBUG] [org.gradle.internal.remote.internal.inet.InetAddresses] Is this a loopback interface? false
2026-04-28T23:46:27.375+0300 [DEBUG] [org.gradle.internal.remote.internal.inet.InetAddresses] Adding IP addresses for network interface Microsoft Wi-Fi Direct Virtual Adapter-QoS Packet Scheduler-0000
2026-04-28T23:46:27.376+0300 [DEBUG] [org.gradle.internal.remote.internal.inet.InetAddresses] Is this a loopback interface? false
2026-04-28T23:46:27.376+0300 [DEBUG] [org.gradle.internal.remote.internal.inet.InetAddresses] Adding IP addresses for network interface Microsoft Wi-Fi Direct Virtual Adapter-WFP 802.3 MAC Layer LightWeight Filter-0000
2026-04-28T23:46:27.377+0300 [DEBUG] [org.gradle.internal.remote.internal.inet.InetAddresses] Is this a loopback interface? false
2026-04-28T23:46:27.378+0300 [DEBUG] [org.gradle.internal.remote.internal.inet.InetAddresses] Adding IP addresses for network interface Microsoft Wi-Fi Direct Virtual Adapter #2-WFP Native MAC Layer LightWeight Filter-0000
2026-04-28T23:46:27.378+0300 [DEBUG] [org.gradle.internal.remote.internal.inet.InetAddresses] Is this a loopback interface? false
2026-04-28T23:46:27.379+0300 [DEBUG] [org.gradle.internal.remote.internal.inet.InetAddresses] Adding IP addresses for network interface Microsoft Wi-Fi Direct Virtual Adapter #2-Native WiFi Filter Driver-0000
2026-04-28T23:46:27.379+0300 [DEBUG] [org.gradle.internal.remote.internal.inet.InetAddresses] Is this a loopback interface? false
2026-04-28T23:46:27.380+0300 [DEBUG] [org.gradle.internal.remote.internal.inet.InetAddresses] Adding IP addresses for network interface Microsoft Wi-Fi Direct Virtual Adapter #2-Realtek NDIS LightWeight Filter (NDIS 6.40)-0000
2026-04-28T23:46:27.381+0300 [DEBUG] [org.gradle.internal.remote.internal.inet.InetAddresses] Is this a loopback interface? false
2026-04-28T23:46:27.381+0300 [DEBUG] [org.gradle.internal.remote.internal.inet.InetAddresses] Adding IP addresses for network interface Microsoft Wi-Fi Direct Virtual Adapter #2-QoS Packet Scheduler-0000
2026-04-28T23:46:27.382+0300 [DEBUG] [org.gradle.internal.remote.internal.inet.InetAddresses] Is this a loopback interface? false
2026-04-28T23:46:27.382+0300 [DEBUG] [org.gradle.internal.remote.internal.inet.InetAddresses] Adding IP addresses for network interface Microsoft Wi-Fi Direct Virtual Adapter #2-WFP 802.3 MAC Layer LightWeight Filter-0000
2026-04-28T23:46:27.383+0300 [DEBUG] [org.gradle.internal.remote.internal.inet.InetAddresses] Is this a loopback interface? false
2026-04-28T23:46:27.384+0300 [DEBUG] [org.gradle.internal.remote.internal.inet.InetAddresses] Adding IP addresses for network interface Realtek RTL8822CE 802.11ac PCIe Adapter
2026-04-28T23:46:27.384+0300 [DEBUG] [org.gradle.internal.remote.internal.inet.InetAddresses] Is this a loopback interface? false
2026-04-28T23:46:27.385+0300 [DEBUG] [org.gradle.internal.remote.internal.inet.InetAddresses] Adding remote address /192.168.1.120
2026-04-28T23:46:27.386+0300 [DEBUG] [org.gradle.internal.remote.internal.inet.InetAddresses] Adding IP addresses for network interface Microsoft Wi-Fi Direct Virtual Adapter
2026-04-28T23:46:27.386+0300 [DEBUG] [org.gradle.internal.remote.internal.inet.InetAddresses] Is this a loopback interface? false
2026-04-28T23:46:27.387+0300 [DEBUG] [org.gradle.internal.remote.internal.inet.InetAddresses] Adding IP addresses for network interface Microsoft Wi-Fi Direct Virtual Adapter #2
2026-04-28T23:46:27.388+0300 [DEBUG] [org.gradle.internal.remote.internal.inet.InetAddresses] Is this a loopback interface? false
2026-04-28T23:46:27.388+0300 [DEBUG] [org.gradle.internal.remote.internal.inet.InetAddresses] Adding IP addresses for network interface 802.11n USB Wireless LAN Card
2026-04-28T23:46:27.389+0300 [DEBUG] [org.gradle.internal.remote.internal.inet.InetAddresses] Is this a loopback interface? false
2026-04-28T23:46:27.389+0300 [DEBUG] [org.gradle.internal.remote.internal.inet.InetAddresses] Adding IP addresses for network interface Microsoft Teredo Tunneling Adapter
2026-04-28T23:46:27.390+0300 [DEBUG] [org.gradle.internal.remote.internal.inet.InetAddresses] Is this a loopback interface? false
2026-04-28T23:46:27.390+0300 [DEBUG] [org.gradle.internal.remote.internal.inet.InetAddresses] Adding IP addresses for network interface Microsoft IP-HTTPS Platform Adapter
2026-04-28T23:46:27.391+0300 [DEBUG] [org.gradle.internal.remote.internal.inet.InetAddresses] Is this a loopback interface? false
2026-04-28T23:46:27.391+0300 [DEBUG] [org.gradle.internal.remote.internal.inet.InetAddresses] Adding IP addresses for network interface Microsoft 6to4 Adapter
2026-04-28T23:46:27.391+0300 [DEBUG] [org.gradle.internal.remote.internal.inet.InetAddresses] Is this a loopback interface? false
2026-04-28T23:46:27.392+0300 [DEBUG] [org.gradle.internal.remote.internal.inet.InetAddresses] Adding IP addresses for network interface WAN Miniport (SSTP)
2026-04-28T23:46:27.392+0300 [DEBUG] [org.gradle.internal.remote.internal.inet.InetAddresses] Is this a loopback interface? false
2026-04-28T23:46:27.393+0300 [DEBUG] [org.gradle.internal.remote.internal.inet.InetAddresses] Adding IP addresses for network interface WAN Miniport (IKEv2)
2026-04-28T23:46:27.393+0300 [DEBUG] [org.gradle.internal.remote.internal.inet.InetAddresses] Is this a loopback interface? false
2026-04-28T23:46:27.393+0300 [DEBUG] [org.gradle.internal.remote.internal.inet.InetAddresses] Adding IP addresses for network interface WAN Miniport (L2TP)
2026-04-28T23:46:27.394+0300 [DEBUG] [org.gradle.internal.remote.internal.inet.InetAddresses] Is this a loopback interface? false
2026-04-28T23:46:27.394+0300 [DEBUG] [org.gradle.internal.remote.internal.inet.InetAddresses] Adding IP addresses for network interface WAN Miniport (PPTP)
2026-04-28T23:46:27.395+0300 [DEBUG] [org.gradle.internal.remote.internal.inet.InetAddresses] Is this a loopback interface? false
2026-04-28T23:46:27.433+0300 [DEBUG] [org.gradle.internal.nativeintegration.services.NativeServices] Native-platform posix files integration is not available. Continuing with fallback.
2026-04-28T23:46:27.543+0300 [INFO] [org.gradle.launcher.daemon.server.Daemon] start() called on daemon - DefaultDaemonContext[uid=841063e1-fb75-4794-b3b0-6300c32adda4,javaHome=C:\Program Files\Android\Android Studio\jbr,javaVersion=21,javaVendor=JetBrains s.r.o.,daemonRegistryDir=C:\Users\MOHANNED\Desktop\rr\daemon,pid=15724,idleTimeout=10800000,priority=NORMAL,applyInstrumentationAgent=true,nativeServicesMode=ENABLED,daemonOpts=-Xmx1536M,-Dfile.encoding=UTF-8,-Duser.country=US,-Duser.language=en,-Duser.variant]
2026-04-28T23:46:27.896+0300 [DEBUG] [org.gradle.internal.remote.internal.inet.TcpIncomingConnector] Listening on [69981fdb-87a2-48b3-8505-8885edc3a86c port:56654, addresses:[localhost/127.0.0.1]].
2026-04-28T23:46:27.960+0300 [DEBUG] [org.gradle.launcher.daemon.server.Daemon] Daemon starting at: Tue Apr 28 23:46:27 EEST 2026, with address: [69981fdb-87a2-48b3-8505-8885edc3a86c port:56654, addresses:[localhost/127.0.0.1]]
2026-04-28T23:46:27.960+0300 [INFO] [org.gradle.launcher.daemon.server.DaemonRegistryUpdater] Advertising the daemon address to the clients: [69981fdb-87a2-48b3-8505-8885edc3a86c port:56654, addresses:[localhost/127.0.0.1]]
2026-04-28T23:46:27.961+0300 [DEBUG] [org.gradle.launcher.daemon.server.DaemonRegistryUpdater] Advertised daemon context: DefaultDaemonContext[uid=841063e1-fb75-4794-b3b0-6300c32adda4,javaHome=C:\Program Files\Android\Android Studio\jbr,javaVersion=21,javaVendor=JetBrains s.r.o.,daemonRegistryDir=C:\Users\MOHANNED\Desktop\rr\daemon,pid=15724,idleTimeout=10800000,priority=NORMAL,applyInstrumentationAgent=true,nativeServicesMode=ENABLED,daemonOpts=-Xmx1536M,-Dfile.encoding=UTF-8,-Duser.country=US,-Duser.language=en,-Duser.variant]
2026-04-28T23:46:27.963+0300 [DEBUG] [org.gradle.launcher.daemon.registry.PersistentDaemonRegistry] Storing daemon address: [69981fdb-87a2-48b3-8505-8885edc3a86c port:56654, addresses:[localhost/127.0.0.1]], context: DefaultDaemonContext[uid=841063e1-fb75-4794-b3b0-6300c32adda4,javaHome=C:\Program Files\Android\Android Studio\jbr,javaVersion=21,javaVendor=JetBrains s.r.o.,daemonRegistryDir=C:\Users\MOHANNED\Desktop\rr\daemon,pid=15724,idleTimeout=10800000,priority=NORMAL,applyInstrumentationAgent=true,nativeServicesMode=ENABLED,daemonOpts=-Xmx1536M,-Dfile.encoding=UTF-8,-Duser.country=US,-Duser.language=en,-Duser.variant]
2026-04-28T23:46:27.987+0300 [DEBUG] [org.gradle.cache.internal.DefaultFileLockManager] Waiting to acquire exclusive lock on daemon addresses registry.
2026-04-28T23:46:28.000+0300 [DEBUG] [org.gradle.cache.internal.DefaultFileLockManager] Lock acquired on daemon addresses registry.
2026-04-28T23:46:28.018+0300 [DEBUG] [org.gradle.cache.internal.DefaultFileLockManager] Releasing lock on daemon addresses registry.
2026-04-28T23:46:28.020+0300 [LIFECYCLE] [org.gradle.launcher.daemon.server.Daemon] Daemon server started.
2026-04-28T23:46:28.023+0300 [DEBUG] [org.gradle.launcher.daemon.bootstrap.DaemonStartupCommunication] Completed writing the daemon greeting. Closing streams...
2026-04-28T23:46:28.033+0300 [DEBUG] [org.gradle.internal.remote.internal.inet.TcpIncomingConnector] Accepted connection from /127.0.0.1:56655 to /127.0.0.1:56654.
2026-04-28T23:46:28.105+0300 [DEBUG] [org.gradle.launcher.daemon.server.Daemon] stopOnExpiration() called on daemon
2026-04-28T23:46:28.108+0300 [DEBUG] [org.gradle.launcher.daemon.server.Daemon] awaitExpiration() called on daemon
2026-04-28T23:46:28.110+0300 [DEBUG] [org.gradle.launcher.daemon.server.DaemonStateCoordinator] daemon is running. Sleeping until state changes.
2026-04-28T23:46:28.371+0300 [DEBUG] [org.gradle.launcher.daemon.server.SynchronizedDispatchConnection] thread 33: received class org.gradle.launcher.daemon.protocol.Build
2026-04-28T23:46:28.372+0300 [DEBUG] [org.gradle.launcher.daemon.server.DefaultDaemonConnection] thread 33: Received non-IO message from client: Build{id=28780eef-80f1-41cb-a782-db5abe159e19, currentDir=C:\Users\MOHANNED\Desktop\rr}
2026-04-28T23:46:28.373+0300 [INFO] [org.gradle.launcher.daemon.server.DefaultIncomingConnectionHandler] Received command: Build{id=28780eef-80f1-41cb-a782-db5abe159e19, currentDir=C:\Users\MOHANNED\Desktop\rr}.
2026-04-28T23:46:28.374+0300 [DEBUG] [org.gradle.launcher.daemon.server.DefaultIncomingConnectionHandler] Starting executing command: Build{id=28780eef-80f1-41cb-a782-db5abe159e19, currentDir=C:\Users\MOHANNED\Desktop\rr} with connection: socket connection from /127.0.0.1:56654 to /127.0.0.1:56655.
2026-04-28T23:46:28.381+0300 [DEBUG] [org.gradle.launcher.daemon.server.DaemonStateCoordinator] Command execution: started DaemonCommandExecution[command = Build{id=28780eef-80f1-41cb-a782-db5abe159e19, currentDir=C:\Users\MOHANNED\Desktop\rr}, connection = DefaultDaemonConnection: socket connection from /127.0.0.1:56654 to /127.0.0.1:56655] after 0.008366666666666666 minutes of idle
2026-04-28T23:46:28.382+0300 [INFO] [org.gradle.launcher.daemon.server.DaemonRegistryUpdater] Marking the daemon as busy, address: [69981fdb-87a2-48b3-8505-8885edc3a86c port:56654, addresses:[localhost/127.0.0.1]]
2026-04-28T23:46:28.382+0300 [DEBUG] [org.gradle.launcher.daemon.registry.PersistentDaemonRegistry] Marking busy by address: [69981fdb-87a2-48b3-8505-8885edc3a86c port:56654, addresses:[localhost/127.0.0.1]]
2026-04-28T23:46:28.385+0300 [DEBUG] [org.gradle.cache.internal.DefaultFileLockManager] Waiting to acquire exclusive lock on daemon addresses registry.
2026-04-28T23:46:28.387+0300 [DEBUG] [org.gradle.cache.internal.DefaultFileLockManager] Lock acquired on daemon addresses registry.
2026-04-28T23:46:28.390+0300 [DEBUG] [org.gradle.cache.internal.DefaultFileLockManager] Releasing lock on daemon addresses registry.
2026-04-28T23:46:28.391+0300 [DEBUG] [org.gradle.launcher.daemon.server.DaemonStateCoordinator] resetting idle timer
2026-04-28T23:46:28.392+0300 [DEBUG] [org.gradle.launcher.daemon.server.DaemonStateCoordinator] daemon is running. Sleeping until state changes.
2026-04-28T23:46:28.394+0300 [INFO] [org.gradle.launcher.daemon.server.exec.StartBuildOrRespondWithBusy] Daemon is about to start building Build{id=28780eef-80f1-41cb-a782-db5abe159e19, currentDir=C:\Users\MOHANNED\Desktop\rr}. Dispatching build started information...
2026-04-28T23:46:28.394+0300 [DEBUG] [org.gradle.launcher.daemon.server.SynchronizedDispatchConnection] thread 35: dispatching org.gradle.launcher.daemon.protocol.BuildStarted@2ad9dfae
2026-04-28T23:46:28.399+0300 [DEBUG] [org.gradle.launcher.daemon.server.exec.EstablishBuildEnvironment] Configuring env variables: [USERDOMAIN_ROAMINGPROFILE, PROCESSOR_LEVEL, SESSIONNAME, ALLUSERSPROFILE, PROCESSOR_ARCHITECTURE, PSModulePath, SystemDrive, EFC_10108_3789132940, USERNAME, ProgramFiles(x86), FPS_BROWSER_USER_PROFILE_STRING, PATHEXT, DriverData, ProgramData, ProgramW6432, HOMEPATH, LC_ALL, PROCESSOR_IDENTIFIER, ProgramFiles, PUBLIC, windir, =::, ZES_ENABLE_SYSMAN, LOCALAPPDATA, USERDOMAIN, LOGONSERVER, FPS_BROWSER_APP_PROFILE_STRING, EFC_10108_1592913036, LANG, OneDrive, APPDATA, EFC_10108_2283032206, EFC_10108_1262719628, VBOX_MSI_INSTALL_PATH, CommonProgramFiles, Path, OS, COMPUTERNAME, EFC_10108_2775293581, PROCESSOR_REVISION, CommonProgramW6432, ComSpec, TEMP, SystemRoot, HOMEDRIVE, USERPROFILE, TMP, CommonProgramFiles(x86), NUMBER_OF_PROCESSORS]
2026-04-28T23:46:28.413+0300 [DEBUG] [org.gradle.launcher.daemon.server.exec.LogToClient] About to start relaying all logs to the client via the connection.
2026-04-28T23:46:28.413+0300 [INFO] [org.gradle.launcher.daemon.server.exec.LogToClient] The client will now receive all logging from the daemon (pid: 15724). The daemon log file: C:\Users\MOHANNED\Desktop\rr\daemon\8.14.3\daemon-15724.out.log
2026-04-28T23:46:28.420+0300 [INFO] [org.gradle.launcher.daemon.server.exec.LogAndCheckHealth] Starting build in new daemon [memory: 1.5 GiB]
2026-04-28T23:46:28.424+0300 [DEBUG] [org.gradle.launcher.daemon.server.exec.ExecuteBuild] The daemon has started executing the build.
2026-04-28T23:46:28.425+0300 [DEBUG] [org.gradle.launcher.daemon.server.exec.ExecuteBuild] Executing build with daemon context: DefaultDaemonContext[uid=841063e1-fb75-4794-b3b0-6300c32adda4,javaHome=C:\Program Files\Android\Android Studio\jbr,javaVersion=21,javaVendor=JetBrains s.r.o.,daemonRegistryDir=C:\Users\MOHANNED\Desktop\rr\daemon,pid=15724,idleTimeout=10800000,priority=NORMAL,applyInstrumentationAgent=true,nativeServicesMode=ENABLED,daemonOpts=-Xmx1536M,-Dfile.encoding=UTF-8,-Duser.country=US,-Duser.language=en,-Duser.variant]
Reusing configuration cache.
w: file:///C:/Users/MOHANNED/Desktop/rr/composeApp/src/androidMain/kotlin/org/mohanned/rawdatyci_cdapp/core/util/ConnectivityObserver.kt:14:1 'expect'/'actual' classes (including interfaces, objects, annotations, enums, and 'actual' typealiases) are in Beta. Consider using the '-Xexpect-actual-classes' flag to suppress this warning. Also see: https://youtrack.jetbrains.com/issue/KT-61573
w: file:///C:/Users/MOHANNED/Desktop/rr/composeApp/src/androidMain/kotlin/org/mohanned/rawdatyci_cdapp/core/util/ConnectivityObserver.kt:17:5 'expect'/'actual' classes (including interfaces, objects, annotations, enums, and 'actual' typealiases) are in Beta. Consider using the '-Xexpect-actual-classes' flag to suppress this warning. Also see: https://youtrack.jetbrains.com/issue/KT-61573
w: file:///C:/Users/MOHANNED/Desktop/rr/composeApp/src/commonMain/kotlin/org/mohanned/rawdatyci_cdapp/core/util/ConnectivityObserver.kt:5:1 'expect'/'actual' classes (including interfaces, objects, annotations, enums, and 'actual' typealiases) are in Beta. Consider using the '-Xexpect-actual-classes' flag to suppress this warning. Also see: https://youtrack.jetbrains.com/issue/KT-61573
w: file:///C:/Users/MOHANNED/Desktop/rr/composeApp/src/commonMain/kotlin/org/mohanned/rawdatyci_cdapp/core/util/ConnectivityObserver.kt:8:16 'expect'/'actual' classes (including interfaces, objects, annotations, enums, and 'actual' typealiases) are in Beta. Consider using the '-Xexpect-actual-classes' flag to suppress this warning. Also see: https://youtrack.jetbrains.com/issue/KT-61573
w: file:///C:/Users/MOHANNED/Desktop/rr/composeApp/src/commonMain/kotlin/org/mohanned/rawdatyci_cdapp/data/repository/ChatRepositoryImpl.kt:23:26 Unchecked cast of 'ApiResponse<List<ConversationDto>>' to 'ApiResponse<PaginatedResult<Conversation>>'.
w: file:///C:/Users/MOHANNED/Desktop/rr/composeApp/src/commonMain/kotlin/org/mohanned/rawdatyci_cdapp/data/repository/ChatRepositoryImpl.kt:36:26 Unchecked cast of 'ApiResponse<ApiListDto<MessageDto>>' to 'ApiResponse<PaginatedResult<Message>>'.
w: file:///C:/Users/MOHANNED/Desktop/rr/composeApp/src/commonMain/kotlin/org/mohanned/rawdatyci_cdapp/data/repository/ChatRepositoryImpl.kt:49:26 Unchecked cast of 'ApiResponse<MessageDto>' to 'ApiResponse<Message>'.
w: file:///C:/Users/MOHANNED/Desktop/rr/composeApp/src/commonMain/kotlin/org/mohanned/rawdatyci_cdapp/data/repository/ChatRepositoryImpl.kt:62:26 Unchecked cast of 'ApiResponse<ConversationDto>' to 'ApiResponse<Conversation>'.
w: file:///C:/Users/MOHANNED/Desktop/rr/composeApp/src/commonMain/kotlin/org/mohanned/rawdatyci_cdapp/data/repository/ChildrenRepositoryImpl.kt:22:26 Unchecked cast of 'ApiResponse<ApiListDto<ChildDto>>' to 'ApiResponse<PaginatedResult<Child>>'.
w: file:///C:/Users/MOHANNED/Desktop/rr/composeApp/src/commonMain/kotlin/org/mohanned/rawdatyci_cdapp/data/repository/ChildrenRepositoryImpl.kt:35:26 Unchecked cast of 'ApiResponse<ApiListDto<ChildDto>>' to 'ApiResponse<PaginatedResult<Child>>'.
w: file:///C:/Users/MOHANNED/Desktop/rr/composeApp/src/commonMain/kotlin/org/mohanned/rawdatyci_cdapp/data/repository/ChildrenRepositoryImpl.kt:48:26 Unchecked cast of 'ApiResponse<ChildDto>' to 'ApiResponse<Child>'.
w: file:///C:/Users/MOHANNED/Desktop/rr/composeApp/src/commonMain/kotlin/org/mohanned/rawdatyci_cdapp/data/repository/ChildrenRepositoryImpl.kt:64:26 Unchecked cast of 'ApiResponse<ChildDto>' to 'ApiResponse<Child>'.
w: file:///C:/Users/MOHANNED/Desktop/rr/composeApp/src/commonMain/kotlin/org/mohanned/rawdatyci_cdapp/data/repository/ClassesRepositoryImpl.kt:21:26 Unchecked cast of 'ApiResponse<ApiListDto<ClassDto>>' to 'ApiResponse<PaginatedResult<Classroom>>'.
w: file:///C:/Users/MOHANNED/Desktop/rr/composeApp/src/commonMain/kotlin/org/mohanned/rawdatyci_cdapp/data/repository/ClassesRepositoryImpl.kt:34:26 Unchecked cast of 'ApiResponse<ClassDto>' to 'ApiResponse<Classroom>'.
w: file:///C:/Users/MOHANNED/Desktop/rr/composeApp/src/commonMain/kotlin/org/mohanned/rawdatyci_cdapp/data/repository/ClassesRepositoryImpl.kt:47:26 Unchecked cast of 'ApiResponse<ClassDto>' to 'ApiResponse<Classroom>'.
w: file:///C:/Users/MOHANNED/Desktop/rr/composeApp/src/commonMain/kotlin/org/mohanned/rawdatyci_cdapp/data/repository/ClassesRepositoryImpl.kt:60:26 Unchecked cast of 'ApiResponse<ClassDto>' to 'ApiResponse<Classroom>'.
w: file:///C:/Users/MOHANNED/Desktop/rr/composeApp/src/commonMain/kotlin/org/mohanned/rawdatyci_cdapp/data/repository/ComplaintsRepositoryImpl.kt:20:26 Unchecked cast of 'ApiResponse<ApiListDto<ComplaintDto>>' to 'ApiResponse<PaginatedResult<Complaint>>'.
w: file:///C:/Users/MOHANNED/Desktop/rr/composeApp/src/commonMain/kotlin/org/mohanned/rawdatyci_cdapp/data/repository/ComplaintsRepositoryImpl.kt:33:26 Unchecked cast of 'ApiResponse<ComplaintDto>' to 'ApiResponse<Complaint>'.
w: file:///C:/Users/MOHANNED/Desktop/rr/composeApp/src/commonMain/kotlin/org/mohanned/rawdatyci_cdapp/data/repository/ComplaintsRepositoryImpl.kt:46:26 Unchecked cast of 'ApiResponse<ComplaintDto>' to 'ApiResponse<Complaint>'.
w: file:///C:/Users/MOHANNED/Desktop/rr/composeApp/src/commonMain/kotlin/org/mohanned/rawdatyci_cdapp/data/repository/ComplaintsRepositoryImpl.kt:59:26 Unchecked cast of 'ApiResponse<ComplaintDto>' to 'ApiResponse<Complaint>'.
w: file:///C:/Users/MOHANNED/Desktop/rr/composeApp/src/commonMain/kotlin/org/mohanned/rawdatyci_cdapp/data/repository/GamesRepositoryImpl.kt:21:26 Unchecked cast of 'ApiResponse<List<GameQuestionDto>>' to 'ApiResponse<List<GameQuestion>>'.
w: file:///C:/Users/MOHANNED/Desktop/rr/composeApp/src/commonMain/kotlin/org/mohanned/rawdatyci_cdapp/data/repository/GamesRepositoryImpl.kt:58:26 Unchecked cast of 'ApiResponse<GameQuestionDto>' to 'ApiResponse<GameQuestion>'.
w: file:///C:/Users/MOHANNED/Desktop/rr/composeApp/src/commonMain/kotlin/org/mohanned/rawdatyci_cdapp/data/repository/NewsRepositoryImpl.kt:20:26 Unchecked cast of 'ApiResponse<ApiListDto<NewsDto>>' to 'ApiResponse<PaginatedResult<News>>'.
w: file:///C:/Users/MOHANNED/Desktop/rr/composeApp/src/commonMain/kotlin/org/mohanned/rawdatyci_cdapp/data/repository/NewsRepositoryImpl.kt:33:26 Unchecked cast of 'ApiResponse<ApiListDto<NewsDto>>' to 'ApiResponse<List<News>>'.
w: file:///C:/Users/MOHANNED/Desktop/rr/composeApp/src/commonMain/kotlin/org/mohanned/rawdatyci_cdapp/data/repository/NewsRepositoryImpl.kt:46:26 Unchecked cast of 'ApiResponse<NewsDto>' to 'ApiResponse<News>'.
w: file:///C:/Users/MOHANNED/Desktop/rr/composeApp/src/commonMain/kotlin/org/mohanned/rawdatyci_cdapp/data/repository/NewsRepositoryImpl.kt:59:26 Unchecked cast of 'ApiResponse<NewsDto>' to 'ApiResponse<News>'.
w: file:///C:/Users/MOHANNED/Desktop/rr/composeApp/src/commonMain/kotlin/org/mohanned/rawdatyci_cdapp/data/repository/NewsRepositoryImpl.kt:72:26 Unchecked cast of 'ApiResponse<NewsDto>' to 'ApiResponse<News>'.
w: file:///C:/Users/MOHANNED/Desktop/rr/composeApp/src/commonMain/kotlin/org/mohanned/rawdatyci_cdapp/data/repository/NotificationsRepositoryImpl.kt:20:26 Unchecked cast of 'ApiResponse<ApiListDto<NotificationDto>>' to 'ApiResponse<PaginatedResult<AppNotification>>'.
w: file:///C:/Users/MOHANNED/Desktop/rr/composeApp/src/commonMain/kotlin/org/mohanned/rawdatyci_cdapp/data/repository/SettingsRepositoryImpl.kt:19:26 Unchecked cast of 'ApiResponse<SettingsDto>' to 'ApiResponse<KindergartenSettings>'.
w: file:///C:/Users/MOHANNED/Desktop/rr/composeApp/src/commonMain/kotlin/org/mohanned/rawdatyci_cdapp/data/repository/SettingsRepositoryImpl.kt:43:26 Unchecked cast of 'ApiResponse<SettingsDto>' to 'ApiResponse<KindergartenSettings>'.
w: file:///C:/Users/MOHANNED/Desktop/rr/composeApp/src/commonMain/kotlin/org/mohanned/rawdatyci_cdapp/presentation/components/Components.kt:1065:13 'fun quadraticBezierTo(x1: Float, y1: Float, x2: Float, y2: Float): Unit' is deprecated. Use quadraticTo() for consistency with cubicTo().
w: file:///C:/Users/MOHANNED/Desktop/rr/composeApp/src/commonMain/kotlin/org/mohanned/rawdatyci_cdapp/presentation/screens/admin/AdminAddClassroomScreen.kt:114:68 'fun Modifier.menuAnchor(): Modifier' is deprecated. Use overload that takes ExposedDropdownMenuAnchorType and enabled parameters.
w: file:///C:/Users/MOHANNED/Desktop/rr/composeApp/src/commonMain/kotlin/org/mohanned/rawdatyci_cdapp/presentation/screens/admin/AdminComplaintDetailScreen.kt:76:29 'fun Divider(modifier: Modifier = ..., thickness: Dp = ..., color: Color = ...): Unit' is deprecated. Renamed to HorizontalDivider.
w: file:///C:/Users/MOHANNED/Desktop/rr/composeApp/src/commonMain/kotlin/org/mohanned/rawdatyci_cdapp/presentation/screens/admin/AdminComplaintDetailScreen.kt:86:54 Elvis operator (?:) always returns the left operand of non-nullable type 'String'.
w: file:///C:/Users/MOHANNED/Desktop/rr/composeApp/src/commonMain/kotlin/org/mohanned/rawdatyci_cdapp/presentation/screens/admin/AdminComplaintsScreen.kt:207:50 Elvis operator (?:) always returns the left operand of non-nullable type 'String'.
w: file:///C:/Users/MOHANNED/Desktop/rr/composeApp/src/commonMain/kotlin/org/mohanned/rawdatyci_cdapp/presentation/screens/admin/AdminNewsScreen.kt:161:83 'val Icons.Filled.Article: ImageVector' is deprecated. Use the AutoMirrored version at Icons.AutoMirrored.Filled.Article.
w: file:///C:/Users/MOHANNED/Desktop/rr/composeApp/src/commonMain/kotlin/org/mohanned/rawdatyci_cdapp/presentation/screens/admin/AdminRolesScreen.kt:45:44 'fun centerAlignedTopAppBarColors(containerColor: Color = ..., scrolledContainerColor: Color = ..., navigationIconContentColor: Color = ..., titleContentColor: Color = ..., actionIconContentColor: Color = ...): TopAppBarColors' is deprecated. Use topAppBarColors instead.
w: file:///C:/Users/MOHANNED/Desktop/rr/composeApp/src/commonMain/kotlin/org/mohanned/rawdatyci_cdapp/presentation/screens/parent/ParentAddComplaintScreen.kt:124:42 'val Icons.Filled.Send: ImageVector' is deprecated. Use the AutoMirrored version at Icons.AutoMirrored.Filled.Send.
w: file:///C:/Users/MOHANNED/Desktop/rr/composeApp/src/commonMain/kotlin/org/mohanned/rawdatyci_cdapp/presentation/screens/parent/ParentAttendanceScreen.kt:157:46 'val Icons.Filled.EventNote: ImageVector' is deprecated. Use the AutoMirrored version at Icons.AutoMirrored.Filled.EventNote.
w: file:///C:/Users/MOHANNED/Desktop/rr/composeApp/src/commonMain/kotlin/org/mohanned/rawdatyci_cdapp/presentation/screens/parent/ParentAttendanceScreen.kt:223:38 Unnecessary non-null assertion (!!) on a non-null receiver of type 'String'.
w: file:///C:/Users/MOHANNED/Desktop/rr/composeApp/src/commonMain/kotlin/org/mohanned/rawdatyci_cdapp/presentation/screens/parent/ParentChildDetailScreen.kt:237:33 Elvis operator (?:) always returns the left operand of non-nullable type 'String'.
w: file:///C:/Users/MOHANNED/Desktop/rr/composeApp/src/commonMain/kotlin/org/mohanned/rawdatyci_cdapp/presentation/screens/parent/ParentComplaintsScreen.kt:153:44 Unnecessary non-null assertion (!!) on a non-null receiver of type 'String'.
w: file:///C:/Users/MOHANNED/Desktop/rr/composeApp/src/commonMain/kotlin/org/mohanned/rawdatyci_cdapp/presentation/screens/parent/ParentDetailContentScreen.kt:92:21 'fun Divider(modifier: Modifier = ..., thickness: Dp = ..., color: Color = ...): Unit' is deprecated. Renamed to HorizontalDivider.
w: file:///C:/Users/MOHANNED/Desktop/rr/composeApp/src/commonMain/kotlin/org/mohanned/rawdatyci_cdapp/presentation/screens/parent/ParentHomeScreen.kt:202:61 'val Icons.Outlined.Chat: ImageVector' is deprecated. Use the AutoMirrored version at Icons.AutoMirrored.Outlined.Chat.
w: file:///C:/Users/MOHANNED/Desktop/rr/composeApp/src/commonMain/kotlin/org/mohanned/rawdatyci_cdapp/presentation/screens/parent/ParentPlayGameScreen.kt:45:67 This cast can never succeed.
w: file:///C:/Users/MOHANNED/Desktop/rr/composeApp/src/commonMain/kotlin/org/mohanned/rawdatyci_cdapp/presentation/screens/parent/ParentPlayGameScreen.kt:105:91 This cast can never succeed.
w: file:///C:/Users/MOHANNED/Desktop/rr/composeApp/src/commonMain/kotlin/org/mohanned/rawdatyci_cdapp/presentation/screens/shared/EditProfileScreen.kt:79:44 'fun centerAlignedTopAppBarColors(containerColor: Color = ..., scrolledContainerColor: Color = ..., navigationIconContentColor: Color = ..., titleContentColor: Color = ..., actionIconContentColor: Color = ...): TopAppBarColors' is deprecated. Use topAppBarColors instead.
w: file:///C:/Users/MOHANNED/Desktop/rr/composeApp/src/commonMain/kotlin/org/mohanned/rawdatyci_cdapp/presentation/screens/shared/NewsDetailScreen.kt:98:25 'fun Divider(modifier: Modifier = ..., thickness: Dp = ..., color: Color = ...): Unit' is deprecated. Renamed to HorizontalDivider.
w: file:///C:/Users/MOHANNED/Desktop/rr/composeApp/src/commonMain/kotlin/org/mohanned/rawdatyci_cdapp/presentation/screens/shared/NotificationDetailScreen.kt:65:44 'fun centerAlignedTopAppBarColors(containerColor: Color = ..., scrolledContainerColor: Color = ..., navigationIconContentColor: Color = ..., titleContentColor: Color = ..., actionIconContentColor: Color = ...): TopAppBarColors' is deprecated. Use topAppBarColors instead.
w: file:///C:/Users/MOHANNED/Desktop/rr/composeApp/src/commonMain/kotlin/org/mohanned/rawdatyci_cdapp/presentation/screens/shared/ProfileScreen.kt:127:40 'val Icons.Filled.ArrowForward: ImageVector' is deprecated. Use the AutoMirrored version at Icons.AutoMirrored.Filled.ArrowForward.
w: file:///C:/Users/MOHANNED/Desktop/rr/composeApp/src/commonMain/kotlin/org/mohanned/rawdatyci_cdapp/presentation/screens/shared/ProfileScreen.kt:326:47 'val Icons.Filled.Logout: ImageVector' is deprecated. Use the AutoMirrored version at Icons.AutoMirrored.Filled.Logout.
w: file:///C:/Users/MOHANNED/Desktop/rr/composeApp/src/commonMain/kotlin/org/mohanned/rawdatyci_cdapp/presentation/screens/teacher/ChatConversationsScreen.kt:82:46 'val Icons.Filled.Chat: ImageVector' is deprecated. Use the AutoMirrored version at Icons.AutoMirrored.Filled.Chat.
w: file:///C:/Users/MOHANNED/Desktop/rr/composeApp/src/commonMain/kotlin/org/mohanned/rawdatyci_cdapp/presentation/screens/teacher/TeacherComplaintsScreen.kt:127:53 Elvis operator (?:) always returns the left operand of non-nullable type 'String'.
w: file:///C:/Users/MOHANNED/Desktop/rr/composeApp/src/commonMain/kotlin/org/mohanned/rawdatyci_cdapp/presentation/screens/teacher/TeacherHomeScreen.kt:251:44 'val Icons.Outlined.Chat: ImageVector' is deprecated. Use the AutoMirrored version at Icons.AutoMirrored.Outlined.Chat.
w: file:///C:/Users/MOHANNED/Desktop/rr/composeApp/src/commonMain/kotlin/org/mohanned/rawdatyci_cdapp/presentation/screens/teacher/TeacherHomeScreen.kt:350:13 'fun quadraticBezierTo(x1: Float, y1: Float, x2: Float, y2: Float): Unit' is deprecated. Use quadraticTo() for consistency with cubicTo().
w: file:///C:/Users/MOHANNED/Desktop/rr/composeApp/src/commonMain/kotlin/org/mohanned/rawdatyci_cdapp/presentation/screens/teacher/TeacherStudentDetailScreen.kt:132:33 Unnecessary non-null assertion (!!) on a non-null receiver of type 'String'.
w: file:///C:/Users/MOHANNED/Desktop/rr/composeApp/src/commonMain/kotlin/org/mohanned/rawdatyci_cdapp/presentation/viewmodel/AdminAddEditClassroomViewModel.kt:89:21 'when' is exhaustive so 'else' is redundant here.

BUILD SUCCESSFUL in 1m 58s
43 actionable tasks: 5 executed, 38 up-to-date
Configuration cache entry reused.
2026-04-28T23:48:20.723+0300 [DEBUG] [org.gradle.launcher.daemon.server.exec.ExecuteBuild] The daemon has finished executing the build.
2026-04-28T23:48:20.729+0300 [DEBUG] [org.gradle.launcher.daemon.server.DaemonStateCoordinator] daemon is running. Sleeping until state changes.
2026-04-28T23:48:20.729+0300 [DEBUG] [org.gradle.launcher.daemon.server.DaemonStateCoordinator] Command execution: finished waiting for DaemonCommandExecution[command = Build{id=28780eef-80f1-41cb-a782-db5abe159e19, currentDir=C:\Users\MOHANNED\Desktop\rr}, connection = DefaultDaemonConnection: socket connection from /127.0.0.1:56654 to /127.0.0.1:56655]. Result org.gradle.launcher.daemon.server.DaemonStateCoordinator@4f8c9d47 with state Busy
2026-04-28T23:48:20.730+0300 [DEBUG] [org.gradle.launcher.daemon.server.DaemonStateCoordinator] Command execution: completed DaemonCommandExecution[command = Build{id=28780eef-80f1-41cb-a782-db5abe159e19, currentDir=C:\Users\MOHANNED\Desktop\rr}, connection = DefaultDaemonConnection: socket connection from /127.0.0.1:56654 to /127.0.0.1:56655]
2026-04-28T23:48:20.730+0300 [DEBUG] [org.gradle.launcher.daemon.server.DaemonStateCoordinator] resetting idle timer
2026-04-28T23:48:20.730+0300 [INFO] [org.gradle.launcher.daemon.server.DaemonRegistryUpdater] Marking the daemon as idle, address: [69981fdb-87a2-48b3-8505-8885edc3a86c port:56654, addresses:[localhost/127.0.0.1]]
2026-04-28T23:48:20.731+0300 [DEBUG] [org.gradle.launcher.daemon.registry.PersistentDaemonRegistry] Marking busy by address: [69981fdb-87a2-48b3-8505-8885edc3a86c port:56654, addresses:[localhost/127.0.0.1]]
2026-04-28T23:48:20.733+0300 [DEBUG] [org.gradle.cache.internal.DefaultFileLockManager] Waiting to acquire exclusive lock on daemon addresses registry.
2026-04-28T23:48:20.734+0300 [DEBUG] [org.gradle.cache.internal.DefaultFileLockManager] Lock acquired on daemon addresses registry.
2026-04-28T23:48:20.736+0300 [DEBUG] [org.gradle.cache.internal.DefaultFileLockManager] Releasing lock on daemon addresses registry.
2026-04-28T23:48:20.737+0300 [DEBUG] [org.gradle.launcher.daemon.server.exec.ReturnResult] Daemon is dispatching the build result: Success[value=org.gradle.launcher.exec.BuildActionResult@1da72aff]
2026-04-28T23:48:20.738+0300 [DEBUG] [org.gradle.launcher.daemon.server.SynchronizedDispatchConnection] thread 32: dispatching Success[value=org.gradle.launcher.exec.BuildActionResult@1da72aff]
2026-04-28T23:48:20.738+0300 [DEBUG] [org.gradle.launcher.daemon.server.DaemonStateCoordinator] daemon is running. Sleeping until state changes.
2026-04-28T23:48:20.739+0300 [DEBUG] [org.gradle.launcher.daemon.server.SynchronizedDispatchConnection] thread 33: received class org.gradle.launcher.daemon.protocol.CloseInput
2026-04-28T23:48:20.740+0300 [DEBUG] [org.gradle.launcher.daemon.server.DefaultDaemonConnection] thread 33: Received IO message from client: org.gradle.launcher.daemon.protocol.CloseInput@2fc37770
2026-04-28T23:48:20.740+0300 [DEBUG] [org.gradle.launcher.daemon.server.SynchronizedDispatchConnection] thread 33: received class org.gradle.launcher.daemon.protocol.Finished
2026-04-28T23:48:20.740+0300 [DEBUG] [org.gradle.launcher.daemon.server.DefaultDaemonConnection] thread 33: Received non-IO message from client: org.gradle.launcher.daemon.protocol.Finished@cc6d555
2026-04-28T23:48:20.741+0300 [DEBUG] [org.gradle.launcher.daemon.server.DefaultIncomingConnectionHandler] Finishing executing command: Build{id=28780eef-80f1-41cb-a782-db5abe159e19, currentDir=C:\Users\MOHANNED\Desktop\rr}
2026-04-28T23:48:20.741+0300 [DEBUG] [org.gradle.launcher.daemon.server.exec.CleanUpVirtualFileSystemAfterBuild] Cleaning virtual file system after build finished
2026-04-28T23:48:20.741+0300 [DEBUG] [org.gradle.internal.remote.internal.inet.SocketConnection] Discarding EOFException: java.io.EOFException
2026-04-28T23:48:20.741+0300 [DEBUG] [org.gradle.launcher.daemon.server.DefaultIncomingConnectionHandler] Received finished message: org.gradle.launcher.daemon.protocol.Finished@cc6d555
2026-04-28T23:48:20.742+0300 [DEBUG] [org.gradle.launcher.daemon.server.SynchronizedDispatchConnection] thread 33: received null
2026-04-28T23:48:20.742+0300 [DEBUG] [org.gradle.launcher.daemon.server.DefaultDaemonConnection] thread 33: Received end-of-input from client.
2026-04-28T23:48:20.742+0300 [DEBUG] [org.gradle.launcher.daemon.server.SynchronizedDispatchConnection] thread 32: stopping connection
2026-04-28T23:48:20.744+0300 [DEBUG] [org.gradle.launcher.daemon.server.SynchronizedDispatchConnection] thread 32: stopping connection
2026-04-28T23:48:28.113+0300 [DEBUG] [org.gradle.cache.internal.DefaultFileLockManager] Waiting to acquire shared lock on daemon addresses registry.
2026-04-28T23:48:28.114+0300 [DEBUG] [org.gradle.cache.internal.DefaultFileLockManager] Lock acquired on daemon addresses registry.
2026-04-28T23:48:28.114+0300 [DEBUG] [org.gradle.cache.internal.DefaultFileLockManager] Releasing lock on daemon addresses registry.
2026-04-28T23:48:28.116+0300 [DEBUG] [org.gradle.cache.internal.DefaultFileLockManager] Waiting to acquire shared lock on daemon addresses registry.
2026-04-28T23:48:28.116+0300 [DEBUG] [org.gradle.cache.internal.DefaultFileLockManager] Lock acquired on daemon addresses registry.
2026-04-28T23:48:28.117+0300 [DEBUG] [org.gradle.cache.internal.DefaultFileLockManager] Releasing lock on daemon addresses registry.
2026-04-28T23:48:31.757+0300 [DEBUG] [sun.rmi.transport.tcp] RMI TCP Connection(2)-127.0.0.1: (port 56662) connection closed
2026-04-28T23:48:31.758+0300 [DEBUG] [sun.rmi.transport.tcp] RMI TCP Connection(2)-127.0.0.1: close connection, socket: Socket[addr=/127.0.0.1,port=56675,localport=56662]
2026-04-28T23:48:31.758+0300 [DEBUG] [sun.rmi.transport.tcp] RMI TCP Connection(2)-127.0.0.1: socket close: Socket[addr=/127.0.0.1,port=56675,localport=56662]
2026-04-28T23:48:33.495+0300 [DEBUG] [sun.rmi.transport.tcp] RMI Scheduler(0): close connection, socket: Socket[addr=localhost/127.0.0.1,port=17764,localport=56676]
2026-04-28T23:48:38.114+0300 [DEBUG] [org.gradle.cache.internal.DefaultFileLockManager] Waiting to acquire shared lock on daemon addresses registry.
2026-04-28T23:48:38.114+0300 [DEBUG] [org.gradle.cache.internal.DefaultFileLockManager] Lock acquired on daemon addresses registry.
2026-04-28T23:48:38.115+0300 [DEBUG] [org.gradle.cache.internal.DefaultFileLockManager] Releasing lock on daemon addresses registry.
2026-04-28T23:48:38.116+0300 [DEBUG] [org.gradle.cache.internal.DefaultFileLockManager] Waiting to acquire shared lock on daemon addresses registry.
2026-04-28T23:48:38.116+0300 [DEBUG] [org.gradle.cache.internal.DefaultFileLockManager] Lock acquired on daemon addresses registry.
2026-04-28T23:48:38.116+0300 [DEBUG] [org.gradle.cache.internal.DefaultFileLockManager] Releasing lock on daemon addresses registry.
2026-04-28T23:48:38.117+0300 [DEBUG] [org.gradle.cache.internal.DefaultFileLockManager] Waiting to acquire shared lock on daemon addresses registry.
2026-04-28T23:48:38.118+0300 [DEBUG] [org.gradle.cache.internal.DefaultFileLockManager] Lock acquired on daemon addresses registry.
2026-04-28T23:48:38.118+0300 [DEBUG] [org.gradle.cache.internal.DefaultFileLockManager] Releasing lock on daemon addresses registry.
2026-04-28T23:48:48.114+0300 [DEBUG] [org.gradle.cache.internal.DefaultFileLockManager] Waiting to acquire shared lock on daemon addresses registry.
2026-04-28T23:48:48.114+0300 [DEBUG] [org.gradle.cache.internal.DefaultFileLockManager] Lock acquired on daemon addresses registry.
2026-04-28T23:48:48.114+0300 [DEBUG] [org.gradle.cache.internal.DefaultFileLockManager] Releasing lock on daemon addresses registry.
2026-04-28T23:48:48.115+0300 [DEBUG] [org.gradle.cache.internal.DefaultFileLockManager] Waiting to acquire shared lock on daemon addresses registry.
2026-04-28T23:48:48.115+0300 [DEBUG] [org.gradle.cache.internal.DefaultFileLockManager] Lock acquired on daemon addresses registry.
2026-04-28T23:48:48.116+0300 [DEBUG] [org.gradle.cache.internal.DefaultFileLockManager] Releasing lock on daemon addresses registry.
2026-04-28T23:48:48.117+0300 [DEBUG] [org.gradle.cache.internal.DefaultFileLockManager] Waiting to acquire shared lock on daemon addresses registry.
2026-04-28T23:48:48.117+0300 [DEBUG] [org.gradle.cache.internal.DefaultFileLockManager] Lock acquired on daemon addresses registry.
2026-04-28T23:48:48.117+0300 [DEBUG] [org.gradle.cache.internal.DefaultFileLockManager] Releasing lock on daemon addresses registry.
2026-04-28T23:48:58.113+0300 [DEBUG] [org.gradle.cache.internal.DefaultFileLockManager] Waiting to acquire shared lock on daemon addresses registry.
2026-04-28T23:48:58.113+0300 [DEBUG] [org.gradle.cache.internal.DefaultFileLockManager] Lock acquired on daemon addresses registry.
2026-04-28T23:48:58.113+0300 [DEBUG] [org.gradle.cache.internal.DefaultFileLockManager] Releasing lock on daemon addresses registry.
2026-04-28T23:48:58.115+0300 [DEBUG] [org.gradle.cache.internal.DefaultFileLockManager] Waiting to acquire shared lock on daemon addresses registry.
2026-04-28T23:48:58.115+0300 [DEBUG] [org.gradle.cache.internal.DefaultFileLockManager] Lock acquired on daemon addresses registry.
2026-04-28T23:48:58.116+0300 [DEBUG] [org.gradle.cache.internal.DefaultFileLockManager] Releasing lock on daemon addresses registry.
2026-04-28T23:48:58.116+0300 [DEBUG] [org.gradle.cache.internal.DefaultFileLockManager] Waiting to acquire shared lock on daemon addresses registry.
2026-04-28T23:48:58.117+0300 [DEBUG] [org.gradle.cache.internal.DefaultFileLockManager] Lock acquired on daemon addresses registry.
2026-04-28T23:48:58.117+0300 [DEBUG] [org.gradle.cache.internal.DefaultFileLockManager] Releasing lock on daemon addresses registry.
2026-04-28T23:49:08.114+0300 [DEBUG] [org.gradle.cache.internal.DefaultFileLockManager] Waiting to acquire shared lock on daemon addresses registry.
2026-04-28T23:49:08.114+0300 [DEBUG] [org.gradle.cache.internal.DefaultFileLockManager] Lock acquired on daemon addresses registry.
2026-04-28T23:49:08.114+0300 [DEBUG] [org.gradle.cache.internal.DefaultFileLockManager] Releasing lock on daemon addresses registry.
2026-04-28T23:49:08.116+0300 [DEBUG] [org.gradle.cache.internal.DefaultFileLockManager] Waiting to acquire shared lock on daemon addresses registry.
2026-04-28T23:49:08.116+0300 [DEBUG] [org.gradle.cache.internal.DefaultFileLockManager] Lock acquired on daemon addresses registry.
2026-04-28T23:49:08.116+0300 [DEBUG] [org.gradle.cache.internal.DefaultFileLockManager] Releasing lock on daemon addresses registry.
2026-04-28T23:49:08.117+0300 [DEBUG] [org.gradle.cache.internal.DefaultFileLockManager] Waiting to acquire shared lock on daemon addresses registry.
2026-04-28T23:49:08.117+0300 [DEBUG] [org.gradle.cache.internal.DefaultFileLockManager] Lock acquired on daemon addresses registry.
2026-04-28T23:49:08.118+0300 [DEBUG] [org.gradle.cache.internal.DefaultFileLockManager] Releasing lock on daemon addresses registry.
2026-04-28T23:49:18.116+0300 [DEBUG] [org.gradle.cache.internal.DefaultFileLockManager] Waiting to acquire shared lock on daemon addresses registry.
2026-04-28T23:49:18.116+0300 [DEBUG] [org.gradle.cache.internal.DefaultFileLockManager] Lock acquired on daemon addresses registry.
2026-04-28T23:49:18.116+0300 [DEBUG] [org.gradle.cache.internal.DefaultFileLockManager] Releasing lock on daemon addresses registry.
2026-04-28T23:49:18.117+0300 [DEBUG] [org.gradle.cache.internal.DefaultFileLockManager] Waiting to acquire shared lock on daemon addresses registry.
2026-04-28T23:49:18.117+0300 [DEBUG] [org.gradle.cache.internal.DefaultFileLockManager] Lock acquired on daemon addresses registry.
2026-04-28T23:49:18.118+0300 [DEBUG] [org.gradle.cache.internal.DefaultFileLockManager] Releasing lock on daemon addresses registry.
2026-04-28T23:49:18.119+0300 [DEBUG] [org.gradle.cache.internal.DefaultFileLockManager] Waiting to acquire shared lock on daemon addresses registry.
2026-04-28T23:49:18.120+0300 [DEBUG] [org.gradle.cache.internal.DefaultFileLockManager] Lock acquired on daemon addresses registry.
2026-04-28T23:49:18.120+0300 [DEBUG] [org.gradle.cache.internal.DefaultFileLockManager] Releasing lock on daemon addresses registry.
2026-04-28T23:49:28.115+0300 [DEBUG] [org.gradle.cache.internal.DefaultFileLockManager] Waiting to acquire shared lock on daemon addresses registry.
2026-04-28T23:49:28.116+0300 [DEBUG] [org.gradle.cache.internal.DefaultFileLockManager] Lock acquired on daemon addresses registry.
2026-04-28T23:49:28.116+0300 [DEBUG] [org.gradle.cache.internal.DefaultFileLockManager] Releasing lock on daemon addresses registry.
2026-04-28T23:49:28.117+0300 [DEBUG] [org.gradle.cache.internal.DefaultFileLockManager] Waiting to acquire shared lock on daemon addresses registry.
2026-04-28T23:49:28.118+0300 [DEBUG] [org.gradle.cache.internal.DefaultFileLockManager] Lock acquired on daemon addresses registry.
2026-04-28T23:49:28.118+0300 [DEBUG] [org.gradle.cache.internal.DefaultFileLockManager] Releasing lock on daemon addresses registry.
2026-04-28T23:49:28.119+0300 [DEBUG] [org.gradle.cache.internal.DefaultFileLockManager] Waiting to acquire shared lock on daemon addresses registry.
2026-04-28T23:49:28.119+0300 [DEBUG] [org.gradle.cache.internal.DefaultFileLockManager] Lock acquired on daemon addresses registry.
2026-04-28T23:49:28.119+0300 [DEBUG] [org.gradle.cache.internal.DefaultFileLockManager] Releasing lock on daemon addresses registry.
2026-04-28T23:49:38.115+0300 [DEBUG] [org.gradle.cache.internal.DefaultFileLockManager] Waiting to acquire shared lock on daemon addresses registry.
2026-04-28T23:49:38.115+0300 [DEBUG] [org.gradle.cache.internal.DefaultFileLockManager] Lock acquired on daemon addresses registry.
2026-04-28T23:49:38.115+0300 [DEBUG] [org.gradle.cache.internal.DefaultFileLockManager] Releasing lock on daemon addresses registry.
2026-04-28T23:49:38.116+0300 [DEBUG] [org.gradle.cache.internal.DefaultFileLockManager] Waiting to acquire shared lock on daemon addresses registry.
2026-04-28T23:49:38.116+0300 [DEBUG] [org.gradle.cache.internal.DefaultFileLockManager] Lock acquired on daemon addresses registry.
2026-04-28T23:49:38.117+0300 [DEBUG] [org.gradle.cache.internal.DefaultFileLockManager] Releasing lock on daemon addresses registry.
2026-04-28T23:49:38.118+0300 [DEBUG] [org.gradle.cache.internal.DefaultFileLockManager] Waiting to acquire shared lock on daemon addresses registry.
2026-04-28T23:49:38.118+0300 [DEBUG] [org.gradle.cache.internal.DefaultFileLockManager] Lock acquired on daemon addresses registry.
2026-04-28T23:49:38.119+0300 [DEBUG] [org.gradle.cache.internal.DefaultFileLockManager] Releasing lock on daemon addresses registry.
2026-04-28T23:49:48.116+0300 [DEBUG] [org.gradle.cache.internal.DefaultFileLockManager] Waiting to acquire shared lock on daemon addresses registry.
2026-04-28T23:49:48.116+0300 [DEBUG] [org.gradle.cache.internal.DefaultFileLockManager] Lock acquired on daemon addresses registry.
2026-04-28T23:49:48.117+0300 [DEBUG] [org.gradle.cache.internal.DefaultFileLockManager] Releasing lock on daemon addresses registry.
2026-04-28T23:49:48.118+0300 [DEBUG] [org.gradle.cache.internal.DefaultFileLockManager] Waiting to acquire shared lock on daemon addresses registry.
2026-04-28T23:49:48.119+0300 [DEBUG] [org.gradle.cache.internal.DefaultFileLockManager] Lock acquired on daemon addresses registry.
2026-04-28T23:49:48.119+0300 [DEBUG] [org.gradle.cache.internal.DefaultFileLockManager] Releasing lock on daemon addresses registry.
2026-04-28T23:49:48.120+0300 [DEBUG] [org.gradle.cache.internal.DefaultFileLockManager] Waiting to acquire shared lock on daemon addresses registry.
2026-04-28T23:49:48.121+0300 [DEBUG] [org.gradle.cache.internal.DefaultFileLockManager] Lock acquired on daemon addresses registry.
2026-04-28T23:49:48.121+0300 [DEBUG] [org.gradle.cache.internal.DefaultFileLockManager] Releasing lock on daemon addresses registry.
2026-04-28T23:49:58.115+0300 [DEBUG] [org.gradle.cache.internal.DefaultFileLockManager] Waiting to acquire shared lock on daemon addresses registry.
2026-04-28T23:49:58.116+0300 [DEBUG] [org.gradle.cache.internal.DefaultFileLockManager] Lock acquired on daemon addresses registry.
2026-04-28T23:49:58.116+0300 [DEBUG] [org.gradle.cache.internal.DefaultFileLockManager] Releasing lock on daemon addresses registry.
2026-04-28T23:49:58.118+0300 [DEBUG] [org.gradle.cache.internal.DefaultFileLockManager] Waiting to acquire shared lock on daemon addresses registry.
2026-04-28T23:49:58.118+0300 [DEBUG] [org.gradle.cache.internal.DefaultFileLockManager] Lock acquired on daemon addresses registry.
2026-04-28T23:49:58.118+0300 [DEBUG] [org.gradle.cache.internal.DefaultFileLockManager] Releasing lock on daemon addresses registry.
2026-04-28T23:49:58.120+0300 [DEBUG] [org.gradle.cache.internal.DefaultFileLockManager] Waiting to acquire shared lock on daemon addresses registry.
2026-04-28T23:49:58.120+0300 [DEBUG] [org.gradle.cache.internal.DefaultFileLockManager] Lock acquired on daemon addresses registry.
2026-04-28T23:49:58.120+0300 [DEBUG] [org.gradle.cache.internal.DefaultFileLockManager] Releasing lock on daemon addresses registry.
2026-04-28T23:50:08.116+0300 [DEBUG] [org.gradle.cache.internal.DefaultFileLockManager] Waiting to acquire shared lock on daemon addresses registry.
2026-04-28T23:50:08.116+0300 [DEBUG] [org.gradle.cache.internal.DefaultFileLockManager] Lock acquired on daemon addresses registry.
2026-04-28T23:50:08.117+0300 [DEBUG] [org.gradle.cache.internal.DefaultFileLockManager] Releasing lock on daemon addresses registry.
2026-04-28T23:50:08.118+0300 [DEBUG] [org.gradle.cache.internal.DefaultFileLockManager] Waiting to acquire shared lock on daemon addresses registry.
2026-04-28T23:50:08.118+0300 [DEBUG] [org.gradle.cache.internal.DefaultFileLockManager] Lock acquired on daemon addresses registry.
2026-04-28T23:50:08.118+0300 [DEBUG] [org.gradle.cache.internal.DefaultFileLockManager] Releasing lock on daemon addresses registry.
2026-04-28T23:50:08.119+0300 [DEBUG] [org.gradle.cache.internal.DefaultFileLockManager] Waiting to acquire shared lock on daemon addresses registry.
2026-04-28T23:50:08.120+0300 [DEBUG] [org.gradle.cache.internal.DefaultFileLockManager] Lock acquired on daemon addresses registry.
2026-04-28T23:50:08.120+0300 [DEBUG] [org.gradle.cache.internal.DefaultFileLockManager] Releasing lock on daemon addresses registry.
2026-04-28T23:50:18.116+0300 [DEBUG] [org.gradle.cache.internal.DefaultFileLockManager] Waiting to acquire shared lock on daemon addresses registry.
2026-04-28T23:50:18.116+0300 [DEBUG] [org.gradle.cache.internal.DefaultFileLockManager] Lock acquired on daemon addresses registry.
2026-04-28T23:50:18.117+0300 [DEBUG] [org.gradle.cache.internal.DefaultFileLockManager] Releasing lock on daemon addresses registry.
2026-04-28T23:50:18.118+0300 [DEBUG] [org.gradle.cache.internal.DefaultFileLockManager] Waiting to acquire shared lock on daemon addresses registry.
2026-04-28T23:50:18.118+0300 [DEBUG] [org.gradle.cache.internal.DefaultFileLockManager] Lock acquired on daemon addresses registry.
2026-04-28T23:50:18.119+0300 [DEBUG] [org.gradle.cache.internal.DefaultFileLockManager] Releasing lock on daemon addresses registry.
2026-04-28T23:50:18.120+0300 [DEBUG] [org.gradle.cache.internal.DefaultFileLockManager] Waiting to acquire shared lock on daemon addresses registry.
2026-04-28T23:50:18.120+0300 [DEBUG] [org.gradle.cache.internal.DefaultFileLockManager] Lock acquired on daemon addresses registry.
2026-04-28T23:50:18.120+0300 [DEBUG] [org.gradle.cache.internal.DefaultFileLockManager] Releasing lock on daemon addresses registry.
2026-04-28T23:50:28.116+0300 [DEBUG] [org.gradle.cache.internal.DefaultFileLockManager] Waiting to acquire shared lock on daemon addresses registry.
2026-04-28T23:50:28.117+0300 [DEBUG] [org.gradle.cache.internal.DefaultFileLockManager] Lock acquired on daemon addresses registry.
2026-04-28T23:50:28.117+0300 [DEBUG] [org.gradle.cache.internal.DefaultFileLockManager] Releasing lock on daemon addresses registry.
2026-04-28T23:50:28.118+0300 [DEBUG] [org.gradle.cache.internal.DefaultFileLockManager] Waiting to acquire shared lock on daemon addresses registry.
2026-04-28T23:50:28.118+0300 [DEBUG] [org.gradle.cache.internal.DefaultFileLockManager] Lock acquired on daemon addresses registry.
2026-04-28T23:50:28.119+0300 [DEBUG] [org.gradle.cache.internal.DefaultFileLockManager] Releasing lock on daemon addresses registry.
2026-04-28T23:50:28.120+0300 [DEBUG] [org.gradle.cache.internal.DefaultFileLockManager] Waiting to acquire shared lock on daemon addresses registry.
2026-04-28T23:50:28.120+0300 [DEBUG] [org.gradle.cache.internal.DefaultFileLockManager] Lock acquired on daemon addresses registry.
2026-04-28T23:50:28.120+0300 [DEBUG] [org.gradle.cache.internal.DefaultFileLockManager] Releasing lock on daemon addresses registry.
2026-04-28T23:50:38.115+0300 [DEBUG] [org.gradle.cache.internal.DefaultFileLockManager] Waiting to acquire shared lock on daemon addresses registry.
2026-04-28T23:50:38.116+0300 [DEBUG] [org.gradle.cache.internal.DefaultFileLockManager] Lock acquired on daemon addresses registry.
2026-04-28T23:50:38.116+0300 [DEBUG] [org.gradle.cache.internal.DefaultFileLockManager] Releasing lock on daemon addresses registry.
2026-04-28T23:50:38.118+0300 [DEBUG] [org.gradle.cache.internal.DefaultFileLockManager] Waiting to acquire shared lock on daemon addresses registry.
2026-04-28T23:50:38.119+0300 [DEBUG] [org.gradle.cache.internal.DefaultFileLockManager] Lock acquired on daemon addresses registry.
2026-04-28T23:50:38.119+0300 [DEBUG] [org.gradle.cache.internal.DefaultFileLockManager] Releasing lock on daemon addresses registry.
2026-04-28T23:50:38.120+0300 [DEBUG] [org.gradle.cache.internal.DefaultFileLockManager] Waiting to acquire shared lock on daemon addresses registry.
2026-04-28T23:50:38.120+0300 [DEBUG] [org.gradle.cache.internal.DefaultFileLockManager] Lock acquired on daemon addresses registry.
2026-04-28T23:50:38.120+0300 [DEBUG] [org.gradle.cache.internal.DefaultFileLockManager] Releasing lock on daemon addresses registry.
2026-04-28T23:50:48.120+0300 [DEBUG] [org.gradle.cache.internal.DefaultFileLockManager] Waiting to acquire shared lock on daemon addresses registry.
2026-04-28T23:50:48.120+0300 [DEBUG] [org.gradle.cache.internal.DefaultFileLockManager] Lock acquired on daemon addresses registry.
2026-04-28T23:50:48.121+0300 [DEBUG] [org.gradle.cache.internal.DefaultFileLockManager] Releasing lock on daemon addresses registry.
2026-04-28T23:50:48.122+0300 [DEBUG] [org.gradle.cache.internal.DefaultFileLockManager] Waiting to acquire shared lock on daemon addresses registry.
2026-04-28T23:50:48.123+0300 [DEBUG] [org.gradle.cache.internal.DefaultFileLockManager] Lock acquired on daemon addresses registry.
2026-04-28T23:50:48.123+0300 [DEBUG] [org.gradle.cache.internal.DefaultFileLockManager] Releasing lock on daemon addresses registry.
2026-04-28T23:50:48.124+0300 [DEBUG] [org.gradle.cache.internal.DefaultFileLockManager] Waiting to acquire shared lock on daemon addresses registry.
2026-04-28T23:50:48.124+0300 [DEBUG] [org.gradle.cache.internal.DefaultFileLockManager] Lock acquired on daemon addresses registry.
2026-04-28T23:50:48.124+0300 [DEBUG] [org.gradle.cache.internal.DefaultFileLockManager] Releasing lock on daemon addresses registry.
2026-04-28T23:50:58.115+0300 [DEBUG] [org.gradle.cache.internal.DefaultFileLockManager] Waiting to acquire shared lock on daemon addresses registry.
2026-04-28T23:50:58.116+0300 [DEBUG] [org.gradle.cache.internal.DefaultFileLockManager] Lock acquired on daemon addresses registry.
2026-04-28T23:50:58.116+0300 [DEBUG] [org.gradle.cache.internal.DefaultFileLockManager] Releasing lock on daemon addresses registry.
2026-04-28T23:50:58.117+0300 [DEBUG] [org.gradle.cache.internal.DefaultFileLockManager] Waiting to acquire shared lock on daemon addresses registry.
2026-04-28T23:50:58.117+0300 [DEBUG] [org.gradle.cache.internal.DefaultFileLockManager] Lock acquired on daemon addresses registry.
2026-04-28T23:50:58.117+0300 [DEBUG] [org.gradle.cache.internal.DefaultFileLockManager] Releasing lock on daemon addresses registry.
2026-04-28T23:50:58.117+0300 [DEBUG] [org.gradle.cache.internal.DefaultFileLockManager] Waiting to acquire shared lock on daemon addresses registry.
2026-04-28T23:50:58.118+0300 [DEBUG] [org.gradle.cache.internal.DefaultFileLockManager] Lock acquired on daemon addresses registry.
2026-04-28T23:50:58.118+0300 [DEBUG] [org.gradle.cache.internal.DefaultFileLockManager] Releasing lock on daemon addresses registry.
2026-04-28T23:51:08.116+0300 [DEBUG] [org.gradle.cache.internal.DefaultFileLockManager] Waiting to acquire shared lock on daemon addresses registry.
2026-04-28T23:51:08.117+0300 [DEBUG] [org.gradle.cache.internal.DefaultFileLockManager] Lock acquired on daemon addresses registry.
2026-04-28T23:51:08.117+0300 [DEBUG] [org.gradle.cache.internal.DefaultFileLockManager] Releasing lock on daemon addresses registry.
2026-04-28T23:51:08.118+0300 [DEBUG] [org.gradle.cache.internal.DefaultFileLockManager] Waiting to acquire shared lock on daemon addresses registry.
2026-04-28T23:51:08.118+0300 [DEBUG] [org.gradle.cache.internal.DefaultFileLockManager] Lock acquired on daemon addresses registry.
2026-04-28T23:51:08.118+0300 [DEBUG] [org.gradle.cache.internal.DefaultFileLockManager] Releasing lock on daemon addresses registry.
2026-04-28T23:51:08.119+0300 [DEBUG] [org.gradle.cache.internal.DefaultFileLockManager] Waiting to acquire shared lock on daemon addresses registry.
2026-04-28T23:51:08.119+0300 [DEBUG] [org.gradle.cache.internal.DefaultFileLockManager] Lock acquired on daemon addresses registry.
2026-04-28T23:51:08.119+0300 [DEBUG] [org.gradle.cache.internal.DefaultFileLockManager] Releasing lock on daemon addresses registry.
2026-04-28T23:51:18.116+0300 [DEBUG] [org.gradle.cache.internal.DefaultFileLockManager] Waiting to acquire shared lock on daemon addresses registry.
2026-04-28T23:51:18.117+0300 [DEBUG] [org.gradle.cache.internal.DefaultFileLockManager] Lock acquired on daemon addresses registry.
2026-04-28T23:51:18.117+0300 [DEBUG] [org.gradle.cache.internal.DefaultFileLockManager] Releasing lock on daemon addresses registry.
2026-04-28T23:51:18.118+0300 [DEBUG] [org.gradle.cache.internal.DefaultFileLockManager] Waiting to acquire shared lock on daemon addresses registry.
2026-04-28T23:51:18.119+0300 [DEBUG] [org.gradle.cache.internal.DefaultFileLockManager] Lock acquired on daemon addresses registry.
2026-04-28T23:51:18.119+0300 [DEBUG] [org.gradle.cache.internal.DefaultFileLockManager] Releasing lock on daemon addresses registry.
2026-04-28T23:51:18.120+0300 [DEBUG] [org.gradle.cache.internal.DefaultFileLockManager] Waiting to acquire shared lock on daemon addresses registry.
2026-04-28T23:51:18.120+0300 [DEBUG] [org.gradle.cache.internal.DefaultFileLockManager] Lock acquired on daemon addresses registry.
2026-04-28T23:51:18.121+0300 [DEBUG] [org.gradle.cache.internal.DefaultFileLockManager] Releasing lock on daemon addresses registry.
2026-04-28T23:51:28.117+0300 [DEBUG] [org.gradle.cache.internal.DefaultFileLockManager] Waiting to acquire shared lock on daemon addresses registry.
2026-04-28T23:51:28.118+0300 [DEBUG] [org.gradle.cache.internal.DefaultFileLockManager] Lock acquired on daemon addresses registry.
2026-04-28T23:51:28.118+0300 [DEBUG] [org.gradle.cache.internal.DefaultFileLockManager] Releasing lock on daemon addresses registry.
2026-04-28T23:51:28.119+0300 [DEBUG] [org.gradle.cache.internal.DefaultFileLockManager] Waiting to acquire shared lock on daemon addresses registry.
2026-04-28T23:51:28.120+0300 [DEBUG] [org.gradle.cache.internal.DefaultFileLockManager] Lock acquired on daemon addresses registry.
2026-04-28T23:51:28.120+0300 [DEBUG] [org.gradle.cache.internal.DefaultFileLockManager] Releasing lock on daemon addresses registry.
2026-04-28T23:51:28.121+0300 [DEBUG] [org.gradle.cache.internal.DefaultFileLockManager] Waiting to acquire shared lock on daemon addresses registry.
2026-04-28T23:51:28.121+0300 [DEBUG] [org.gradle.cache.internal.DefaultFileLockManager] Lock acquired on daemon addresses registry.
2026-04-28T23:51:28.122+0300 [DEBUG] [org.gradle.cache.internal.DefaultFileLockManager] Releasing lock on daemon addresses registry.
2026-04-28T23:51:38.118+0300 [DEBUG] [org.gradle.cache.internal.DefaultFileLockManager] Waiting to acquire shared lock on daemon addresses registry.
2026-04-28T23:51:38.118+0300 [DEBUG] [org.gradle.cache.internal.DefaultFileLockManager] Lock acquired on daemon addresses registry.
2026-04-28T23:51:38.118+0300 [DEBUG] [org.gradle.cache.internal.DefaultFileLockManager] Releasing lock on daemon addresses registry.
2026-04-28T23:51:38.120+0300 [DEBUG] [org.gradle.cache.internal.DefaultFileLockManager] Waiting to acquire shared lock on daemon addresses registry.
2026-04-28T23:51:38.120+0300 [DEBUG] [org.gradle.cache.internal.DefaultFileLockManager] Lock acquired on daemon addresses registry.
2026-04-28T23:51:38.121+0300 [DEBUG] [org.gradle.cache.internal.DefaultFileLockManager] Releasing lock on daemon addresses registry.
2026-04-28T23:51:38.122+0300 [DEBUG] [org.gradle.cache.internal.DefaultFileLockManager] Waiting to acquire shared lock on daemon addresses registry.
2026-04-28T23:51:38.123+0300 [DEBUG] [org.gradle.cache.internal.DefaultFileLockManager] Lock acquired on daemon addresses registry.
2026-04-28T23:51:38.123+0300 [DEBUG] [org.gradle.cache.internal.DefaultFileLockManager] Releasing lock on daemon addresses registry.
2026-04-28T23:51:48.119+0300 [DEBUG] [org.gradle.cache.internal.DefaultFileLockManager] Waiting to acquire shared lock on daemon addresses registry.
2026-04-28T23:51:48.119+0300 [DEBUG] [org.gradle.cache.internal.DefaultFileLockManager] Lock acquired on daemon addresses registry.
2026-04-28T23:51:48.120+0300 [DEBUG] [org.gradle.cache.internal.DefaultFileLockManager] Releasing lock on daemon addresses registry.
2026-04-28T23:51:48.121+0300 [DEBUG] [org.gradle.cache.internal.DefaultFileLockManager] Waiting to acquire shared lock on daemon addresses registry.
2026-04-28T23:51:48.121+0300 [DEBUG] [org.gradle.cache.internal.DefaultFileLockManager] Lock acquired on daemon addresses registry.
2026-04-28T23:51:48.122+0300 [DEBUG] [org.gradle.cache.internal.DefaultFileLockManager] Releasing lock on daemon addresses registry.
2026-04-28T23:51:48.122+0300 [DEBUG] [org.gradle.cache.internal.DefaultFileLockManager] Waiting to acquire shared lock on daemon addresses registry.
2026-04-28T23:51:48.123+0300 [DEBUG] [org.gradle.cache.internal.DefaultFileLockManager] Lock acquired on daemon addresses registry.
2026-04-28T23:51:48.123+0300 [DEBUG] [org.gradle.cache.internal.DefaultFileLockManager] Releasing lock on daemon addresses registry.
2026-04-28T23:51:51.518+0300 [DEBUG] [sun.rmi.transport.tcp] RMI TCP Connection(3)-127.0.0.1: accepted socket from [127.0.0.1:56703]
2026-04-28T23:51:51.521+0300 [DEBUG] [sun.rmi.transport.tcp] RMI TCP Connection(3)-127.0.0.1: (port 56662) op = 80
2026-04-28T23:51:51.522+0300 [DEBUG] [sun.rmi.loader] RMI TCP Connection(3)-127.0.0.1: name = "[Ljava.rmi.server.ObjID;", codebase = "", defaultLoader = jdk.internal.loader.ClassLoaders$PlatformClassLoader@2b21322
2026-04-28T23:51:51.522+0300 [DEBUG] [sun.rmi.loader] RMI TCP Connection(3)-127.0.0.1: name = "java.rmi.dgc.Lease", codebase = "", defaultLoader = jdk.internal.loader.ClassLoaders$PlatformClassLoader@2b21322
2026-04-28T23:51:51.523+0300 [DEBUG] [sun.rmi.loader] RMI TCP Connection(3)-127.0.0.1: name = "java.rmi.dgc.VMID", codebase = "", defaultLoader = jdk.internal.loader.ClassLoaders$PlatformClassLoader@2b21322
2026-04-28T23:51:51.523+0300 [DEBUG] [sun.rmi.loader] RMI TCP Connection(3)-127.0.0.1: name = "[B", codebase = "", defaultLoader = jdk.internal.loader.ClassLoaders$PlatformClassLoader@2b21322
2026-04-28T23:51:51.523+0300 [DEBUG] [sun.rmi.loader] RMI TCP Connection(3)-127.0.0.1: name = "java.rmi.server.UID", codebase = "", defaultLoader = jdk.internal.loader.ClassLoaders$PlatformClassLoader@2b21322
2026-04-28T23:51:58.118+0300 [DEBUG] [org.gradle.cache.internal.DefaultFileLockManager] Waiting to acquire shared lock on daemon addresses registry.
2026-04-28T23:51:58.118+0300 [DEBUG] [org.gradle.cache.internal.DefaultFileLockManager] Lock acquired on daemon addresses registry.
2026-04-28T23:51:58.119+0300 [DEBUG] [org.gradle.cache.internal.DefaultFileLockManager] Releasing lock on daemon addresses registry.
2026-04-28T23:51:58.120+0300 [DEBUG] [org.gradle.cache.internal.DefaultFileLockManager] Waiting to acquire shared lock on daemon addresses registry.
2026-04-28T23:51:58.120+0300 [DEBUG] [org.gradle.cache.internal.DefaultFileLockManager] Lock acquired on daemon addresses registry.
2026-04-28T23:51:58.120+0300 [DEBUG] [org.gradle.cache.internal.DefaultFileLockManager] Releasing lock on daemon addresses registry.
2026-04-28T23:51:58.121+0300 [DEBUG] [org.gradle.cache.internal.DefaultFileLockManager] Waiting to acquire shared lock on daemon addresses registry.
2026-04-28T23:51:58.121+0300 [DEBUG] [org.gradle.cache.internal.DefaultFileLockManager] Lock acquired on daemon addresses registry.
2026-04-28T23:51:58.121+0300 [DEBUG] [org.gradle.cache.internal.DefaultFileLockManager] Releasing lock on daemon addresses registry.
2026-04-28T23:52:02.456+0300 [DEBUG] [org.gradle.internal.watch.vfs.impl.WatchingVirtualFileSystem] Handling VFS change CREATED C:\Users\MOHANNED\Desktop\rr\composeApp\src\commonMain\kotlin\org\mohanned\rawdatyci_cdapp\presentation\viewmodel\AdminAddEditUserViewModel.kt~
2026-04-28T23:52:02.465+0300 [DEBUG] [org.gradle.internal.watch.vfs.impl.WatchingVirtualFileSystem] Handling VFS change MODIFIED C:\Users\MOHANNED\Desktop\rr\composeApp\src\commonMain\kotlin\org\mohanned\rawdatyci_cdapp\presentation\viewmodel\AdminAddEditUserViewModel.kt
2026-04-28T23:52:06.526+0300 [DEBUG] [sun.rmi.transport.tcp] RMI TCP Connection(3)-127.0.0.1: (port 56662) connection closed
2026-04-28T23:52:06.526+0300 [DEBUG] [sun.rmi.transport.tcp] RMI TCP Connection(3)-127.0.0.1: close connection, socket: Socket[addr=/127.0.0.1,port=56703,localport=56662]
2026-04-28T23:52:06.526+0300 [DEBUG] [sun.rmi.transport.tcp] RMI TCP Connection(3)-127.0.0.1: socket close: Socket[addr=/127.0.0.1,port=56703,localport=56662]
2026-04-28T23:52:08.119+0300 [DEBUG] [org.gradle.cache.internal.DefaultFileLockManager] Waiting to acquire shared lock on daemon addresses registry.
2026-04-28T23:52:08.119+0300 [DEBUG] [org.gradle.cache.internal.DefaultFileLockManager] Lock acquired on daemon addresses registry.
2026-04-28T23:52:08.119+0300 [DEBUG] [org.gradle.cache.internal.DefaultFileLockManager] Releasing lock on daemon addresses registry.
2026-04-28T23:52:08.120+0300 [DEBUG] [org.gradle.cache.internal.DefaultFileLockManager] Waiting to acquire shared lock on daemon addresses registry.
2026-04-28T23:52:08.121+0300 [DEBUG] [org.gradle.cache.internal.DefaultFileLockManager] Lock acquired on daemon addresses registry.
2026-04-28T23:52:08.121+0300 [DEBUG] [org.gradle.cache.internal.DefaultFileLockManager] Releasing lock on daemon addresses registry.
2026-04-28T23:52:08.122+0300 [DEBUG] [org.gradle.cache.internal.DefaultFileLockManager] Waiting to acquire shared lock on daemon addresses registry.
2026-04-28T23:52:08.122+0300 [DEBUG] [org.gradle.cache.internal.DefaultFileLockManager] Lock acquired on daemon addresses registry.
2026-04-28T23:52:08.123+0300 [DEBUG] [org.gradle.cache.internal.DefaultFileLockManager] Releasing lock on daemon addresses registry.
2026-04-28T23:52:18.117+0300 [DEBUG] [org.gradle.cache.internal.DefaultFileLockManager] Waiting to acquire shared lock on daemon addresses registry.
2026-04-28T23:52:18.118+0300 [DEBUG] [org.gradle.cache.internal.DefaultFileLockManager] Lock acquired on daemon addresses registry.
2026-04-28T23:52:18.118+0300 [DEBUG] [org.gradle.cache.internal.DefaultFileLockManager] Releasing lock on daemon addresses registry.
2026-04-28T23:52:18.119+0300 [DEBUG] [org.gradle.cache.internal.DefaultFileLockManager] Waiting to acquire shared lock on daemon addresses registry.
2026-04-28T23:52:18.119+0300 [DEBUG] [org.gradle.cache.internal.DefaultFileLockManager] Lock acquired on daemon addresses registry.
2026-04-28T23:52:18.120+0300 [DEBUG] [org.gradle.cache.internal.DefaultFileLockManager] Releasing lock on daemon addresses registry.
2026-04-28T23:52:18.120+0300 [DEBUG] [org.gradle.cache.internal.DefaultFileLockManager] Waiting to acquire shared lock on daemon addresses registry.
2026-04-28T23:52:18.121+0300 [DEBUG] [org.gradle.cache.internal.DefaultFileLockManager] Lock acquired on daemon addresses registry.
2026-04-28T23:52:18.121+0300 [DEBUG] [org.gradle.cache.internal.DefaultFileLockManager] Releasing lock on daemon addresses registry.
2026-04-28T23:52:28.120+0300 [DEBUG] [org.gradle.cache.internal.DefaultFileLockManager] Waiting to acquire shared lock on daemon addresses registry.
2026-04-28T23:52:28.121+0300 [DEBUG] [org.gradle.cache.internal.DefaultFileLockManager] Lock acquired on daemon addresses registry.
2026-04-28T23:52:28.122+0300 [DEBUG] [org.gradle.cache.internal.DefaultFileLockManager] Releasing lock on daemon addresses registry.
2026-04-28T23:52:28.125+0300 [DEBUG] [org.gradle.cache.internal.DefaultFileLockManager] Waiting to acquire shared lock on daemon addresses registry.
2026-04-28T23:52:28.126+0300 [DEBUG] [org.gradle.cache.internal.DefaultFileLockManager] Lock acquired on daemon addresses registry.
2026-04-28T23:52:28.127+0300 [DEBUG] [org.gradle.cache.internal.DefaultFileLockManager] Releasing lock on daemon addresses registry.
2026-04-28T23:52:28.129+0300 [DEBUG] [org.gradle.cache.internal.DefaultFileLockManager] Waiting to acquire shared lock on daemon addresses registry.
2026-04-28T23:52:28.129+0300 [DEBUG] [org.gradle.cache.internal.DefaultFileLockManager] Lock acquired on daemon addresses registry.
2026-04-28T23:52:28.130+0300 [DEBUG] [org.gradle.cache.internal.DefaultFileLockManager] Releasing lock on daemon addresses registry.
2026-04-28T23:52:38.120+0300 [DEBUG] [org.gradle.cache.internal.DefaultFileLockManager] Waiting to acquire shared lock on daemon addresses registry.
2026-04-28T23:52:38.121+0300 [DEBUG] [org.gradle.cache.internal.DefaultFileLockManager] Lock acquired on daemon addresses registry.
2026-04-28T23:52:38.121+0300 [DEBUG] [org.gradle.cache.internal.DefaultFileLockManager] Releasing lock on daemon addresses registry.
2026-04-28T23:52:38.123+0300 [DEBUG] [org.gradle.cache.internal.DefaultFileLockManager] Waiting to acquire shared lock on daemon addresses registry.
2026-04-28T23:52:38.123+0300 [DEBUG] [org.gradle.cache.internal.DefaultFileLockManager] Lock acquired on daemon addresses registry.
2026-04-28T23:52:38.123+0300 [DEBUG] [org.gradle.cache.internal.DefaultFileLockManager] Releasing lock on daemon addresses registry.
2026-04-28T23:52:38.124+0300 [DEBUG] [org.gradle.cache.internal.DefaultFileLockManager] Waiting to acquire shared lock on daemon addresses registry.
2026-04-28T23:52:38.124+0300 [DEBUG] [org.gradle.cache.internal.DefaultFileLockManager] Lock acquired on daemon addresses registry.
2026-04-28T23:52:38.124+0300 [DEBUG] [org.gradle.cache.internal.DefaultFileLockManager] Releasing lock on daemon addresses registry.
2026-04-28T23:52:48.118+0300 [DEBUG] [org.gradle.cache.internal.DefaultFileLockManager] Waiting to acquire shared lock on daemon addresses registry.
2026-04-28T23:52:48.118+0300 [DEBUG] [org.gradle.cache.internal.DefaultFileLockManager] Lock acquired on daemon addresses registry.
2026-04-28T23:52:48.118+0300 [DEBUG] [org.gradle.cache.internal.DefaultFileLockManager] Releasing lock on daemon addresses registry.
2026-04-28T23:52:48.119+0300 [DEBUG] [org.gradle.cache.internal.DefaultFileLockManager] Waiting to acquire shared lock on daemon addresses registry.
2026-04-28T23:52:48.119+0300 [DEBUG] [org.gradle.cache.internal.DefaultFileLockManager] Lock acquired on daemon addresses registry.
2026-04-28T23:52:48.120+0300 [DEBUG] [org.gradle.cache.internal.DefaultFileLockManager] Releasing lock on daemon addresses registry.
2026-04-28T23:52:48.121+0300 [DEBUG] [org.gradle.cache.internal.DefaultFileLockManager] Waiting to acquire shared lock on daemon addresses registry.
2026-04-28T23:52:48.121+0300 [DEBUG] [org.gradle.cache.internal.DefaultFileLockManager] Lock acquired on daemon addresses registry.
2026-04-28T23:52:48.121+0300 [DEBUG] [org.gradle.cache.internal.DefaultFileLockManager] Releasing lock on daemon addresses registry.
2026-04-28T23:52:58.121+0300 [DEBUG] [org.gradle.cache.internal.DefaultFileLockManager] Waiting to acquire shared lock on daemon addresses registry.
2026-04-28T23:52:58.122+0300 [DEBUG] [org.gradle.cache.internal.DefaultFileLockManager] Lock acquired on daemon addresses registry.
2026-04-28T23:52:58.122+0300 [DEBUG] [org.gradle.cache.internal.DefaultFileLockManager] Releasing lock on daemon addresses registry.
2026-04-28T23:52:58.123+0300 [DEBUG] [org.gradle.cache.internal.DefaultFileLockManager] Waiting to acquire shared lock on daemon addresses registry.
2026-04-28T23:52:58.123+0300 [DEBUG] [org.gradle.cache.internal.DefaultFileLockManager] Lock acquired on daemon addresses registry.
2026-04-28T23:52:58.123+0300 [DEBUG] [org.gradle.cache.internal.DefaultFileLockManager] Releasing lock on daemon addresses registry.
2026-04-28T23:52:58.124+0300 [DEBUG] [org.gradle.cache.internal.DefaultFileLockManager] Waiting to acquire shared lock on daemon addresses registry.
2026-04-28T23:52:58.125+0300 [DEBUG] [org.gradle.cache.internal.DefaultFileLockManager] Lock acquired on daemon addresses registry.
2026-04-28T23:52:58.125+0300 [DEBUG] [org.gradle.cache.internal.DefaultFileLockManager] Releasing lock on daemon addresses registry.
2026-04-28T23:53:08.119+0300 [DEBUG] [org.gradle.cache.internal.DefaultFileLockManager] Waiting to acquire shared lock on daemon addresses registry.
2026-04-28T23:53:08.120+0300 [DEBUG] [org.gradle.cache.internal.DefaultFileLockManager] Lock acquired on daemon addresses registry.
2026-04-28T23:53:08.120+0300 [DEBUG] [org.gradle.cache.internal.DefaultFileLockManager] Releasing lock on daemon addresses registry.
2026-04-28T23:53:08.122+0300 [DEBUG] [org.gradle.cache.internal.DefaultFileLockManager] Waiting to acquire shared lock on daemon addresses registry.
2026-04-28T23:53:08.122+0300 [DEBUG] [org.gradle.cache.internal.DefaultFileLockManager] Lock acquired on daemon addresses registry.
2026-04-28T23:53:08.123+0300 [DEBUG] [org.gradle.cache.internal.DefaultFileLockManager] Releasing lock on daemon addresses registry.
2026-04-28T23:53:08.124+0300 [DEBUG] [org.gradle.cache.internal.DefaultFileLockManager] Waiting to acquire shared lock on daemon addresses registry.
2026-04-28T23:53:08.124+0300 [DEBUG] [org.gradle.cache.internal.DefaultFileLockManager] Lock acquired on daemon addresses registry.
2026-04-28T23:53:08.125+0300 [DEBUG] [org.gradle.cache.internal.DefaultFileLockManager] Releasing lock on daemon addresses registry.
2026-04-28T23:53:18.120+0300 [DEBUG] [org.gradle.cache.internal.DefaultFileLockManager] Waiting to acquire shared lock on daemon addresses registry.
2026-04-28T23:53:18.120+0300 [DEBUG] [org.gradle.cache.internal.DefaultFileLockManager] Lock acquired on daemon addresses registry.
2026-04-28T23:53:18.120+0300 [DEBUG] [org.gradle.cache.internal.DefaultFileLockManager] Releasing lock on daemon addresses registry.
2026-04-28T23:53:18.121+0300 [DEBUG] [org.gradle.cache.internal.DefaultFileLockManager] Waiting to acquire shared lock on daemon addresses registry.
2026-04-28T23:53:18.122+0300 [DEBUG] [org.gradle.cache.internal.DefaultFileLockManager] Lock acquired on daemon addresses registry.
2026-04-28T23:53:18.122+0300 [DEBUG] [org.gradle.cache.internal.DefaultFileLockManager] Releasing lock on daemon addresses registry.
2026-04-28T23:53:18.122+0300 [DEBUG] [org.gradle.cache.internal.DefaultFileLockManager] Waiting to acquire shared lock on daemon addresses registry.
2026-04-28T23:53:18.123+0300 [DEBUG] [org.gradle.cache.internal.DefaultFileLockManager] Lock acquired on daemon addresses registry.
2026-04-28T23:53:18.123+0300 [DEBUG] [org.gradle.cache.internal.DefaultFileLockManager] Releasing lock on daemon addresses registry.
2026-04-28T23:53:28.119+0300 [DEBUG] [org.gradle.cache.internal.DefaultFileLockManager] Waiting to acquire shared lock on daemon addresses registry.
2026-04-28T23:53:28.120+0300 [DEBUG] [org.gradle.cache.internal.DefaultFileLockManager] Lock acquired on daemon addresses registry.
2026-04-28T23:53:28.120+0300 [DEBUG] [org.gradle.cache.internal.DefaultFileLockManager] Releasing lock on daemon addresses registry.
2026-04-28T23:53:28.121+0300 [DEBUG] [org.gradle.cache.internal.DefaultFileLockManager] Waiting to acquire shared lock on daemon addresses registry.
2026-04-28T23:53:28.122+0300 [DEBUG] [org.gradle.cache.internal.DefaultFileLockManager] Lock acquired on daemon addresses registry.
2026-04-28T23:53:28.122+0300 [DEBUG] [org.gradle.cache.internal.DefaultFileLockManager] Releasing lock on daemon addresses registry.
2026-04-28T23:53:28.123+0300 [DEBUG] [org.gradle.cache.internal.DefaultFileLockManager] Waiting to acquire shared lock on daemon addresses registry.
2026-04-28T23:53:28.123+0300 [DEBUG] [org.gradle.cache.internal.DefaultFileLockManager] Lock acquired on daemon addresses registry.
2026-04-28T23:53:28.124+0300 [DEBUG] [org.gradle.cache.internal.DefaultFileLockManager] Releasing lock on daemon addresses registry.
2026-04-28T23:53:38.119+0300 [DEBUG] [org.gradle.cache.internal.DefaultFileLockManager] Waiting to acquire shared lock on daemon addresses registry.
2026-04-28T23:53:38.120+0300 [DEBUG] [org.gradle.cache.internal.DefaultFileLockManager] Lock acquired on daemon addresses registry.
2026-04-28T23:53:38.120+0300 [DEBUG] [org.gradle.cache.internal.DefaultFileLockManager] Releasing lock on daemon addresses registry.
2026-04-28T23:53:38.121+0300 [DEBUG] [org.gradle.cache.internal.DefaultFileLockManager] Waiting to acquire shared lock on daemon addresses registry.
2026-04-28T23:53:38.122+0300 [DEBUG] [org.gradle.cache.internal.DefaultFileLockManager] Lock acquired on daemon addresses registry.
2026-04-28T23:53:38.122+0300 [DEBUG] [org.gradle.cache.internal.DefaultFileLockManager] Releasing lock on daemon addresses registry.
2026-04-28T23:53:38.123+0300 [DEBUG] [org.gradle.cache.internal.DefaultFileLockManager] Waiting to acquire shared lock on daemon addresses registry.
2026-04-28T23:53:38.123+0300 [DEBUG] [org.gradle.cache.internal.DefaultFileLockManager] Lock acquired on daemon addresses registry.
2026-04-28T23:53:38.123+0300 [DEBUG] [org.gradle.cache.internal.DefaultFileLockManager] Releasing lock on daemon addresses registry.
2026-04-28T23:53:48.126+0300 [DEBUG] [org.gradle.cache.internal.DefaultFileLockManager] Waiting to acquire shared lock on daemon addresses registry.
2026-04-28T23:53:48.127+0300 [DEBUG] [org.gradle.cache.internal.DefaultFileLockManager] Lock acquired on daemon addresses registry.
2026-04-28T23:53:48.127+0300 [DEBUG] [org.gradle.cache.internal.DefaultFileLockManager] Releasing lock on daemon addresses registry.
2026-04-28T23:53:48.131+0300 [DEBUG] [org.gradle.cache.internal.DefaultFileLockManager] Waiting to acquire shared lock on daemon addresses registry.
2026-04-28T23:53:48.132+0300 [DEBUG] [org.gradle.cache.internal.DefaultFileLockManager] Lock acquired on daemon addresses registry.
2026-04-28T23:53:48.133+0300 [DEBUG] [org.gradle.cache.internal.DefaultFileLockManager] Releasing lock on daemon addresses registry.
2026-04-28T23:53:48.135+0300 [DEBUG] [org.gradle.cache.internal.DefaultFileLockManager] Waiting to acquire shared lock on daemon addresses registry.
2026-04-28T23:53:48.136+0300 [DEBUG] [org.gradle.cache.internal.DefaultFileLockManager] Lock acquired on daemon addresses registry.
2026-04-28T23:53:48.136+0300 [DEBUG] [org.gradle.cache.internal.DefaultFileLockManager] Releasing lock on daemon addresses registry.
2026-04-28T23:53:54.199+0300 [DEBUG] [org.gradle.process.internal.health.memory.DefaultMemoryManager] 1747612057 virtual memory requested, 1637556224 free
2026-04-28T23:53:54.199+0300 [DEBUG] [org.gradle.workers.internal.WorkerDaemonExpiration] Will attempt to release 1666 of memory
2026-04-28T23:53:54.201+0300 [DEBUG] [org.gradle.process.internal.health.memory.DefaultMemoryManager] 1747612057 virtual memory requested, 0 released, 1637556224 free
2026-04-28T23:53:58.127+0300 [DEBUG] [org.gradle.cache.internal.DefaultFileLockManager] Waiting to acquire shared lock on daemon addresses registry.
2026-04-28T23:53:58.127+0300 [DEBUG] [org.gradle.cache.internal.DefaultFileLockManager] Lock acquired on daemon addresses registry.
2026-04-28T23:53:58.129+0300 [DEBUG] [org.gradle.cache.internal.DefaultFileLockManager] Releasing lock on daemon addresses registry.
2026-04-28T23:53:58.133+0300 [DEBUG] [org.gradle.cache.internal.DefaultFileLockManager] Waiting to acquire shared lock on daemon addresses registry.
2026-04-28T23:53:58.134+0300 [DEBUG] [org.gradle.cache.internal.DefaultFileLockManager] Lock acquired on daemon addresses registry.
2026-04-28T23:53:58.135+0300 [DEBUG] [org.gradle.cache.internal.DefaultFileLockManager] Releasing lock on daemon addresses registry.
2026-04-28T23:53:58.141+0300 [DEBUG] [org.gradle.cache.internal.DefaultFileLockManager] Waiting to acquire shared lock on daemon addresses registry.
2026-04-28T23:53:58.142+0300 [DEBUG] [org.gradle.cache.internal.DefaultFileLockManager] Lock acquired on daemon addresses registry.
2026-04-28T23:53:58.143+0300 [DEBUG] [org.gradle.cache.internal.DefaultFileLockManager] Releasing lock on daemon addresses registry.
2026-04-28T23:53:59.192+0300 [DEBUG] [org.gradle.process.internal.health.memory.DefaultMemoryManager] 1747612057 virtual memory requested, 1680134144 free
2026-04-28T23:53:59.192+0300 [DEBUG] [org.gradle.workers.internal.WorkerDaemonExpiration] Will attempt to release 1666 of memory
2026-04-28T23:53:59.193+0300 [DEBUG] [org.gradle.process.internal.health.memory.DefaultMemoryManager] 1747612057 virtual memory requested, 0 released, 1680134144 free
2026-04-28T23:54:04.200+0300 [DEBUG] [org.gradle.process.internal.health.memory.DefaultMemoryManager] 1747612057 virtual memory requested, 1713635328 free
2026-04-28T23:54:04.200+0300 [DEBUG] [org.gradle.workers.internal.WorkerDaemonExpiration] Will attempt to release 1666 of memory
2026-04-28T23:54:04.200+0300 [DEBUG] [org.gradle.process.internal.health.memory.DefaultMemoryManager] 1747612057 virtual memory requested, 0 released, 1713635328 free
2026-04-28T23:54:08.122+0300 [DEBUG] [org.gradle.cache.internal.DefaultFileLockManager] Waiting to acquire shared lock on daemon addresses registry.
2026-04-28T23:54:08.122+0300 [DEBUG] [org.gradle.cache.internal.DefaultFileLockManager] Lock acquired on daemon addresses registry.
2026-04-28T23:54:08.123+0300 [DEBUG] [org.gradle.cache.internal.DefaultFileLockManager] Releasing lock on daemon addresses registry.
2026-04-28T23:54:08.126+0300 [DEBUG] [org.gradle.cache.internal.DefaultFileLockManager] Waiting to acquire shared lock on daemon addresses registry.
2026-04-28T23:54:08.127+0300 [DEBUG] [org.gradle.cache.internal.DefaultFileLockManager] Lock acquired on daemon addresses registry.
2026-04-28T23:54:08.128+0300 [DEBUG] [org.gradle.cache.internal.DefaultFileLockManager] Releasing lock on daemon addresses registry.
2026-04-28T23:54:08.130+0300 [DEBUG] [org.gradle.cache.internal.DefaultFileLockManager] Waiting to acquire shared lock on daemon addresses registry.
2026-04-28T23:54:08.131+0300 [DEBUG] [org.gradle.cache.internal.DefaultFileLockManager] Lock acquired on daemon addresses registry.
2026-04-28T23:54:08.131+0300 [DEBUG] [org.gradle.cache.internal.DefaultFileLockManager] Releasing lock on daemon addresses registry.
2026-04-28T23:54:18.133+0300 [DEBUG] [org.gradle.cache.internal.DefaultFileLockManager] Waiting to acquire shared lock on daemon addresses registry.
2026-04-28T23:54:18.134+0300 [DEBUG] [org.gradle.cache.internal.DefaultFileLockManager] Lock acquired on daemon addresses registry.
2026-04-28T23:54:18.134+0300 [DEBUG] [org.gradle.cache.internal.DefaultFileLockManager] Releasing lock on daemon addresses registry.
2026-04-28T23:54:18.137+0300 [DEBUG] [org.gradle.cache.internal.DefaultFileLockManager] Waiting to acquire shared lock on daemon addresses registry.
2026-04-28T23:54:18.137+0300 [DEBUG] [org.gradle.cache.internal.DefaultFileLockManager] Lock acquired on daemon addresses registry.
2026-04-28T23:54:18.137+0300 [DEBUG] [org.gradle.cache.internal.DefaultFileLockManager] Releasing lock on daemon addresses registry.
2026-04-28T23:54:18.139+0300 [DEBUG] [org.gradle.cache.internal.DefaultFileLockManager] Waiting to acquire shared lock on daemon addresses registry.
2026-04-28T23:54:18.139+0300 [DEBUG] [org.gradle.cache.internal.DefaultFileLockManager] Lock acquired on daemon addresses registry.
2026-04-28T23:54:18.140+0300 [DEBUG] [org.gradle.cache.internal.DefaultFileLockManager] Releasing lock on daemon addresses registry.
2026-04-28T23:54:28.125+0300 [DEBUG] [org.gradle.cache.internal.DefaultFileLockManager] Waiting to acquire shared lock on daemon addresses registry.
2026-04-28T23:54:28.126+0300 [DEBUG] [org.gradle.cache.internal.DefaultFileLockManager] Lock acquired on daemon addresses registry.
2026-04-28T23:54:28.126+0300 [DEBUG] [org.gradle.cache.internal.DefaultFileLockManager] Releasing lock on daemon addresses registry.
2026-04-28T23:54:28.129+0300 [DEBUG] [org.gradle.cache.internal.DefaultFileLockManager] Waiting to acquire shared lock on daemon addresses registry.
2026-04-28T23:54:28.129+0300 [DEBUG] [org.gradle.cache.internal.DefaultFileLockManager] Lock acquired on daemon addresses registry.
2026-04-28T23:54:28.130+0300 [DEBUG] [org.gradle.cache.internal.DefaultFileLockManager] Releasing lock on daemon addresses registry.
2026-04-28T23:54:28.132+0300 [DEBUG] [org.gradle.cache.internal.DefaultFileLockManager] Waiting to acquire shared lock on daemon addresses registry.
2026-04-28T23:54:28.132+0300 [DEBUG] [org.gradle.cache.internal.DefaultFileLockManager] Lock acquired on daemon addresses registry.
2026-04-28T23:54:28.133+0300 [DEBUG] [org.gradle.cache.internal.DefaultFileLockManager] Releasing lock on daemon addresses registry.
2026-04-28T23:54:38.125+0300 [DEBUG] [org.gradle.cache.internal.DefaultFileLockManager] Waiting to acquire shared lock on daemon addresses registry.
2026-04-28T23:54:38.126+0300 [DEBUG] [org.gradle.cache.internal.DefaultFileLockManager] Lock acquired on daemon addresses registry.
2026-04-28T23:54:38.127+0300 [DEBUG] [org.gradle.cache.internal.DefaultFileLockManager] Releasing lock on daemon addresses registry.
2026-04-28T23:54:38.129+0300 [DEBUG] [org.gradle.cache.internal.DefaultFileLockManager] Waiting to acquire shared lock on daemon addresses registry.
2026-04-28T23:54:38.130+0300 [DEBUG] [org.gradle.cache.internal.DefaultFileLockManager] Lock acquired on daemon addresses registry.
2026-04-28T23:54:38.131+0300 [DEBUG] [org.gradle.cache.internal.DefaultFileLockManager] Releasing lock on daemon addresses registry.
2026-04-28T23:54:38.134+0300 [DEBUG] [org.gradle.cache.internal.DefaultFileLockManager] Waiting to acquire shared lock on daemon addresses registry.
2026-04-28T23:54:38.135+0300 [DEBUG] [org.gradle.cache.internal.DefaultFileLockManager] Lock acquired on daemon addresses registry.
2026-04-28T23:54:38.135+0300 [DEBUG] [org.gradle.cache.internal.DefaultFileLockManager] Releasing lock on daemon addresses registry.
2026-04-28T23:54:44.193+0300 [DEBUG] [org.gradle.process.internal.health.memory.DefaultMemoryManager] 1747612057 virtual memory requested, 1727488000 free
2026-04-28T23:54:44.193+0300 [DEBUG] [org.gradle.workers.internal.WorkerDaemonExpiration] Will attempt to release 1666 of memory
2026-04-28T23:54:44.193+0300 [DEBUG] [org.gradle.process.internal.health.memory.DefaultMemoryManager] 1747612057 virtual memory requested, 0 released, 1727488000 free
2026-04-28T23:54:48.133+0300 [DEBUG] [org.gradle.cache.internal.DefaultFileLockManager] Waiting to acquire shared lock on daemon addresses registry.
2026-04-28T23:54:48.133+0300 [DEBUG] [org.gradle.cache.internal.DefaultFileLockManager] Lock acquired on daemon addresses registry.
2026-04-28T23:54:48.134+0300 [DEBUG] [org.gradle.cache.internal.DefaultFileLockManager] Releasing lock on daemon addresses registry.
2026-04-28T23:54:48.136+0300 [DEBUG] [org.gradle.cache.internal.DefaultFileLockManager] Waiting to acquire shared lock on daemon addresses registry.
2026-04-28T23:54:48.136+0300 [DEBUG] [org.gradle.cache.internal.DefaultFileLockManager] Lock acquired on daemon addresses registry.
2026-04-28T23:54:48.137+0300 [DEBUG] [org.gradle.cache.internal.DefaultFileLockManager] Releasing lock on daemon addresses registry.
2026-04-28T23:54:48.139+0300 [DEBUG] [org.gradle.cache.internal.DefaultFileLockManager] Waiting to acquire shared lock on daemon addresses registry.
2026-04-28T23:54:48.140+0300 [DEBUG] [org.gradle.cache.internal.DefaultFileLockManager] Lock acquired on daemon addresses registry.
2026-04-28T23:54:48.140+0300 [DEBUG] [org.gradle.cache.internal.DefaultFileLockManager] Releasing lock on daemon addresses registry.
2026-04-28T23:54:49.200+0300 [DEBUG] [org.gradle.process.internal.health.memory.DefaultMemoryManager] 1747612057 virtual memory requested, 1728229376 free
2026-04-28T23:54:49.200+0300 [DEBUG] [org.gradle.workers.internal.WorkerDaemonExpiration] Will attempt to release 1666 of memory
2026-04-28T23:54:49.200+0300 [DEBUG] [org.gradle.process.internal.health.memory.DefaultMemoryManager] 1747612057 virtual memory requested, 0 released, 1728229376 free
2026-04-28T23:54:54.195+0300 [DEBUG] [org.gradle.process.internal.health.memory.DefaultMemoryManager] 1747612057 virtual memory requested, 1737670656 free
2026-04-28T23:54:54.195+0300 [DEBUG] [org.gradle.workers.internal.WorkerDaemonExpiration] Will attempt to release 1666 of memory
2026-04-28T23:54:54.196+0300 [DEBUG] [org.gradle.process.internal.health.memory.DefaultMemoryManager] 1747612057 virtual memory requested, 0 released, 1737670656 free
2026-04-28T23:54:58.136+0300 [DEBUG] [org.gradle.cache.internal.DefaultFileLockManager] Waiting to acquire shared lock on daemon addresses registry.
2026-04-28T23:54:58.138+0300 [DEBUG] [org.gradle.cache.internal.DefaultFileLockManager] Lock acquired on daemon addresses registry.
2026-04-28T23:54:58.139+0300 [DEBUG] [org.gradle.cache.internal.DefaultFileLockManager] Releasing lock on daemon addresses registry.
2026-04-28T23:54:58.143+0300 [DEBUG] [org.gradle.cache.internal.DefaultFileLockManager] Waiting to acquire shared lock on daemon addresses registry.
2026-04-28T23:54:58.144+0300 [DEBUG] [org.gradle.cache.internal.DefaultFileLockManager] Lock acquired on daemon addresses registry.
2026-04-28T23:54:58.145+0300 [DEBUG] [org.gradle.cache.internal.DefaultFileLockManager] Releasing lock on daemon addresses registry.
2026-04-28T23:54:58.150+0300 [DEBUG] [org.gradle.cache.internal.DefaultFileLockManager] Waiting to acquire shared lock on daemon addresses registry.
2026-04-28T23:54:58.151+0300 [DEBUG] [org.gradle.cache.internal.DefaultFileLockManager] Lock acquired on daemon addresses registry.
2026-04-28T23:54:58.152+0300 [DEBUG] [org.gradle.cache.internal.DefaultFileLockManager] Releasing lock on daemon addresses registry.
2026-04-28T23:54:59.199+0300 [DEBUG] [org.gradle.process.internal.health.memory.DefaultMemoryManager] 1747612057 virtual memory requested, 1738289152 free
2026-04-28T23:54:59.199+0300 [DEBUG] [org.gradle.workers.internal.WorkerDaemonExpiration] Will attempt to release 1666 of memory
2026-04-28T23:54:59.200+0300 [DEBUG] [org.gradle.process.internal.health.memory.DefaultMemoryManager] 1747612057 virtual memory requested, 0 released, 1738289152 free
2026-04-28T23:55:04.191+0300 [DEBUG] [org.gradle.process.internal.health.memory.DefaultMemoryManager] 1747612057 virtual memory requested, 1739116544 free
2026-04-28T23:55:04.191+0300 [DEBUG] [org.gradle.workers.internal.WorkerDaemonExpiration] Will attempt to release 1666 of memory
2026-04-28T23:55:04.191+0300 [DEBUG] [org.gradle.process.internal.health.memory.DefaultMemoryManager] 1747612057 virtual memory requested, 0 released, 1739116544 free
2026-04-28T23:55:08.130+0300 [DEBUG] [org.gradle.cache.internal.DefaultFileLockManager] Waiting to acquire shared lock on daemon addresses registry.
2026-04-28T23:55:08.131+0300 [DEBUG] [org.gradle.cache.internal.DefaultFileLockManager] Lock acquired on daemon addresses registry.
2026-04-28T23:55:08.132+0300 [DEBUG] [org.gradle.cache.internal.DefaultFileLockManager] Releasing lock on daemon addresses registry.
2026-04-28T23:55:08.136+0300 [DEBUG] [org.gradle.cache.internal.DefaultFileLockManager] Waiting to acquire shared lock on daemon addresses registry.
2026-04-28T23:55:08.137+0300 [DEBUG] [org.gradle.cache.internal.DefaultFileLockManager] Lock acquired on daemon addresses registry.
2026-04-28T23:55:08.138+0300 [DEBUG] [org.gradle.cache.internal.DefaultFileLockManager] Releasing lock on daemon addresses registry.
2026-04-28T23:55:08.140+0300 [DEBUG] [org.gradle.cache.internal.DefaultFileLockManager] Waiting to acquire shared lock on daemon addresses registry.
2026-04-28T23:55:08.141+0300 [DEBUG] [org.gradle.cache.internal.DefaultFileLockManager] Lock acquired on daemon addresses registry.
2026-04-28T23:55:08.142+0300 [DEBUG] [org.gradle.cache.internal.DefaultFileLockManager] Releasing lock on daemon addresses registry.
2026-04-28T23:55:09.201+0300 [DEBUG] [org.gradle.process.internal.health.memory.DefaultMemoryManager] 1747612057 virtual memory requested, 1732837376 free
2026-04-28T23:55:09.201+0300 [DEBUG] [org.gradle.workers.internal.WorkerDaemonExpiration] Will attempt to release 1666 of memory
2026-04-28T23:55:09.201+0300 [DEBUG] [org.gradle.process.internal.health.memory.DefaultMemoryManager] 1747612057 virtual memory requested, 0 released, 1732837376 free
2026-04-28T23:55:14.198+0300 [DEBUG] [org.gradle.process.internal.health.memory.DefaultMemoryManager] 1747612057 virtual memory requested, 1678729216 free
2026-04-28T23:55:14.198+0300 [DEBUG] [org.gradle.workers.internal.WorkerDaemonExpiration] Will attempt to release 1666 of memory
2026-04-28T23:55:14.198+0300 [DEBUG] [org.gradle.process.internal.health.memory.DefaultMemoryManager] 1747612057 virtual memory requested, 0 released, 1678729216 free
2026-04-28T23:55:18.136+0300 [DEBUG] [org.gradle.cache.internal.DefaultFileLockManager] Waiting to acquire shared lock on daemon addresses registry.
2026-04-28T23:55:18.137+0300 [DEBUG] [org.gradle.cache.internal.DefaultFileLockManager] Lock acquired on daemon addresses registry.
2026-04-28T23:55:18.138+0300 [DEBUG] [org.gradle.cache.internal.DefaultFileLockManager] Releasing lock on daemon addresses registry.
2026-04-28T23:55:18.142+0300 [DEBUG] [org.gradle.cache.internal.DefaultFileLockManager] Waiting to acquire shared lock on daemon addresses registry.
2026-04-28T23:55:18.143+0300 [DEBUG] [org.gradle.cache.internal.DefaultFileLockManager] Lock acquired on daemon addresses registry.
2026-04-28T23:55:18.144+0300 [DEBUG] [org.gradle.cache.internal.DefaultFileLockManager] Releasing lock on daemon addresses registry.
2026-04-28T23:55:18.148+0300 [DEBUG] [org.gradle.cache.internal.DefaultFileLockManager] Waiting to acquire shared lock on daemon addresses registry.
2026-04-28T23:55:18.148+0300 [DEBUG] [org.gradle.cache.internal.DefaultFileLockManager] Lock acquired on daemon addresses registry.
2026-04-28T23:55:18.149+0300 [DEBUG] [org.gradle.cache.internal.DefaultFileLockManager] Releasing lock on daemon addresses registry.
2026-04-28T23:55:19.190+0300 [DEBUG] [org.gradle.process.internal.health.memory.DefaultMemoryManager] 1747612057 virtual memory requested, 1714876416 free
2026-04-28T23:55:19.190+0300 [DEBUG] [org.gradle.workers.internal.WorkerDaemonExpiration] Will attempt to release 1666 of memory
2026-04-28T23:55:19.190+0300 [DEBUG] [org.gradle.process.internal.health.memory.DefaultMemoryManager] 1747612057 virtual memory requested, 0 released, 1714876416 free
2026-04-28T23:55:24.199+0300 [DEBUG] [org.gradle.process.internal.health.memory.DefaultMemoryManager] 1747612057 virtual memory requested, 1637191680 free
2026-04-28T23:55:24.199+0300 [DEBUG] [org.gradle.workers.internal.WorkerDaemonExpiration] Will attempt to release 1666 of memory
2026-04-28T23:55:24.199+0300 [DEBUG] [org.gradle.process.internal.health.memory.DefaultMemoryManager] 1747612057 virtual memory requested, 0 released, 1637191680 free
2026-04-28T23:55:28.129+0300 [DEBUG] [org.gradle.cache.internal.DefaultFileLockManager] Waiting to acquire shared lock on daemon addresses registry.
2026-04-28T23:55:28.129+0300 [DEBUG] [org.gradle.cache.internal.DefaultFileLockManager] Lock acquired on daemon addresses registry.
2026-04-28T23:55:28.130+0300 [DEBUG] [org.gradle.cache.internal.DefaultFileLockManager] Releasing lock on daemon addresses registry.
2026-04-28T23:55:28.134+0300 [DEBUG] [org.gradle.cache.internal.DefaultFileLockManager] Waiting to acquire shared lock on daemon addresses registry.
2026-04-28T23:55:28.134+0300 [DEBUG] [org.gradle.cache.internal.DefaultFileLockManager] Lock acquired on daemon addresses registry.
2026-04-28T23:55:28.135+0300 [DEBUG] [org.gradle.cache.internal.DefaultFileLockManager] Releasing lock on daemon addresses registry.
2026-04-28T23:55:28.137+0300 [DEBUG] [org.gradle.cache.internal.DefaultFileLockManager] Waiting to acquire shared lock on daemon addresses registry.
2026-04-28T23:55:28.138+0300 [DEBUG] [org.gradle.cache.internal.DefaultFileLockManager] Lock acquired on daemon addresses registry.
2026-04-28T23:55:28.139+0300 [DEBUG] [org.gradle.cache.internal.DefaultFileLockManager] Releasing lock on daemon addresses registry.
2026-04-28T23:55:29.191+0300 [DEBUG] [org.gradle.process.internal.health.memory.DefaultMemoryManager] 1747612057 virtual memory requested, 1644920832 free
2026-04-28T23:55:29.192+0300 [DEBUG] [org.gradle.workers.internal.WorkerDaemonExpiration] Will attempt to release 1666 of memory
2026-04-28T23:55:29.192+0300 [DEBUG] [org.gradle.process.internal.health.memory.DefaultMemoryManager] 1747612057 virtual memory requested, 0 released, 1644920832 free
2026-04-28T23:55:34.197+0300 [DEBUG] [org.gradle.process.internal.health.memory.DefaultMemoryManager] 1747612057 virtual memory requested, 1663467520 free
2026-04-28T23:55:34.197+0300 [DEBUG] [org.gradle.workers.internal.WorkerDaemonExpiration] Will attempt to release 1666 of memory
2026-04-28T23:55:34.197+0300 [DEBUG] [org.gradle.process.internal.health.memory.DefaultMemoryManager] 1747612057 virtual memory requested, 0 released, 1663467520 free
2026-04-28T23:55:38.131+0300 [DEBUG] [org.gradle.cache.internal.DefaultFileLockManager] Waiting to acquire shared lock on daemon addresses registry.
2026-04-28T23:55:38.131+0300 [DEBUG] [org.gradle.cache.internal.DefaultFileLockManager] Lock acquired on daemon addresses registry.
2026-04-28T23:55:38.133+0300 [DEBUG] [org.gradle.cache.internal.DefaultFileLockManager] Releasing lock on daemon addresses registry.
2026-04-28T23:55:38.136+0300 [DEBUG] [org.gradle.cache.internal.DefaultFileLockManager] Waiting to acquire shared lock on daemon addresses registry.
2026-04-28T23:55:38.137+0300 [DEBUG] [org.gradle.cache.internal.DefaultFileLockManager] Lock acquired on daemon addresses registry.
2026-04-28T23:55:38.138+0300 [DEBUG] [org.gradle.cache.internal.DefaultFileLockManager] Releasing lock on daemon addresses registry.
2026-04-28T23:55:38.142+0300 [DEBUG] [org.gradle.cache.internal.DefaultFileLockManager] Waiting to acquire shared lock on daemon addresses registry.
2026-04-28T23:55:38.142+0300 [DEBUG] [org.gradle.cache.internal.DefaultFileLockManager] Lock acquired on daemon addresses registry.
2026-04-28T23:55:38.143+0300 [DEBUG] [org.gradle.cache.internal.DefaultFileLockManager] Releasing lock on daemon addresses registry.
2026-04-28T23:55:39.195+0300 [DEBUG] [org.gradle.process.internal.health.memory.DefaultMemoryManager] 1747612057 virtual memory requested, 1659965440 free
2026-04-28T23:55:39.196+0300 [DEBUG] [org.gradle.workers.internal.WorkerDaemonExpiration] Will attempt to release 1666 of memory
2026-04-28T23:55:39.196+0300 [DEBUG] [org.gradle.process.internal.health.memory.DefaultMemoryManager] 1747612057 virtual memory requested, 0 released, 1659965440 free
2026-04-28T23:55:44.190+0300 [DEBUG] [org.gradle.process.internal.health.memory.DefaultMemoryManager] 1747612057 virtual memory requested, 1663062016 free
2026-04-28T23:55:44.190+0300 [DEBUG] [org.gradle.workers.internal.WorkerDaemonExpiration] Will attempt to release 1666 of memory
2026-04-28T23:55:44.191+0300 [DEBUG] [org.gradle.process.internal.health.memory.DefaultMemoryManager] 1747612057 virtual memory requested, 0 released, 1663062016 free
2026-04-28T23:55:48.137+0300 [DEBUG] [org.gradle.cache.internal.DefaultFileLockManager] Waiting to acquire shared lock on daemon addresses registry.
2026-04-28T23:55:48.137+0300 [DEBUG] [org.gradle.cache.internal.DefaultFileLockManager] Lock acquired on daemon addresses registry.
2026-04-28T23:55:48.138+0300 [DEBUG] [org.gradle.cache.internal.DefaultFileLockManager] Releasing lock on daemon addresses registry.
2026-04-28T23:55:48.141+0300 [DEBUG] [org.gradle.cache.internal.DefaultFileLockManager] Waiting to acquire shared lock on daemon addresses registry.
2026-04-28T23:55:48.142+0300 [DEBUG] [org.gradle.cache.internal.DefaultFileLockManager] Lock acquired on daemon addresses registry.
2026-04-28T23:55:48.142+0300 [DEBUG] [org.gradle.cache.internal.DefaultFileLockManager] Releasing lock on daemon addresses registry.
2026-04-28T23:55:48.145+0300 [DEBUG] [org.gradle.cache.internal.DefaultFileLockManager] Waiting to acquire shared lock on daemon addresses registry.
2026-04-28T23:55:48.146+0300 [DEBUG] [org.gradle.cache.internal.DefaultFileLockManager] Lock acquired on daemon addresses registry.
2026-04-28T23:55:48.146+0300 [DEBUG] [org.gradle.cache.internal.DefaultFileLockManager] Releasing lock on daemon addresses registry.
2026-04-28T23:55:49.192+0300 [DEBUG] [org.gradle.process.internal.health.memory.DefaultMemoryManager] 1747612057 virtual memory requested, 1663041536 free
2026-04-28T23:55:49.192+0300 [DEBUG] [org.gradle.workers.internal.WorkerDaemonExpiration] Will attempt to release 1666 of memory
2026-04-28T23:55:49.193+0300 [DEBUG] [org.gradle.process.internal.health.memory.DefaultMemoryManager] 1747612057 virtual memory requested, 0 released, 1663041536 free
2026-04-28T23:55:54.198+0300 [DEBUG] [org.gradle.process.internal.health.memory.DefaultMemoryManager] 1747612057 virtual memory requested, 1665662976 free
2026-04-28T23:55:54.198+0300 [DEBUG] [org.gradle.workers.internal.WorkerDaemonExpiration] Will attempt to release 1666 of memory
2026-04-28T23:55:54.198+0300 [DEBUG] [org.gradle.process.internal.health.memory.DefaultMemoryManager] 1747612057 virtual memory requested, 0 released, 1665662976 free
2026-04-28T23:55:58.125+0300 [DEBUG] [org.gradle.cache.internal.DefaultFileLockManager] Waiting to acquire shared lock on daemon addresses registry.
2026-04-28T23:55:58.125+0300 [DEBUG] [org.gradle.cache.internal.DefaultFileLockManager] Lock acquired on daemon addresses registry.
2026-04-28T23:55:58.127+0300 [DEBUG] [org.gradle.cache.internal.DefaultFileLockManager] Releasing lock on daemon addresses registry.
2026-04-28T23:55:58.132+0300 [DEBUG] [org.gradle.cache.internal.DefaultFileLockManager] Waiting to acquire shared lock on daemon addresses registry.
2026-04-28T23:55:58.133+0300 [DEBUG] [org.gradle.cache.internal.DefaultFileLockManager] Lock acquired on daemon addresses registry.
2026-04-28T23:55:58.134+0300 [DEBUG] [org.gradle.cache.internal.DefaultFileLockManager] Releasing lock on daemon addresses registry.
2026-04-28T23:55:58.138+0300 [DEBUG] [org.gradle.cache.internal.DefaultFileLockManager] Waiting to acquire shared lock on daemon addresses registry.
2026-04-28T23:55:58.138+0300 [DEBUG] [org.gradle.cache.internal.DefaultFileLockManager] Lock acquired on daemon addresses registry.
2026-04-28T23:55:58.140+0300 [DEBUG] [org.gradle.cache.internal.DefaultFileLockManager] Releasing lock on daemon addresses registry.
2026-04-28T23:55:59.203+0300 [DEBUG] [org.gradle.process.internal.health.memory.DefaultMemoryManager] 1747612057 virtual memory requested, 1670365184 free
2026-04-28T23:55:59.204+0300 [DEBUG] [org.gradle.workers.internal.WorkerDaemonExpiration] Will attempt to release 1666 of memory
2026-04-28T23:55:59.204+0300 [DEBUG] [org.gradle.process.internal.health.memory.DefaultMemoryManager] 1747612057 virtual memory requested, 0 released, 1670365184 free
2026-04-28T23:56:04.196+0300 [DEBUG] [org.gradle.process.internal.health.memory.DefaultMemoryManager] 1747612057 virtual memory requested, 1667801088 free
2026-04-28T23:56:04.196+0300 [DEBUG] [org.gradle.workers.internal.WorkerDaemonExpiration] Will attempt to release 1666 of memory
2026-04-28T23:56:04.197+0300 [DEBUG] [org.gradle.process.internal.health.memory.DefaultMemoryManager] 1747612057 virtual memory requested, 0 released, 1667801088 free
2026-04-28T23:56:08.126+0300 [DEBUG] [org.gradle.cache.internal.DefaultFileLockManager] Waiting to acquire shared lock on daemon addresses registry.
2026-04-28T23:56:08.126+0300 [DEBUG] [org.gradle.cache.internal.DefaultFileLockManager] Lock acquired on daemon addresses registry.
2026-04-28T23:56:08.127+0300 [DEBUG] [org.gradle.cache.internal.DefaultFileLockManager] Releasing lock on daemon addresses registry.
2026-04-28T23:56:08.129+0300 [DEBUG] [org.gradle.cache.internal.DefaultFileLockManager] Waiting to acquire shared lock on daemon addresses registry.
2026-04-28T23:56:08.130+0300 [DEBUG] [org.gradle.cache.internal.DefaultFileLockManager] Lock acquired on daemon addresses registry.
2026-04-28T23:56:08.131+0300 [DEBUG] [org.gradle.cache.internal.DefaultFileLockManager] Releasing lock on daemon addresses registry.
2026-04-28T23:56:08.133+0300 [DEBUG] [org.gradle.cache.internal.DefaultFileLockManager] Waiting to acquire shared lock on daemon addresses registry.
2026-04-28T23:56:08.133+0300 [DEBUG] [org.gradle.cache.internal.DefaultFileLockManager] Lock acquired on daemon addresses registry.
2026-04-28T23:56:08.134+0300 [DEBUG] [org.gradle.cache.internal.DefaultFileLockManager] Releasing lock on daemon addresses registry.
2026-04-28T23:56:09.199+0300 [DEBUG] [org.gradle.process.internal.health.memory.DefaultMemoryManager] 1747612057 virtual memory requested, 1657593856 free
2026-04-28T23:56:09.199+0300 [DEBUG] [org.gradle.workers.internal.WorkerDaemonExpiration] Will attempt to release 1666 of memory
2026-04-28T23:56:09.199+0300 [DEBUG] [org.gradle.process.internal.health.memory.DefaultMemoryManager] 1747612057 virtual memory requested, 0 released, 1657593856 free
2026-04-28T23:56:14.193+0300 [DEBUG] [org.gradle.process.internal.health.memory.DefaultMemoryManager] 1747612057 virtual memory requested, 1631809536 free
2026-04-28T23:56:14.193+0300 [DEBUG] [org.gradle.workers.internal.WorkerDaemonExpiration] Will attempt to release 1666 of memory
2026-04-28T23:56:14.193+0300 [DEBUG] [org.gradle.process.internal.health.memory.DefaultMemoryManager] 1747612057 virtual memory requested, 0 released, 1631809536 free
2026-04-28T23:56:18.135+0300 [DEBUG] [org.gradle.cache.internal.DefaultFileLockManager] Waiting to acquire shared lock on daemon addresses registry.
2026-04-28T23:56:18.135+0300 [DEBUG] [org.gradle.cache.internal.DefaultFileLockManager] Lock acquired on daemon addresses registry.
2026-04-28T23:56:18.137+0300 [DEBUG] [org.gradle.cache.internal.DefaultFileLockManager] Releasing lock on daemon addresses registry.
2026-04-28T23:56:18.141+0300 [DEBUG] [org.gradle.cache.internal.DefaultFileLockManager] Waiting to acquire shared lock on daemon addresses registry.
2026-04-28T23:56:18.142+0300 [DEBUG] [org.gradle.cache.internal.DefaultFileLockManager] Lock acquired on daemon addresses registry.
2026-04-28T23:56:18.143+0300 [DEBUG] [org.gradle.cache.internal.DefaultFileLockManager] Releasing lock on daemon addresses registry.
2026-04-28T23:56:18.148+0300 [DEBUG] [org.gradle.cache.internal.DefaultFileLockManager] Waiting to acquire shared lock on daemon addresses registry.
2026-04-28T23:56:18.148+0300 [DEBUG] [org.gradle.cache.internal.DefaultFileLockManager] Lock acquired on daemon addresses registry.
2026-04-28T23:56:18.150+0300 [DEBUG] [org.gradle.cache.internal.DefaultFileLockManager] Releasing lock on daemon addresses registry.
2026-04-28T23:56:19.191+0300 [DEBUG] [org.gradle.process.internal.health.memory.DefaultMemoryManager] 1747612057 virtual memory requested, 1643343872 free
2026-04-28T23:56:19.191+0300 [DEBUG] [org.gradle.workers.internal.WorkerDaemonExpiration] Will attempt to release 1666 of memory
2026-04-28T23:56:19.191+0300 [DEBUG] [org.gradle.process.internal.health.memory.DefaultMemoryManager] 1747612057 virtual memory requested, 0 released, 1643343872 free
2026-04-28T23:56:24.189+0300 [DEBUG] [org.gradle.process.internal.health.memory.DefaultMemoryManager] 1747612057 virtual memory requested, 1644412928 free
2026-04-28T23:56:24.190+0300 [DEBUG] [org.gradle.workers.internal.WorkerDaemonExpiration] Will attempt to release 1666 of memory
2026-04-28T23:56:24.190+0300 [DEBUG] [org.gradle.process.internal.health.memory.DefaultMemoryManager] 1747612057 virtual memory requested, 0 released, 1644412928 free
2026-04-28T23:56:28.140+0300 [DEBUG] [org.gradle.cache.internal.DefaultFileLockManager] Waiting to acquire shared lock on daemon addresses registry.
2026-04-28T23:56:28.140+0300 [DEBUG] [org.gradle.cache.internal.DefaultFileLockManager] Lock acquired on daemon addresses registry.
2026-04-28T23:56:28.141+0300 [DEBUG] [org.gradle.cache.internal.DefaultFileLockManager] Releasing lock on daemon addresses registry.
2026-04-28T23:56:28.144+0300 [DEBUG] [org.gradle.cache.internal.DefaultFileLockManager] Waiting to acquire shared lock on daemon addresses registry.
2026-04-28T23:56:28.144+0300 [DEBUG] [org.gradle.cache.internal.DefaultFileLockManager] Lock acquired on daemon addresses registry.
2026-04-28T23:56:28.145+0300 [DEBUG] [org.gradle.cache.internal.DefaultFileLockManager] Releasing lock on daemon addresses registry.
2026-04-28T23:56:28.147+0300 [DEBUG] [org.gradle.cache.internal.DefaultFileLockManager] Waiting to acquire shared lock on daemon addresses registry.
2026-04-28T23:56:28.147+0300 [DEBUG] [org.gradle.cache.internal.DefaultFileLockManager] Lock acquired on daemon addresses registry.
2026-04-28T23:56:28.148+0300 [DEBUG] [org.gradle.cache.internal.DefaultFileLockManager] Releasing lock on daemon addresses registry.
2026-04-28T23:56:29.201+0300 [DEBUG] [org.gradle.process.internal.health.memory.DefaultMemoryManager] 1747612057 virtual memory requested, 1646096384 free
2026-04-28T23:56:29.201+0300 [DEBUG] [org.gradle.workers.internal.WorkerDaemonExpiration] Will attempt to release 1666 of memory
2026-04-28T23:56:29.201+0300 [DEBUG] [org.gradle.process.internal.health.memory.DefaultMemoryManager] 1747612057 virtual memory requested, 0 released, 1646096384 free
2026-04-28T23:56:34.201+0300 [DEBUG] [org.gradle.process.internal.health.memory.DefaultMemoryManager] 1747612057 virtual memory requested, 1627738112 free
2026-04-28T23:56:34.201+0300 [DEBUG] [org.gradle.workers.internal.WorkerDaemonExpiration] Will attempt to release 1666 of memory
2026-04-28T23:56:34.201+0300 [DEBUG] [org.gradle.process.internal.health.memory.DefaultMemoryManager] 1747612057 virtual memory requested, 0 released, 1627738112 free
2026-04-28T23:56:38.133+0300 [DEBUG] [org.gradle.cache.internal.DefaultFileLockManager] Waiting to acquire shared lock on daemon addresses registry.
2026-04-28T23:56:38.133+0300 [DEBUG] [org.gradle.cache.internal.DefaultFileLockManager] Lock acquired on daemon addresses registry.
2026-04-28T23:56:38.134+0300 [DEBUG] [org.gradle.cache.internal.DefaultFileLockManager] Releasing lock on daemon addresses registry.
2026-04-28T23:56:38.137+0300 [DEBUG] [org.gradle.cache.internal.DefaultFileLockManager] Waiting to acquire shared lock on daemon addresses registry.
2026-04-28T23:56:38.138+0300 [DEBUG] [org.gradle.cache.internal.DefaultFileLockManager] Lock acquired on daemon addresses registry.
2026-04-28T23:56:38.139+0300 [DEBUG] [org.gradle.cache.internal.DefaultFileLockManager] Releasing lock on daemon addresses registry.
2026-04-28T23:56:38.142+0300 [DEBUG] [org.gradle.cache.internal.DefaultFileLockManager] Waiting to acquire shared lock on daemon addresses registry.
2026-04-28T23:56:38.142+0300 [DEBUG] [org.gradle.cache.internal.DefaultFileLockManager] Lock acquired on daemon addresses registry.
2026-04-28T23:56:38.143+0300 [DEBUG] [org.gradle.cache.internal.DefaultFileLockManager] Releasing lock on daemon addresses registry.
2026-04-28T23:56:39.191+0300 [DEBUG] [org.gradle.process.internal.health.memory.DefaultMemoryManager] 1747612057 virtual memory requested, 1624461312 free
2026-04-28T23:56:39.191+0300 [DEBUG] [org.gradle.workers.internal.WorkerDaemonExpiration] Will attempt to release 1666 of memory
2026-04-28T23:56:39.191+0300 [DEBUG] [org.gradle.process.internal.health.memory.DefaultMemoryManager] 1747612057 virtual memory requested, 0 released, 1624461312 free
2026-04-28T23:56:44.194+0300 [DEBUG] [org.gradle.process.internal.health.memory.DefaultMemoryManager] 1747612057 virtual memory requested, 1607028736 free
2026-04-28T23:56:44.194+0300 [DEBUG] [org.gradle.workers.internal.WorkerDaemonExpiration] Will attempt to release 1666 of memory
2026-04-28T23:56:44.194+0300 [DEBUG] [org.gradle.process.internal.health.memory.DefaultMemoryManager] 1747612057 virtual memory requested, 0 released, 1607028736 free
2026-04-28T23:56:48.126+0300 [DEBUG] [org.gradle.cache.internal.DefaultFileLockManager] Waiting to acquire shared lock on daemon addresses registry.
2026-04-28T23:56:48.126+0300 [DEBUG] [org.gradle.cache.internal.DefaultFileLockManager] Lock acquired on daemon addresses registry.
2026-04-28T23:56:48.128+0300 [DEBUG] [org.gradle.cache.internal.DefaultFileLockManager] Releasing lock on daemon addresses registry.
2026-04-28T23:56:48.131+0300 [DEBUG] [org.gradle.cache.internal.DefaultFileLockManager] Waiting to acquire shared lock on daemon addresses registry.
2026-04-28T23:56:48.132+0300 [DEBUG] [org.gradle.cache.internal.DefaultFileLockManager] Lock acquired on daemon addresses registry.
2026-04-28T23:56:48.133+0300 [DEBUG] [org.gradle.cache.internal.DefaultFileLockManager] Releasing lock on daemon addresses registry.
2026-04-28T23:56:48.135+0300 [DEBUG] [org.gradle.cache.internal.DefaultFileLockManager] Waiting to acquire shared lock on daemon addresses registry.
2026-04-28T23:56:48.136+0300 [DEBUG] [org.gradle.cache.internal.DefaultFileLockManager] Lock acquired on daemon addresses registry.
2026-04-28T23:56:48.137+0300 [DEBUG] [org.gradle.cache.internal.DefaultFileLockManager] Releasing lock on daemon addresses registry.
2026-04-28T23:56:49.195+0300 [DEBUG] [org.gradle.process.internal.health.memory.DefaultMemoryManager] 1747612057 virtual memory requested, 1538621440 free
2026-04-28T23:56:49.195+0300 [DEBUG] [org.gradle.workers.internal.WorkerDaemonExpiration] Will attempt to release 1666 of memory
2026-04-28T23:56:49.196+0300 [DEBUG] [org.gradle.process.internal.health.memory.DefaultMemoryManager] 1747612057 virtual memory requested, 0 released, 1538621440 free
2026-04-28T23:56:51.526+0300 [DEBUG] [sun.rmi.transport.tcp] RMI TCP Connection(4)-127.0.0.1: accepted socket from [127.0.0.1:56759]
2026-04-28T23:56:51.528+0300 [DEBUG] [sun.rmi.transport.tcp] RMI TCP Connection(4)-127.0.0.1: (port 56662) op = 80
2026-04-28T23:56:51.529+0300 [DEBUG] [sun.rmi.loader] RMI TCP Connection(4)-127.0.0.1: name = "[Ljava.rmi.server.ObjID;", codebase = "", defaultLoader = jdk.internal.loader.ClassLoaders$PlatformClassLoader@2b21322
2026-04-28T23:56:51.530+0300 [DEBUG] [sun.rmi.loader] RMI TCP Connection(4)-127.0.0.1: name = "java.rmi.dgc.Lease", codebase = "", defaultLoader = jdk.internal.loader.ClassLoaders$PlatformClassLoader@2b21322
2026-04-28T23:56:51.531+0300 [DEBUG] [sun.rmi.loader] RMI TCP Connection(4)-127.0.0.1: name = "java.rmi.dgc.VMID", codebase = "", defaultLoader = jdk.internal.loader.ClassLoaders$PlatformClassLoader@2b21322
2026-04-28T23:56:51.531+0300 [DEBUG] [sun.rmi.loader] RMI TCP Connection(4)-127.0.0.1: name = "[B", codebase = "", defaultLoader = jdk.internal.loader.ClassLoaders$PlatformClassLoader@2b21322
2026-04-28T23:56:51.532+0300 [DEBUG] [sun.rmi.loader] RMI TCP Connection(4)-127.0.0.1: name = "java.rmi.server.UID", codebase = "", defaultLoader = jdk.internal.loader.ClassLoaders$PlatformClassLoader@2b21322
2026-04-28T23:56:54.190+0300 [DEBUG] [org.gradle.process.internal.health.memory.DefaultMemoryManager] 1747612057 virtual memory requested, 1686016000 free
2026-04-28T23:56:54.190+0300 [DEBUG] [org.gradle.workers.internal.WorkerDaemonExpiration] Will attempt to release 1666 of memory
2026-04-28T23:56:54.190+0300 [DEBUG] [org.gradle.process.internal.health.memory.DefaultMemoryManager] 1747612057 virtual memory requested, 0 released, 1686016000 free
2026-04-28T23:56:58.132+0300 [DEBUG] [org.gradle.cache.internal.DefaultFileLockManager] Waiting to acquire shared lock on daemon addresses registry.
2026-04-28T23:56:58.132+0300 [DEBUG] [org.gradle.cache.internal.DefaultFileLockManager] Lock acquired on daemon addresses registry.
2026-04-28T23:56:58.133+0300 [DEBUG] [org.gradle.cache.internal.DefaultFileLockManager] Releasing lock on daemon addresses registry.
2026-04-28T23:56:58.138+0300 [DEBUG] [org.gradle.cache.internal.DefaultFileLockManager] Waiting to acquire shared lock on daemon addresses registry.
2026-04-28T23:56:58.139+0300 [DEBUG] [org.gradle.cache.internal.DefaultFileLockManager] Lock acquired on daemon addresses registry.
2026-04-28T23:56:58.140+0300 [DEBUG] [org.gradle.cache.internal.DefaultFileLockManager] Releasing lock on daemon addresses registry.
2026-04-28T23:56:58.144+0300 [DEBUG] [org.gradle.cache.internal.DefaultFileLockManager] Waiting to acquire shared lock on daemon addresses registry.
2026-04-28T23:56:58.145+0300 [DEBUG] [org.gradle.cache.internal.DefaultFileLockManager] Lock acquired on daemon addresses registry.
2026-04-28T23:56:58.146+0300 [DEBUG] [org.gradle.cache.internal.DefaultFileLockManager] Releasing lock on daemon addresses registry.
2026-04-28T23:56:59.191+0300 [DEBUG] [org.gradle.process.internal.health.memory.DefaultMemoryManager] 1747612057 virtual memory requested, 1650089984 free
2026-04-28T23:56:59.191+0300 [DEBUG] [org.gradle.workers.internal.WorkerDaemonExpiration] Will attempt to release 1666 of memory
2026-04-28T23:56:59.192+0300 [DEBUG] [org.gradle.process.internal.health.memory.DefaultMemoryManager] 1747612057 virtual memory requested, 0 released, 1650089984 free
2026-04-28T23:57:04.192+0300 [DEBUG] [org.gradle.process.internal.health.memory.DefaultMemoryManager] 1747612057 virtual memory requested, 1632165888 free
2026-04-28T23:57:04.193+0300 [DEBUG] [org.gradle.workers.internal.WorkerDaemonExpiration] Will attempt to release 1666 of memory
2026-04-28T23:57:04.193+0300 [DEBUG] [org.gradle.process.internal.health.memory.DefaultMemoryManager] 1747612057 virtual memory requested, 0 released, 1632165888 free
2026-04-28T23:57:06.544+0300 [DEBUG] [sun.rmi.transport.tcp] RMI TCP Connection(4)-127.0.0.1: (port 56662) connection closed
2026-04-28T23:57:06.545+0300 [DEBUG] [sun.rmi.transport.tcp] RMI TCP Connection(4)-127.0.0.1: close connection, socket: Socket[addr=/127.0.0.1,port=56759,localport=56662]
2026-04-28T23:57:06.545+0300 [DEBUG] [sun.rmi.transport.tcp] RMI TCP Connection(4)-127.0.0.1: socket close: Socket[addr=/127.0.0.1,port=56759,localport=56662]
2026-04-28T23:57:08.139+0300 [DEBUG] [org.gradle.cache.internal.DefaultFileLockManager] Waiting to acquire shared lock on daemon addresses registry.
2026-04-28T23:57:08.140+0300 [DEBUG] [org.gradle.cache.internal.DefaultFileLockManager] Lock acquired on daemon addresses registry.
2026-04-28T23:57:08.141+0300 [DEBUG] [org.gradle.cache.internal.DefaultFileLockManager] Releasing lock on daemon addresses registry.
2026-04-28T23:57:08.143+0300 [DEBUG] [org.gradle.cache.internal.DefaultFileLockManager] Waiting to acquire shared lock on daemon addresses registry.
2026-04-28T23:57:08.144+0300 [DEBUG] [org.gradle.cache.internal.DefaultFileLockManager] Lock acquired on daemon addresses registry.
2026-04-28T23:57:08.145+0300 [DEBUG] [org.gradle.cache.internal.DefaultFileLockManager] Releasing lock on daemon addresses registry.
2026-04-28T23:57:08.149+0300 [DEBUG] [org.gradle.cache.internal.DefaultFileLockManager] Waiting to acquire shared lock on daemon addresses registry.
2026-04-28T23:57:08.149+0300 [DEBUG] [org.gradle.cache.internal.DefaultFileLockManager] Lock acquired on daemon addresses registry.
2026-04-28T23:57:08.150+0300 [DEBUG] [org.gradle.cache.internal.DefaultFileLockManager] Releasing lock on daemon addresses registry.
2026-04-28T23:57:09.198+0300 [DEBUG] [org.gradle.process.internal.health.memory.DefaultMemoryManager] 1747612057 virtual memory requested, 1620680704 free
2026-04-28T23:57:09.198+0300 [DEBUG] [org.gradle.workers.internal.WorkerDaemonExpiration] Will attempt to release 1666 of memory
2026-04-28T23:57:09.199+0300 [DEBUG] [org.gradle.process.internal.health.memory.DefaultMemoryManager] 1747612057 virtual memory requested, 0 released, 1620680704 free
2026-04-28T23:57:14.198+0300 [DEBUG] [org.gradle.process.internal.health.memory.DefaultMemoryManager] 1747612057 virtual memory requested, 1625010176 free
2026-04-28T23:57:14.199+0300 [DEBUG] [org.gradle.workers.internal.WorkerDaemonExpiration] Will attempt to release 1666 of memory
2026-04-28T23:57:14.199+0300 [DEBUG] [org.gradle.process.internal.health.memory.DefaultMemoryManager] 1747612057 virtual memory requested, 0 released, 1625010176 free
2026-04-28T23:57:18.135+0300 [DEBUG] [org.gradle.cache.internal.DefaultFileLockManager] Waiting to acquire shared lock on daemon addresses registry.
2026-04-28T23:57:18.135+0300 [DEBUG] [org.gradle.cache.internal.DefaultFileLockManager] Lock acquired on daemon addresses registry.
2026-04-28T23:57:18.137+0300 [DEBUG] [org.gradle.cache.internal.DefaultFileLockManager] Releasing lock on daemon addresses registry.
2026-04-28T23:57:18.142+0300 [DEBUG] [org.gradle.cache.internal.DefaultFileLockManager] Waiting to acquire shared lock on daemon addresses registry.
2026-04-28T23:57:18.143+0300 [DEBUG] [org.gradle.cache.internal.DefaultFileLockManager] Lock acquired on daemon addresses registry.
2026-04-28T23:57:18.144+0300 [DEBUG] [org.gradle.cache.internal.DefaultFileLockManager] Releasing lock on daemon addresses registry.
2026-04-28T23:57:18.148+0300 [DEBUG] [org.gradle.cache.internal.DefaultFileLockManager] Waiting to acquire shared lock on daemon addresses registry.
2026-04-28T23:57:18.149+0300 [DEBUG] [org.gradle.cache.internal.DefaultFileLockManager] Lock acquired on daemon addresses registry.
2026-04-28T23:57:18.150+0300 [DEBUG] [org.gradle.cache.internal.DefaultFileLockManager] Releasing lock on daemon addresses registry.
2026-04-28T23:57:19.204+0300 [DEBUG] [org.gradle.process.internal.health.memory.DefaultMemoryManager] 1747612057 virtual memory requested, 1657139200 free
2026-04-28T23:57:19.204+0300 [DEBUG] [org.gradle.workers.internal.WorkerDaemonExpiration] Will attempt to release 1666 of memory
2026-04-28T23:57:19.205+0300 [DEBUG] [org.gradle.process.internal.health.memory.DefaultMemoryManager] 1747612057 virtual memory requested, 0 released, 1657139200 free
2026-04-28T23:57:24.196+0300 [DEBUG] [org.gradle.process.internal.health.memory.DefaultMemoryManager] 1747612057 virtual memory requested, 1663578112 free
2026-04-28T23:57:24.196+0300 [DEBUG] [org.gradle.workers.internal.WorkerDaemonExpiration] Will attempt to release 1666 of memory
2026-04-28T23:57:24.196+0300 [DEBUG] [org.gradle.process.internal.health.memory.DefaultMemoryManager] 1747612057 virtual memory requested, 0 released, 1663578112 free
2026-04-28T23:57:28.138+0300 [DEBUG] [org.gradle.cache.internal.DefaultFileLockManager] Waiting to acquire shared lock on daemon addresses registry.
2026-04-28T23:57:28.138+0300 [DEBUG] [org.gradle.cache.internal.DefaultFileLockManager] Lock acquired on daemon addresses registry.
2026-04-28T23:57:28.139+0300 [DEBUG] [org.gradle.cache.internal.DefaultFileLockManager] Releasing lock on daemon addresses registry.
2026-04-28T23:57:28.142+0300 [DEBUG] [org.gradle.cache.internal.DefaultFileLockManager] Waiting to acquire shared lock on daemon addresses registry.
2026-04-28T23:57:28.142+0300 [DEBUG] [org.gradle.cache.internal.DefaultFileLockManager] Lock acquired on daemon addresses registry.
2026-04-28T23:57:28.143+0300 [DEBUG] [org.gradle.cache.internal.DefaultFileLockManager] Releasing lock on daemon addresses registry.
2026-04-28T23:57:28.146+0300 [DEBUG] [org.gradle.cache.internal.DefaultFileLockManager] Waiting to acquire shared lock on daemon addresses registry.
2026-04-28T23:57:28.146+0300 [DEBUG] [org.gradle.cache.internal.DefaultFileLockManager] Lock acquired on daemon addresses registry.
2026-04-28T23:57:28.147+0300 [DEBUG] [org.gradle.cache.internal.DefaultFileLockManager] Releasing lock on daemon addresses registry.
2026-04-28T23:57:29.193+0300 [DEBUG] [org.gradle.process.internal.health.memory.DefaultMemoryManager] 1747612057 virtual memory requested, 1625313280 free
2026-04-28T23:57:29.193+0300 [DEBUG] [org.gradle.workers.internal.WorkerDaemonExpiration] Will attempt to release 1666 of memory
2026-04-28T23:57:29.193+0300 [DEBUG] [org.gradle.process.internal.health.memory.DefaultMemoryManager] 1747612057 virtual memory requested, 0 released, 1625313280 free
2026-04-28T23:57:34.191+0300 [DEBUG] [org.gradle.process.internal.health.memory.DefaultMemoryManager] 1747612057 virtual memory requested, 1404645376 free
2026-04-28T23:57:34.191+0300 [DEBUG] [org.gradle.workers.internal.WorkerDaemonExpiration] Will attempt to release 1666 of memory
2026-04-28T23:57:34.191+0300 [DEBUG] [org.gradle.process.internal.health.memory.DefaultMemoryManager] 1747612057 virtual memory requested, 0 released, 1404645376 free
2026-04-28T23:57:38.137+0300 [DEBUG] [org.gradle.cache.internal.DefaultFileLockManager] Waiting to acquire shared lock on daemon addresses registry.
2026-04-28T23:57:38.137+0300 [DEBUG] [org.gradle.cache.internal.DefaultFileLockManager] Lock acquired on daemon addresses registry.
2026-04-28T23:57:38.138+0300 [DEBUG] [org.gradle.cache.internal.DefaultFileLockManager] Releasing lock on daemon addresses registry.
2026-04-28T23:57:38.141+0300 [DEBUG] [org.gradle.cache.internal.DefaultFileLockManager] Waiting to acquire shared lock on daemon addresses registry.
2026-04-28T23:57:38.142+0300 [DEBUG] [org.gradle.cache.internal.DefaultFileLockManager] Lock acquired on daemon addresses registry.
2026-04-28T23:57:38.143+0300 [DEBUG] [org.gradle.cache.internal.DefaultFileLockManager] Releasing lock on daemon addresses registry.
2026-04-28T23:57:38.145+0300 [DEBUG] [org.gradle.cache.internal.DefaultFileLockManager] Waiting to acquire shared lock on daemon addresses registry.
2026-04-28T23:57:38.145+0300 [DEBUG] [org.gradle.cache.internal.DefaultFileLockManager] Lock acquired on daemon addresses registry.
2026-04-28T23:57:38.146+0300 [DEBUG] [org.gradle.cache.internal.DefaultFileLockManager] Releasing lock on daemon addresses registry.
2026-04-28T23:57:39.192+0300 [DEBUG] [org.gradle.process.internal.health.memory.DefaultMemoryManager] 1747612057 virtual memory requested, 1319022592 free
2026-04-28T23:57:39.192+0300 [DEBUG] [org.gradle.workers.internal.WorkerDaemonExpiration] Will attempt to release 1666 of memory
2026-04-28T23:57:39.192+0300 [DEBUG] [org.gradle.process.internal.health.memory.DefaultMemoryManager] 1747612057 virtual memory requested, 0 released, 1319022592 free
2026-04-28T23:57:44.192+0300 [DEBUG] [org.gradle.process.internal.health.memory.DefaultMemoryManager] 1747612057 virtual memory requested, 1314979840 free
2026-04-28T23:57:44.192+0300 [DEBUG] [org.gradle.workers.internal.WorkerDaemonExpiration] Will attempt to release 1666 of memory
2026-04-28T23:57:44.193+0300 [DEBUG] [org.gradle.process.internal.health.memory.DefaultMemoryManager] 1747612057 virtual memory requested, 0 released, 1314979840 free
2026-04-28T23:57:48.128+0300 [DEBUG] [org.gradle.cache.internal.DefaultFileLockManager] Waiting to acquire shared lock on daemon addresses registry.
2026-04-28T23:57:48.128+0300 [DEBUG] [org.gradle.cache.internal.DefaultFileLockManager] Lock acquired on daemon addresses registry.
2026-04-28T23:57:48.129+0300 [DEBUG] [org.gradle.cache.internal.DefaultFileLockManager] Releasing lock on daemon addresses registry.
2026-04-28T23:57:48.132+0300 [DEBUG] [org.gradle.cache.internal.DefaultFileLockManager] Waiting to acquire shared lock on daemon addresses registry.
2026-04-28T23:57:48.133+0300 [DEBUG] [org.gradle.cache.internal.DefaultFileLockManager] Lock acquired on daemon addresses registry.
2026-04-28T23:57:48.134+0300 [DEBUG] [org.gradle.cache.internal.DefaultFileLockManager] Releasing lock on daemon addresses registry.
2026-04-28T23:57:48.136+0300 [DEBUG] [org.gradle.cache.internal.DefaultFileLockManager] Waiting to acquire shared lock on daemon addresses registry.
2026-04-28T23:57:48.137+0300 [DEBUG] [org.gradle.cache.internal.DefaultFileLockManager] Lock acquired on daemon addresses registry.
2026-04-28T23:57:48.138+0300 [DEBUG] [org.gradle.cache.internal.DefaultFileLockManager] Releasing lock on daemon addresses registry.
2026-04-28T23:57:49.192+0300 [DEBUG] [org.gradle.process.internal.health.memory.DefaultMemoryManager] 1747612057 virtual memory requested, 1369800704 free
2026-04-28T23:57:49.192+0300 [DEBUG] [org.gradle.workers.internal.WorkerDaemonExpiration] Will attempt to release 1666 of memory
2026-04-28T23:57:49.192+0300 [DEBUG] [org.gradle.process.internal.health.memory.DefaultMemoryManager] 1747612057 virtual memory requested, 0 released, 1369800704 free
2026-04-28T23:57:54.192+0300 [DEBUG] [org.gradle.process.internal.health.memory.DefaultMemoryManager] 1747612057 virtual memory requested, 1286049792 free
2026-04-28T23:57:54.192+0300 [DEBUG] [org.gradle.workers.internal.WorkerDaemonExpiration] Will attempt to release 1666 of memory
2026-04-28T23:57:54.192+0300 [DEBUG] [org.gradle.process.internal.health.memory.DefaultMemoryManager] 1747612057 virtual memory requested, 0 released, 1286049792 free
2026-04-28T23:57:58.128+0300 [DEBUG] [org.gradle.cache.internal.DefaultFileLockManager] Waiting to acquire shared lock on daemon addresses registry.
2026-04-28T23:57:58.128+0300 [DEBUG] [org.gradle.cache.internal.DefaultFileLockManager] Lock acquired on daemon addresses registry.
2026-04-28T23:57:58.129+0300 [DEBUG] [org.gradle.cache.internal.DefaultFileLockManager] Releasing lock on daemon addresses registry.
2026-04-28T23:57:58.134+0300 [DEBUG] [org.gradle.cache.internal.DefaultFileLockManager] Waiting to acquire shared lock on daemon addresses registry.
2026-04-28T23:57:58.135+0300 [DEBUG] [org.gradle.cache.internal.DefaultFileLockManager] Lock acquired on daemon addresses registry.
2026-04-28T23:57:58.136+0300 [DEBUG] [org.gradle.cache.internal.DefaultFileLockManager] Releasing lock on daemon addresses registry.
2026-04-28T23:57:58.139+0300 [DEBUG] [org.gradle.cache.internal.DefaultFileLockManager] Waiting to acquire shared lock on daemon addresses registry.
2026-04-28T23:57:58.139+0300 [DEBUG] [org.gradle.cache.internal.DefaultFileLockManager] Lock acquired on daemon addresses registry.
2026-04-28T23:57:58.140+0300 [DEBUG] [org.gradle.cache.internal.DefaultFileLockManager] Releasing lock on daemon addresses registry.
2026-04-28T23:57:59.192+0300 [DEBUG] [org.gradle.process.internal.health.memory.DefaultMemoryManager] 1747612057 virtual memory requested, 1318219776 free
2026-04-28T23:57:59.192+0300 [DEBUG] [org.gradle.workers.internal.WorkerDaemonExpiration] Will attempt to release 1666 of memory
2026-04-28T23:57:59.193+0300 [DEBUG] [org.gradle.process.internal.health.memory.DefaultMemoryManager] 1747612057 virtual memory requested, 0 released, 1318219776 free
2026-04-28T23:58:04.191+0300 [DEBUG] [org.gradle.process.internal.health.memory.DefaultMemoryManager] 1747612057 virtual memory requested, 1311813632 free
2026-04-28T23:58:04.191+0300 [DEBUG] [org.gradle.workers.internal.WorkerDaemonExpiration] Will attempt to release 1666 of memory
2026-04-28T23:58:04.191+0300 [DEBUG] [org.gradle.process.internal.health.memory.DefaultMemoryManager] 1747612057 virtual memory requested, 0 released, 1311813632 free
2026-04-28T23:58:08.126+0300 [DEBUG] [org.gradle.cache.internal.DefaultFileLockManager] Waiting to acquire shared lock on daemon addresses registry.
2026-04-28T23:58:08.127+0300 [DEBUG] [org.gradle.cache.internal.DefaultFileLockManager] Lock acquired on daemon addresses registry.
2026-04-28T23:58:08.127+0300 [DEBUG] [org.gradle.cache.internal.DefaultFileLockManager] Releasing lock on daemon addresses registry.
2026-04-28T23:58:08.132+0300 [DEBUG] [org.gradle.cache.internal.DefaultFileLockManager] Waiting to acquire shared lock on daemon addresses registry.
2026-04-28T23:58:08.132+0300 [DEBUG] [org.gradle.cache.internal.DefaultFileLockManager] Lock acquired on daemon addresses registry.
2026-04-28T23:58:08.133+0300 [DEBUG] [org.gradle.cache.internal.DefaultFileLockManager] Releasing lock on daemon addresses registry.
2026-04-28T23:58:08.135+0300 [DEBUG] [org.gradle.cache.internal.DefaultFileLockManager] Waiting to acquire shared lock on daemon addresses registry.
2026-04-28T23:58:08.136+0300 [DEBUG] [org.gradle.cache.internal.DefaultFileLockManager] Lock acquired on daemon addresses registry.
2026-04-28T23:58:08.137+0300 [DEBUG] [org.gradle.cache.internal.DefaultFileLockManager] Releasing lock on daemon addresses registry.
2026-04-28T23:58:09.191+0300 [DEBUG] [org.gradle.process.internal.health.memory.DefaultMemoryManager] 1747612057 virtual memory requested, 1215610880 free
2026-04-28T23:58:09.191+0300 [DEBUG] [org.gradle.workers.internal.WorkerDaemonExpiration] Will attempt to release 1666 of memory
2026-04-28T23:58:09.192+0300 [DEBUG] [org.gradle.process.internal.health.memory.DefaultMemoryManager] 1747612057 virtual memory requested, 0 released, 1215610880 free
2026-04-28T23:58:14.192+0300 [DEBUG] [org.gradle.process.internal.health.memory.DefaultMemoryManager] 1747612057 virtual memory requested, 1135648768 free
2026-04-28T23:58:14.193+0300 [DEBUG] [org.gradle.workers.internal.WorkerDaemonExpiration] Will attempt to release 1666 of memory
2026-04-28T23:58:14.193+0300 [DEBUG] [org.gradle.process.internal.health.memory.DefaultMemoryManager] 1747612057 virtual memory requested, 0 released, 1135648768 free
2026-04-28T23:58:18.126+0300 [DEBUG] [org.gradle.cache.internal.DefaultFileLockManager] Waiting to acquire shared lock on daemon addresses registry.
2026-04-28T23:58:18.127+0300 [DEBUG] [org.gradle.cache.internal.DefaultFileLockManager] Lock acquired on daemon addresses registry.
2026-04-28T23:58:18.127+0300 [DEBUG] [org.gradle.cache.internal.DefaultFileLockManager] Releasing lock on daemon addresses registry.
2026-04-28T23:58:18.129+0300 [DEBUG] [org.gradle.cache.internal.DefaultFileLockManager] Waiting to acquire shared lock on daemon addresses registry.
2026-04-28T23:58:18.129+0300 [DEBUG] [org.gradle.cache.internal.DefaultFileLockManager] Lock acquired on daemon addresses registry.
2026-04-28T23:58:18.130+0300 [DEBUG] [org.gradle.cache.internal.DefaultFileLockManager] Releasing lock on daemon addresses registry.
2026-04-28T23:58:18.131+0300 [DEBUG] [org.gradle.cache.internal.DefaultFileLockManager] Waiting to acquire shared lock on daemon addresses registry.
2026-04-28T23:58:18.132+0300 [DEBUG] [org.gradle.cache.internal.DefaultFileLockManager] Lock acquired on daemon addresses registry.
2026-04-28T23:58:18.132+0300 [DEBUG] [org.gradle.cache.internal.DefaultFileLockManager] Releasing lock on daemon addresses registry.
2026-04-28T23:58:19.191+0300 [DEBUG] [org.gradle.process.internal.health.memory.DefaultMemoryManager] 1747612057 virtual memory requested, 1051529216 free
2026-04-28T23:58:19.192+0300 [DEBUG] [org.gradle.workers.internal.WorkerDaemonExpiration] Will attempt to release 1666 of memory
2026-04-28T23:58:19.192+0300 [DEBUG] [org.gradle.process.internal.health.memory.DefaultMemoryManager] 1747612057 virtual memory requested, 0 released, 1051529216 free
2026-04-28T23:58:24.192+0300 [DEBUG] [org.gradle.process.internal.health.memory.DefaultMemoryManager] 1747612057 virtual memory requested, 934965248 free
2026-04-28T23:58:24.192+0300 [DEBUG] [org.gradle.workers.internal.WorkerDaemonExpiration] Will attempt to release 1666 of memory
2026-04-28T23:58:24.193+0300 [DEBUG] [org.gradle.process.internal.health.memory.DefaultMemoryManager] 1747612057 virtual memory requested, 0 released, 934965248 free
2026-04-28T23:58:28.128+0300 [DEBUG] [org.gradle.cache.internal.DefaultFileLockManager] Waiting to acquire shared lock on daemon addresses registry.
2026-04-28T23:58:28.129+0300 [DEBUG] [org.gradle.cache.internal.DefaultFileLockManager] Lock acquired on daemon addresses registry.
2026-04-28T23:58:28.130+0300 [DEBUG] [org.gradle.cache.internal.DefaultFileLockManager] Releasing lock on daemon addresses registry.
2026-04-28T23:58:28.137+0300 [DEBUG] [org.gradle.cache.internal.DefaultFileLockManager] Waiting to acquire shared lock on daemon addresses registry.
2026-04-28T23:58:28.138+0300 [DEBUG] [org.gradle.cache.internal.DefaultFileLockManager] Lock acquired on daemon addresses registry.
2026-04-28T23:58:28.139+0300 [DEBUG] [org.gradle.cache.internal.DefaultFileLockManager] Releasing lock on daemon addresses registry.
2026-04-28T23:58:28.142+0300 [DEBUG] [org.gradle.cache.internal.DefaultFileLockManager] Waiting to acquire shared lock on daemon addresses registry.
2026-04-28T23:58:28.143+0300 [DEBUG] [org.gradle.cache.internal.DefaultFileLockManager] Lock acquired on daemon addresses registry.
2026-04-28T23:58:28.144+0300 [DEBUG] [org.gradle.cache.internal.DefaultFileLockManager] Releasing lock on daemon addresses registry.
2026-04-28T23:58:29.192+0300 [DEBUG] [org.gradle.process.internal.health.memory.DefaultMemoryManager] 1747612057 virtual memory requested, 812265472 free
2026-04-28T23:58:29.192+0300 [DEBUG] [org.gradle.workers.internal.WorkerDaemonExpiration] Will attempt to release 1666 of memory
2026-04-28T23:58:29.192+0300 [DEBUG] [org.gradle.process.internal.health.memory.DefaultMemoryManager] 1747612057 virtual memory requested, 0 released, 812265472 free
2026-04-28T23:58:34.191+0300 [DEBUG] [org.gradle.process.internal.health.memory.DefaultMemoryManager] 1747612057 virtual memory requested, 845504512 free
2026-04-28T23:58:34.191+0300 [DEBUG] [org.gradle.workers.internal.WorkerDaemonExpiration] Will attempt to release 1666 of memory
2026-04-28T23:58:34.191+0300 [DEBUG] [org.gradle.process.internal.health.memory.DefaultMemoryManager] 1747612057 virtual memory requested, 0 released, 845504512 free
2026-04-28T23:58:38.126+0300 [DEBUG] [org.gradle.cache.internal.DefaultFileLockManager] Waiting to acquire shared lock on daemon addresses registry.
2026-04-28T23:58:38.127+0300 [DEBUG] [org.gradle.cache.internal.DefaultFileLockManager] Lock acquired on daemon addresses registry.
2026-04-28T23:58:38.128+0300 [DEBUG] [org.gradle.cache.internal.DefaultFileLockManager] Releasing lock on daemon addresses registry.
2026-04-28T23:58:38.131+0300 [DEBUG] [org.gradle.cache.internal.DefaultFileLockManager] Waiting to acquire shared lock on daemon addresses registry.
2026-04-28T23:58:38.131+0300 [DEBUG] [org.gradle.cache.internal.DefaultFileLockManager] Lock acquired on daemon addresses registry.
2026-04-28T23:58:38.132+0300 [DEBUG] [org.gradle.cache.internal.DefaultFileLockManager] Releasing lock on daemon addresses registry.
2026-04-28T23:58:38.135+0300 [DEBUG] [org.gradle.cache.internal.DefaultFileLockManager] Waiting to acquire shared lock on daemon addresses registry.
2026-04-28T23:58:38.135+0300 [DEBUG] [org.gradle.cache.internal.DefaultFileLockManager] Lock acquired on daemon addresses registry.
2026-04-28T23:58:38.136+0300 [DEBUG] [org.gradle.cache.internal.DefaultFileLockManager] Releasing lock on daemon addresses registry.
2026-04-28T23:58:39.192+0300 [DEBUG] [org.gradle.process.internal.health.memory.DefaultMemoryManager] 1747612057 virtual memory requested, 799526912 free
2026-04-28T23:58:39.192+0300 [DEBUG] [org.gradle.workers.internal.WorkerDaemonExpiration] Will attempt to release 1666 of memory
2026-04-28T23:58:39.192+0300 [DEBUG] [org.gradle.process.internal.health.memory.DefaultMemoryManager] 1747612057 virtual memory requested, 0 released, 799526912 free
2026-04-28T23:58:44.192+0300 [DEBUG] [org.gradle.process.internal.health.memory.DefaultMemoryManager] 1747612057 virtual memory requested, 828035072 free
2026-04-28T23:58:44.192+0300 [DEBUG] [org.gradle.workers.internal.WorkerDaemonExpiration] Will attempt to release 1666 of memory
2026-04-28T23:58:44.192+0300 [DEBUG] [org.gradle.process.internal.health.memory.DefaultMemoryManager] 1747612057 virtual memory requested, 0 released, 828035072 free
2026-04-28T23:58:48.128+0300 [DEBUG] [org.gradle.cache.internal.DefaultFileLockManager] Waiting to acquire shared lock on daemon addresses registry.
2026-04-28T23:58:48.128+0300 [DEBUG] [org.gradle.cache.internal.DefaultFileLockManager] Lock acquired on daemon addresses registry.
2026-04-28T23:58:48.130+0300 [DEBUG] [org.gradle.cache.internal.DefaultFileLockManager] Releasing lock on daemon addresses registry.
2026-04-28T23:58:48.134+0300 [DEBUG] [org.gradle.cache.internal.DefaultFileLockManager] Waiting to acquire shared lock on daemon addresses registry.
2026-04-28T23:58:48.135+0300 [DEBUG] [org.gradle.cache.internal.DefaultFileLockManager] Lock acquired on daemon addresses registry.
2026-04-28T23:58:48.135+0300 [DEBUG] [org.gradle.cache.internal.DefaultFileLockManager] Releasing lock on daemon addresses registry.
2026-04-28T23:58:48.138+0300 [DEBUG] [org.gradle.cache.internal.DefaultFileLockManager] Waiting to acquire shared lock on daemon addresses registry.
2026-04-28T23:58:48.139+0300 [DEBUG] [org.gradle.cache.internal.DefaultFileLockManager] Lock acquired on daemon addresses registry.
2026-04-28T23:58:48.139+0300 [DEBUG] [org.gradle.cache.internal.DefaultFileLockManager] Releasing lock on daemon addresses registry.
2026-04-28T23:58:49.191+0300 [DEBUG] [org.gradle.process.internal.health.memory.DefaultMemoryManager] 1747612057 virtual memory requested, 759898112 free
2026-04-28T23:58:49.192+0300 [DEBUG] [org.gradle.workers.internal.WorkerDaemonExpiration] Will attempt to release 1666 of memory
2026-04-28T23:58:49.192+0300 [DEBUG] [org.gradle.process.internal.health.memory.DefaultMemoryManager] 1747612057 virtual memory requested, 0 released, 759898112 free
2026-04-28T23:58:54.193+0300 [DEBUG] [org.gradle.process.internal.health.memory.DefaultMemoryManager] 1747612057 virtual memory requested, 699891712 free
2026-04-28T23:58:54.193+0300 [DEBUG] [org.gradle.workers.internal.WorkerDaemonExpiration] Will attempt to release 1666 of memory
2026-04-28T23:58:54.194+0300 [DEBUG] [org.gradle.process.internal.health.memory.DefaultMemoryManager] 1747612057 virtual memory requested, 0 released, 699891712 free
2026-04-28T23:58:58.128+0300 [DEBUG] [org.gradle.cache.internal.DefaultFileLockManager] Waiting to acquire shared lock on daemon addresses registry.
2026-04-28T23:58:58.128+0300 [DEBUG] [org.gradle.cache.internal.DefaultFileLockManager] Lock acquired on daemon addresses registry.
2026-04-28T23:58:58.129+0300 [DEBUG] [org.gradle.cache.internal.DefaultFileLockManager] Releasing lock on daemon addresses registry.
2026-04-28T23:58:58.133+0300 [DEBUG] [org.gradle.cache.internal.DefaultFileLockManager] Waiting to acquire shared lock on daemon addresses registry.
2026-04-28T23:58:58.133+0300 [DEBUG] [org.gradle.cache.internal.DefaultFileLockManager] Lock acquired on daemon addresses registry.
2026-04-28T23:58:58.135+0300 [DEBUG] [org.gradle.cache.internal.DefaultFileLockManager] Releasing lock on daemon addresses registry.
2026-04-28T23:58:58.138+0300 [DEBUG] [org.gradle.cache.internal.DefaultFileLockManager] Waiting to acquire shared lock on daemon addresses registry.
2026-04-28T23:58:58.139+0300 [DEBUG] [org.gradle.cache.internal.DefaultFileLockManager] Lock acquired on daemon addresses registry.
2026-04-28T23:58:58.140+0300 [DEBUG] [org.gradle.cache.internal.DefaultFileLockManager] Releasing lock on daemon addresses registry.
2026-04-28T23:58:59.193+0300 [DEBUG] [org.gradle.process.internal.health.memory.DefaultMemoryManager] 1747612057 virtual memory requested, 721461248 free
2026-04-28T23:58:59.193+0300 [DEBUG] [org.gradle.workers.internal.WorkerDaemonExpiration] Will attempt to release 1666 of memory
2026-04-28T23:58:59.194+0300 [DEBUG] [org.gradle.process.internal.health.memory.DefaultMemoryManager] 1747612057 virtual memory requested, 0 released, 721461248 free
2026-04-28T23:59:04.192+0300 [DEBUG] [org.gradle.process.internal.health.memory.DefaultMemoryManager] 1747612057 virtual memory requested, 660860928 free
2026-04-28T23:59:04.192+0300 [DEBUG] [org.gradle.workers.internal.WorkerDaemonExpiration] Will attempt to release 1666 of memory
2026-04-28T23:59:04.192+0300 [DEBUG] [org.gradle.process.internal.health.memory.DefaultMemoryManager] 1747612057 virtual memory requested, 0 released, 660860928 free
2026-04-28T23:59:08.126+0300 [DEBUG] [org.gradle.cache.internal.DefaultFileLockManager] Waiting to acquire shared lock on daemon addresses registry.
2026-04-28T23:59:08.126+0300 [DEBUG] [org.gradle.cache.internal.DefaultFileLockManager] Lock acquired on daemon addresses registry.
2026-04-28T23:59:08.126+0300 [DEBUG] [org.gradle.cache.internal.DefaultFileLockManager] Releasing lock on daemon addresses registry.
2026-04-28T23:59:08.128+0300 [DEBUG] [org.gradle.cache.internal.DefaultFileLockManager] Waiting to acquire shared lock on daemon addresses registry.
2026-04-28T23:59:08.128+0300 [DEBUG] [org.gradle.cache.internal.DefaultFileLockManager] Lock acquired on daemon addresses registry.
2026-04-28T23:59:08.128+0300 [DEBUG] [org.gradle.cache.internal.DefaultFileLockManager] Releasing lock on daemon addresses registry.
2026-04-28T23:59:08.129+0300 [DEBUG] [org.gradle.cache.internal.DefaultFileLockManager] Waiting to acquire shared lock on daemon addresses registry.
2026-04-28T23:59:08.129+0300 [DEBUG] [org.gradle.cache.internal.DefaultFileLockManager] Lock acquired on daemon addresses registry.
2026-04-28T23:59:08.130+0300 [DEBUG] [org.gradle.cache.internal.DefaultFileLockManager] Releasing lock on daemon addresses registry.
2026-04-28T23:59:09.192+0300 [DEBUG] [org.gradle.process.internal.health.memory.DefaultMemoryManager] 1747612057 virtual memory requested, 702623744 free
2026-04-28T23:59:09.192+0300 [DEBUG] [org.gradle.workers.internal.WorkerDaemonExpiration] Will attempt to release 1666 of memory
2026-04-28T23:59:09.192+0300 [DEBUG] [org.gradle.process.internal.health.memory.DefaultMemoryManager] 1747612057 virtual memory requested, 0 released, 702623744 free
2026-04-28T23:59:14.193+0300 [DEBUG] [org.gradle.process.internal.health.memory.DefaultMemoryManager] 1747612057 virtual memory requested, 717783040 free
2026-04-28T23:59:14.193+0300 [DEBUG] [org.gradle.workers.internal.WorkerDaemonExpiration] Will attempt to release 1666 of memory
2026-04-28T23:59:14.193+0300 [DEBUG] [org.gradle.process.internal.health.memory.DefaultMemoryManager] 1747612057 virtual memory requested, 0 released, 717783040 free
2026-04-28T23:59:18.127+0300 [DEBUG] [org.gradle.cache.internal.DefaultFileLockManager] Waiting to acquire shared lock on daemon addresses registry.
2026-04-28T23:59:18.127+0300 [DEBUG] [org.gradle.cache.internal.DefaultFileLockManager] Lock acquired on daemon addresses registry.
2026-04-28T23:59:18.127+0300 [DEBUG] [org.gradle.cache.internal.DefaultFileLockManager] Releasing lock on daemon addresses registry.
2026-04-28T23:59:18.128+0300 [DEBUG] [org.gradle.cache.internal.DefaultFileLockManager] Waiting to acquire shared lock on daemon addresses registry.
2026-04-28T23:59:18.128+0300 [DEBUG] [org.gradle.cache.internal.DefaultFileLockManager] Lock acquired on daemon addresses registry.
2026-04-28T23:59:18.128+0300 [DEBUG] [org.gradle.cache.internal.DefaultFileLockManager] Releasing lock on daemon addresses registry.
2026-04-28T23:59:18.129+0300 [DEBUG] [org.gradle.cache.internal.DefaultFileLockManager] Waiting to acquire shared lock on daemon addresses registry.
2026-04-28T23:59:18.130+0300 [DEBUG] [org.gradle.cache.internal.DefaultFileLockManager] Lock acquired on daemon addresses registry.
2026-04-28T23:59:18.130+0300 [DEBUG] [org.gradle.cache.internal.DefaultFileLockManager] Releasing lock on daemon addresses registry.
2026-04-28T23:59:19.191+0300 [DEBUG] [org.gradle.process.internal.health.memory.DefaultMemoryManager] 1747612057 virtual memory requested, 754294784 free
2026-04-28T23:59:19.191+0300 [DEBUG] [org.gradle.workers.internal.WorkerDaemonExpiration] Will attempt to release 1666 of memory
2026-04-28T23:59:19.191+0300 [DEBUG] [org.gradle.process.internal.health.memory.DefaultMemoryManager] 1747612057 virtual memory requested, 0 released, 754294784 free
2026-04-28T23:59:24.194+0300 [DEBUG] [org.gradle.process.internal.health.memory.DefaultMemoryManager] 1747612057 virtual memory requested, 874524672 free
2026-04-28T23:59:24.194+0300 [DEBUG] [org.gradle.workers.internal.WorkerDaemonExpiration] Will attempt to release 1666 of memory
2026-04-28T23:59:24.194+0300 [DEBUG] [org.gradle.process.internal.health.memory.DefaultMemoryManager] 1747612057 virtual memory requested, 0 released, 874524672 free
2026-04-28T23:59:28.129+0300 [DEBUG] [org.gradle.cache.internal.DefaultFileLockManager] Waiting to acquire shared lock on daemon addresses registry.
2026-04-28T23:59:28.129+0300 [DEBUG] [org.gradle.cache.internal.DefaultFileLockManager] Lock acquired on daemon addresses registry.
2026-04-28T23:59:28.129+0300 [DEBUG] [org.gradle.cache.internal.DefaultFileLockManager] Releasing lock on daemon addresses registry.
2026-04-28T23:59:28.130+0300 [DEBUG] [org.gradle.cache.internal.DefaultFileLockManager] Waiting to acquire shared lock on daemon addresses registry.
2026-04-28T23:59:28.130+0300 [DEBUG] [org.gradle.cache.internal.DefaultFileLockManager] Lock acquired on daemon addresses registry.
2026-04-28T23:59:28.131+0300 [DEBUG] [org.gradle.cache.internal.DefaultFileLockManager] Releasing lock on daemon addresses registry.
2026-04-28T23:59:28.132+0300 [DEBUG] [org.gradle.cache.internal.DefaultFileLockManager] Waiting to acquire shared lock on daemon addresses registry.
2026-04-28T23:59:28.133+0300 [DEBUG] [org.gradle.cache.internal.DefaultFileLockManager] Lock acquired on daemon addresses registry.
2026-04-28T23:59:28.134+0300 [DEBUG] [org.gradle.cache.internal.DefaultFileLockManager] Releasing lock on daemon addresses registry.
2026-04-28T23:59:29.193+0300 [DEBUG] [org.gradle.process.internal.health.memory.DefaultMemoryManager] 1747612057 virtual memory requested, 859512832 free
2026-04-28T23:59:29.193+0300 [DEBUG] [org.gradle.workers.internal.WorkerDaemonExpiration] Will attempt to release 1666 of memory
2026-04-28T23:59:29.193+0300 [DEBUG] [org.gradle.process.internal.health.memory.DefaultMemoryManager] 1747612057 virtual memory requested, 0 released, 859512832 free
2026-04-28T23:59:34.194+0300 [DEBUG] [org.gradle.process.internal.health.memory.DefaultMemoryManager] 1747612057 virtual memory requested, 864808960 free
2026-04-28T23:59:34.194+0300 [DEBUG] [org.gradle.workers.internal.WorkerDaemonExpiration] Will attempt to release 1666 of memory
2026-04-28T23:59:34.194+0300 [DEBUG] [org.gradle.process.internal.health.memory.DefaultMemoryManager] 1747612057 virtual memory requested, 0 released, 864808960 free
2026-04-28T23:59:38.127+0300 [DEBUG] [org.gradle.cache.internal.DefaultFileLockManager] Waiting to acquire shared lock on daemon addresses registry.
2026-04-28T23:59:38.127+0300 [DEBUG] [org.gradle.cache.internal.DefaultFileLockManager] Lock acquired on daemon addresses registry.
2026-04-28T23:59:38.127+0300 [DEBUG] [org.gradle.cache.internal.DefaultFileLockManager] Releasing lock on daemon addresses registry.
2026-04-28T23:59:38.128+0300 [DEBUG] [org.gradle.cache.internal.DefaultFileLockManager] Waiting to acquire shared lock on daemon addresses registry.
2026-04-28T23:59:38.128+0300 [DEBUG] [org.gradle.cache.internal.DefaultFileLockManager] Lock acquired on daemon addresses registry.
2026-04-28T23:59:38.128+0300 [DEBUG] [org.gradle.cache.internal.DefaultFileLockManager] Releasing lock on daemon addresses registry.
2026-04-28T23:59:38.129+0300 [DEBUG] [org.gradle.cache.internal.DefaultFileLockManager] Waiting to acquire shared lock on daemon addresses registry.
2026-04-28T23:59:38.129+0300 [DEBUG] [org.gradle.cache.internal.DefaultFileLockManager] Lock acquired on daemon addresses registry.
2026-04-28T23:59:38.129+0300 [DEBUG] [org.gradle.cache.internal.DefaultFileLockManager] Releasing lock on daemon addresses registry.
2026-04-28T23:59:39.193+0300 [DEBUG] [org.gradle.process.internal.health.memory.DefaultMemoryManager] 1747612057 virtual memory requested, 902000640 free
2026-04-28T23:59:39.193+0300 [DEBUG] [org.gradle.workers.internal.WorkerDaemonExpiration] Will attempt to release 1666 of memory
2026-04-28T23:59:39.193+0300 [DEBUG] [org.gradle.process.internal.health.memory.DefaultMemoryManager] 1747612057 virtual memory requested, 0 released, 902000640 free
2026-04-28T23:59:44.194+0300 [DEBUG] [org.gradle.process.internal.health.memory.DefaultMemoryManager] 1747612057 virtual memory requested, 903143424 free
2026-04-28T23:59:44.194+0300 [DEBUG] [org.gradle.workers.internal.WorkerDaemonExpiration] Will attempt to release 1666 of memory
2026-04-28T23:59:44.194+0300 [DEBUG] [org.gradle.process.internal.health.memory.DefaultMemoryManager] 1747612057 virtual memory requested, 0 released, 903143424 free
2026-04-28T23:59:48.127+0300 [DEBUG] [org.gradle.cache.internal.DefaultFileLockManager] Waiting to acquire shared lock on daemon addresses registry.
2026-04-28T23:59:48.127+0300 [DEBUG] [org.gradle.cache.internal.DefaultFileLockManager] Lock acquired on daemon addresses registry.
2026-04-28T23:59:48.127+0300 [DEBUG] [org.gradle.cache.internal.DefaultFileLockManager] Releasing lock on daemon addresses registry.
2026-04-28T23:59:48.128+0300 [DEBUG] [org.gradle.cache.internal.DefaultFileLockManager] Waiting to acquire shared lock on daemon addresses registry.
2026-04-28T23:59:48.128+0300 [DEBUG] [org.gradle.cache.internal.DefaultFileLockManager] Lock acquired on daemon addresses registry.
2026-04-28T23:59:48.128+0300 [DEBUG] [org.gradle.cache.internal.DefaultFileLockManager] Releasing lock on daemon addresses registry.
2026-04-28T23:59:48.129+0300 [DEBUG] [org.gradle.cache.internal.DefaultFileLockManager] Waiting to acquire shared lock on daemon addresses registry.
2026-04-28T23:59:48.129+0300 [DEBUG] [org.gradle.cache.internal.DefaultFileLockManager] Lock acquired on daemon addresses registry.
2026-04-28T23:59:48.129+0300 [DEBUG] [org.gradle.cache.internal.DefaultFileLockManager] Releasing lock on daemon addresses registry.
2026-04-28T23:59:49.193+0300 [DEBUG] [org.gradle.process.internal.health.memory.DefaultMemoryManager] 1747612057 virtual memory requested, 899989504 free
2026-04-28T23:59:49.193+0300 [DEBUG] [org.gradle.workers.internal.WorkerDaemonExpiration] Will attempt to release 1666 of memory
2026-04-28T23:59:49.193+0300 [DEBUG] [org.gradle.process.internal.health.memory.DefaultMemoryManager] 1747612057 virtual memory requested, 0 released, 899989504 free
2026-04-28T23:59:54.194+0300 [DEBUG] [org.gradle.process.internal.health.memory.DefaultMemoryManager] 1747612057 virtual memory requested, 966995968 free
2026-04-28T23:59:54.194+0300 [DEBUG] [org.gradle.workers.internal.WorkerDaemonExpiration] Will attempt to release 1666 of memory
2026-04-28T23:59:54.194+0300 [DEBUG] [org.gradle.process.internal.health.memory.DefaultMemoryManager] 1747612057 virtual memory requested, 0 released, 966995968 free
2026-04-28T23:59:58.127+0300 [DEBUG] [org.gradle.cache.internal.DefaultFileLockManager] Waiting to acquire shared lock on daemon addresses registry.
2026-04-28T23:59:58.127+0300 [DEBUG] [org.gradle.cache.internal.DefaultFileLockManager] Lock acquired on daemon addresses registry.
2026-04-28T23:59:58.127+0300 [DEBUG] [org.gradle.cache.internal.DefaultFileLockManager] Releasing lock on daemon addresses registry.
2026-04-28T23:59:58.128+0300 [DEBUG] [org.gradle.cache.internal.DefaultFileLockManager] Waiting to acquire shared lock on daemon addresses registry.
2026-04-28T23:59:58.128+0300 [DEBUG] [org.gradle.cache.internal.DefaultFileLockManager] Lock acquired on daemon addresses registry.
2026-04-28T23:59:58.128+0300 [DEBUG] [org.gradle.cache.internal.DefaultFileLockManager] Releasing lock on daemon addresses registry.
2026-04-28T23:59:58.130+0300 [DEBUG] [org.gradle.cache.internal.DefaultFileLockManager] Waiting to acquire shared lock on daemon addresses registry.
2026-04-28T23:59:58.130+0300 [DEBUG] [org.gradle.cache.internal.DefaultFileLockManager] Lock acquired on daemon addresses registry.
2026-04-28T23:59:58.130+0300 [DEBUG] [org.gradle.cache.internal.DefaultFileLockManager] Releasing lock on daemon addresses registry.
2026-04-28T23:59:59.193+0300 [DEBUG] [org.gradle.process.internal.health.memory.DefaultMemoryManager] 1747612057 virtual memory requested, 971067392 free
2026-04-28T23:59:59.193+0300 [DEBUG] [org.gradle.workers.internal.WorkerDaemonExpiration] Will attempt to release 1666 of memory
2026-04-28T23:59:59.193+0300 [DEBUG] [org.gradle.process.internal.health.memory.DefaultMemoryManager] 1747612057 virtual memory requested, 0 released, 971067392 free
2026-04-29T00:00:04.194+0300 [DEBUG] [org.gradle.process.internal.health.memory.DefaultMemoryManager] 1747612057 virtual memory requested, 777134080 free
2026-04-29T00:00:04.194+0300 [DEBUG] [org.gradle.workers.internal.WorkerDaemonExpiration] Will attempt to release 1666 of memory
2026-04-29T00:00:04.194+0300 [DEBUG] [org.gradle.process.internal.health.memory.DefaultMemoryManager] 1747612057 virtual memory requested, 0 released, 777134080 free
2026-04-29T00:00:08.129+0300 [DEBUG] [org.gradle.cache.internal.DefaultFileLockManager] Waiting to acquire shared lock on daemon addresses registry.
2026-04-29T00:00:08.129+0300 [DEBUG] [org.gradle.cache.internal.DefaultFileLockManager] Lock acquired on daemon addresses registry.
2026-04-29T00:00:08.129+0300 [DEBUG] [org.gradle.cache.internal.DefaultFileLockManager] Releasing lock on daemon addresses registry.
2026-04-29T00:00:08.130+0300 [DEBUG] [org.gradle.cache.internal.DefaultFileLockManager] Waiting to acquire shared lock on daemon addresses registry.
2026-04-29T00:00:08.130+0300 [DEBUG] [org.gradle.cache.internal.DefaultFileLockManager] Lock acquired on daemon addresses registry.
2026-04-29T00:00:08.130+0300 [DEBUG] [org.gradle.cache.internal.DefaultFileLockManager] Releasing lock on daemon addresses registry.
2026-04-29T00:00:08.131+0300 [DEBUG] [org.gradle.cache.internal.DefaultFileLockManager] Waiting to acquire shared lock on daemon addresses registry.
2026-04-29T00:00:08.131+0300 [DEBUG] [org.gradle.cache.internal.DefaultFileLockManager] Lock acquired on daemon addresses registry.
2026-04-29T00:00:08.131+0300 [DEBUG] [org.gradle.cache.internal.DefaultFileLockManager] Releasing lock on daemon addresses registry.
2026-04-29T00:00:09.195+0300 [DEBUG] [org.gradle.process.internal.health.memory.DefaultMemoryManager] 1747612057 virtual memory requested, 888778752 free
2026-04-29T00:00:09.195+0300 [DEBUG] [org.gradle.workers.internal.WorkerDaemonExpiration] Will attempt to release 1666 of memory
2026-04-29T00:00:09.195+0300 [DEBUG] [org.gradle.process.internal.health.memory.DefaultMemoryManager] 1747612057 virtual memory requested, 0 released, 888778752 free
2026-04-29T00:00:14.194+0300 [DEBUG] [org.gradle.process.internal.health.memory.DefaultMemoryManager] 1747612057 virtual memory requested, 799600640 free
2026-04-29T00:00:14.194+0300 [DEBUG] [org.gradle.workers.internal.WorkerDaemonExpiration] Will attempt to release 1666 of memory
2026-04-29T00:00:14.194+0300 [DEBUG] [org.gradle.process.internal.health.memory.DefaultMemoryManager] 1747612057 virtual memory requested, 0 released, 799600640 free
2026-04-29T00:00:17.665+0300 [DEBUG] [org.gradle.internal.remote.internal.inet.TcpIncomingConnector] Accepted connection from /127.0.0.1:62816 to /127.0.0.1:56654.
2026-04-29T00:00:17.670+0300 [DEBUG] [org.gradle.launcher.daemon.server.SynchronizedDispatchConnection] thread 228: received class org.gradle.launcher.daemon.protocol.Build
2026-04-29T00:00:17.670+0300 [DEBUG] [org.gradle.launcher.daemon.server.DefaultDaemonConnection] thread 228: Received non-IO message from client: Build{id=28d6420b-e230-4f02-a510-94c66f8be74b, currentDir=C:\Users\MOHANNED\Desktop\rr}
2026-04-29T00:00:17.670+0300 [INFO] [org.gradle.launcher.daemon.server.DefaultIncomingConnectionHandler] Received command: Build{id=28d6420b-e230-4f02-a510-94c66f8be74b, currentDir=C:\Users\MOHANNED\Desktop\rr}.
2026-04-29T00:00:17.670+0300 [DEBUG] [org.gradle.launcher.daemon.server.DefaultIncomingConnectionHandler] Starting executing command: Build{id=28d6420b-e230-4f02-a510-94c66f8be74b, currentDir=C:\Users\MOHANNED\Desktop\rr} with connection: socket connection from /127.0.0.1:56654 to /127.0.0.1:62816.
2026-04-29T00:00:17.671+0300 [DEBUG] [org.gradle.launcher.daemon.server.DaemonStateCoordinator] Command execution: started DaemonCommandExecution[command = Build{id=28d6420b-e230-4f02-a510-94c66f8be74b, currentDir=C:\Users\MOHANNED\Desktop\rr}, connection = DefaultDaemonConnection: socket connection from /127.0.0.1:56654 to /127.0.0.1:62816] after 11.948749999999999 minutes of idle
2026-04-29T00:00:17.671+0300 [INFO] [org.gradle.launcher.daemon.server.DaemonRegistryUpdater] Marking the daemon as busy, address: [69981fdb-87a2-48b3-8505-8885edc3a86c port:56654, addresses:[localhost/127.0.0.1]]
2026-04-29T00:00:17.671+0300 [DEBUG] [org.gradle.launcher.daemon.registry.PersistentDaemonRegistry] Marking busy by address: [69981fdb-87a2-48b3-8505-8885edc3a86c port:56654, addresses:[localhost/127.0.0.1]]
2026-04-29T00:00:17.671+0300 [DEBUG] [org.gradle.cache.internal.DefaultFileLockManager] Waiting to acquire exclusive lock on daemon addresses registry.
2026-04-29T00:00:17.672+0300 [DEBUG] [org.gradle.cache.internal.DefaultFileLockManager] Lock acquired on daemon addresses registry.
2026-04-29T00:00:17.673+0300 [DEBUG] [org.gradle.cache.internal.DefaultFileLockManager] Releasing lock on daemon addresses registry.
2026-04-29T00:00:17.673+0300 [DEBUG] [org.gradle.launcher.daemon.server.DaemonStateCoordinator] resetting idle timer
2026-04-29T00:00:17.673+0300 [DEBUG] [org.gradle.launcher.daemon.server.DaemonStateCoordinator] daemon is running. Sleeping until state changes.
2026-04-29T00:00:17.674+0300 [INFO] [org.gradle.launcher.daemon.server.exec.StartBuildOrRespondWithBusy] Daemon is about to start building Build{id=28d6420b-e230-4f02-a510-94c66f8be74b, currentDir=C:\Users\MOHANNED\Desktop\rr}. Dispatching build started information...
2026-04-29T00:00:17.674+0300 [DEBUG] [org.gradle.launcher.daemon.server.SynchronizedDispatchConnection] thread 230: dispatching org.gradle.launcher.daemon.protocol.BuildStarted@494fe734
2026-04-29T00:00:17.675+0300 [DEBUG] [org.gradle.launcher.daemon.server.exec.EstablishBuildEnvironment] Configuring env variables: [USERDOMAIN_ROAMINGPROFILE, PROCESSOR_LEVEL, SESSIONNAME, ALLUSERSPROFILE, PROCESSOR_ARCHITECTURE, PSModulePath, SystemDrive, EFC_10108_3789132940, USERNAME, ProgramFiles(x86), FPS_BROWSER_USER_PROFILE_STRING, PATHEXT, DriverData, ProgramData, ProgramW6432, HOMEPATH, LC_ALL, PROCESSOR_IDENTIFIER, ProgramFiles, PUBLIC, windir, =::, ZES_ENABLE_SYSMAN, LOCALAPPDATA, USERDOMAIN, LOGONSERVER, FPS_BROWSER_APP_PROFILE_STRING, EFC_10108_1592913036, LANG, OneDrive, APPDATA, EFC_10108_2283032206, EFC_10108_1262719628, VBOX_MSI_INSTALL_PATH, CommonProgramFiles, Path, OS, COMPUTERNAME, EFC_10108_2775293581, PROCESSOR_REVISION, CommonProgramW6432, ComSpec, TEMP, SystemRoot, HOMEDRIVE, USERPROFILE, TMP, CommonProgramFiles(x86), NUMBER_OF_PROCESSORS]
2026-04-29T00:00:17.676+0300 [DEBUG] [org.gradle.launcher.daemon.server.exec.LogToClient] About to start relaying all logs to the client via the connection.
2026-04-29T00:00:17.676+0300 [INFO] [org.gradle.launcher.daemon.server.exec.LogToClient] The client will now receive all logging from the daemon (pid: 15724). The daemon log file: C:\Users\MOHANNED\Desktop\rr\daemon\8.14.3\daemon-15724.out.log
2026-04-29T00:00:17.677+0300 [INFO] [org.gradle.launcher.daemon.server.exec.LogAndCheckHealth] Starting 2nd build in daemon [uptime: 13 mins 50.584 secs, performance: 100%, GC rate: 0.00/s, heap usage: 0% of 1.5 GiB]
2026-04-29T00:00:17.677+0300 [DEBUG] [org.gradle.launcher.daemon.server.exec.ExecuteBuild] The daemon has started executing the build.
2026-04-29T00:00:17.678+0300 [DEBUG] [org.gradle.launcher.daemon.server.exec.ExecuteBuild] Executing build with daemon context: DefaultDaemonContext[uid=841063e1-fb75-4794-b3b0-6300c32adda4,javaHome=C:\Program Files\Android\Android Studio\jbr,javaVersion=21,javaVendor=JetBrains s.r.o.,daemonRegistryDir=C:\Users\MOHANNED\Desktop\rr\daemon,pid=15724,idleTimeout=10800000,priority=NORMAL,applyInstrumentationAgent=true,nativeServicesMode=ENABLED,daemonOpts=-Xmx1536M,-Dfile.encoding=UTF-8,-Duser.country=US,-Duser.language=en,-Duser.variant]
Reusing configuration cache.
w: file:///C:/Users/MOHANNED/Desktop/rr/composeApp/src/androidMain/kotlin/org/mohanned/rawdatyci_cdapp/core/util/ConnectivityObserver.kt:14:1 'expect'/'actual' classes (including interfaces, objects, annotations, enums, and 'actual' typealiases) are in Beta. Consider using the '-Xexpect-actual-classes' flag to suppress this warning. Also see: https://youtrack.jetbrains.com/issue/KT-61573
w: file:///C:/Users/MOHANNED/Desktop/rr/composeApp/src/androidMain/kotlin/org/mohanned/rawdatyci_cdapp/core/util/ConnectivityObserver.kt:17:5 'expect'/'actual' classes (including interfaces, objects, annotations, enums, and 'actual' typealiases) are in Beta. Consider using the '-Xexpect-actual-classes' flag to suppress this warning. Also see: https://youtrack.jetbrains.com/issue/KT-61573
w: file:///C:/Users/MOHANNED/Desktop/rr/composeApp/src/commonMain/kotlin/org/mohanned/rawdatyci_cdapp/core/util/ConnectivityObserver.kt:5:1 'expect'/'actual' classes (including interfaces, objects, annotations, enums, and 'actual' typealiases) are in Beta. Consider using the '-Xexpect-actual-classes' flag to suppress this warning. Also see: https://youtrack.jetbrains.com/issue/KT-61573
w: file:///C:/Users/MOHANNED/Desktop/rr/composeApp/src/commonMain/kotlin/org/mohanned/rawdatyci_cdapp/core/util/ConnectivityObserver.kt:8:16 'expect'/'actual' classes (including interfaces, objects, annotations, enums, and 'actual' typealiases) are in Beta. Consider using the '-Xexpect-actual-classes' flag to suppress this warning. Also see: https://youtrack.jetbrains.com/issue/KT-61573
w: file:///C:/Users/MOHANNED/Desktop/rr/composeApp/src/commonMain/kotlin/org/mohanned/rawdatyci_cdapp/data/repository/ChatRepositoryImpl.kt:23:26 Unchecked cast of 'ApiResponse<List<ConversationDto>>' to 'ApiResponse<PaginatedResult<Conversation>>'.
w: file:///C:/Users/MOHANNED/Desktop/rr/composeApp/src/commonMain/kotlin/org/mohanned/rawdatyci_cdapp/data/repository/ChatRepositoryImpl.kt:36:26 Unchecked cast of 'ApiResponse<ApiListDto<MessageDto>>' to 'ApiResponse<PaginatedResult<Message>>'.
w: file:///C:/Users/MOHANNED/Desktop/rr/composeApp/src/commonMain/kotlin/org/mohanned/rawdatyci_cdapp/data/repository/ChatRepositoryImpl.kt:49:26 Unchecked cast of 'ApiResponse<MessageDto>' to 'ApiResponse<Message>'.
w: file:///C:/Users/MOHANNED/Desktop/rr/composeApp/src/commonMain/kotlin/org/mohanned/rawdatyci_cdapp/data/repository/ChatRepositoryImpl.kt:62:26 Unchecked cast of 'ApiResponse<ConversationDto>' to 'ApiResponse<Conversation>'.
w: file:///C:/Users/MOHANNED/Desktop/rr/composeApp/src/commonMain/kotlin/org/mohanned/rawdatyci_cdapp/data/repository/ChildrenRepositoryImpl.kt:22:26 Unchecked cast of 'ApiResponse<ApiListDto<ChildDto>>' to 'ApiResponse<PaginatedResult<Child>>'.
w: file:///C:/Users/MOHANNED/Desktop/rr/composeApp/src/commonMain/kotlin/org/mohanned/rawdatyci_cdapp/data/repository/ChildrenRepositoryImpl.kt:35:26 Unchecked cast of 'ApiResponse<ApiListDto<ChildDto>>' to 'ApiResponse<PaginatedResult<Child>>'.
w: file:///C:/Users/MOHANNED/Desktop/rr/composeApp/src/commonMain/kotlin/org/mohanned/rawdatyci_cdapp/data/repository/ChildrenRepositoryImpl.kt:48:26 Unchecked cast of 'ApiResponse<ChildDto>' to 'ApiResponse<Child>'.
w: file:///C:/Users/MOHANNED/Desktop/rr/composeApp/src/commonMain/kotlin/org/mohanned/rawdatyci_cdapp/data/repository/ChildrenRepositoryImpl.kt:64:26 Unchecked cast of 'ApiResponse<ChildDto>' to 'ApiResponse<Child>'.
w: file:///C:/Users/MOHANNED/Desktop/rr/composeApp/src/commonMain/kotlin/org/mohanned/rawdatyci_cdapp/data/repository/ClassesRepositoryImpl.kt:21:26 Unchecked cast of 'ApiResponse<ApiListDto<ClassDto>>' to 'ApiResponse<PaginatedResult<Classroom>>'.
w: file:///C:/Users/MOHANNED/Desktop/rr/composeApp/src/commonMain/kotlin/org/mohanned/rawdatyci_cdapp/data/repository/ClassesRepositoryImpl.kt:34:26 Unchecked cast of 'ApiResponse<ClassDto>' to 'ApiResponse<Classroom>'.
w: file:///C:/Users/MOHANNED/Desktop/rr/composeApp/src/commonMain/kotlin/org/mohanned/rawdatyci_cdapp/data/repository/ClassesRepositoryImpl.kt:47:26 Unchecked cast of 'ApiResponse<ClassDto>' to 'ApiResponse<Classroom>'.
w: file:///C:/Users/MOHANNED/Desktop/rr/composeApp/src/commonMain/kotlin/org/mohanned/rawdatyci_cdapp/data/repository/ClassesRepositoryImpl.kt:60:26 Unchecked cast of 'ApiResponse<ClassDto>' to 'ApiResponse<Classroom>'.
w: file:///C:/Users/MOHANNED/Desktop/rr/composeApp/src/commonMain/kotlin/org/mohanned/rawdatyci_cdapp/data/repository/ComplaintsRepositoryImpl.kt:20:26 Unchecked cast of 'ApiResponse<ApiListDto<ComplaintDto>>' to 'ApiResponse<PaginatedResult<Complaint>>'.
w: file:///C:/Users/MOHANNED/Desktop/rr/composeApp/src/commonMain/kotlin/org/mohanned/rawdatyci_cdapp/data/repository/ComplaintsRepositoryImpl.kt:33:26 Unchecked cast of 'ApiResponse<ComplaintDto>' to 'ApiResponse<Complaint>'.
w: file:///C:/Users/MOHANNED/Desktop/rr/composeApp/src/commonMain/kotlin/org/mohanned/rawdatyci_cdapp/data/repository/ComplaintsRepositoryImpl.kt:46:26 Unchecked cast of 'ApiResponse<ComplaintDto>' to 'ApiResponse<Complaint>'.
w: file:///C:/Users/MOHANNED/Desktop/rr/composeApp/src/commonMain/kotlin/org/mohanned/rawdatyci_cdapp/data/repository/ComplaintsRepositoryImpl.kt:59:26 Unchecked cast of 'ApiResponse<ComplaintDto>' to 'ApiResponse<Complaint>'.
w: file:///C:/Users/MOHANNED/Desktop/rr/composeApp/src/commonMain/kotlin/org/mohanned/rawdatyci_cdapp/data/repository/GamesRepositoryImpl.kt:21:26 Unchecked cast of 'ApiResponse<List<GameQuestionDto>>' to 'ApiResponse<List<GameQuestion>>'.
w: file:///C:/Users/MOHANNED/Desktop/rr/composeApp/src/commonMain/kotlin/org/mohanned/rawdatyci_cdapp/data/repository/GamesRepositoryImpl.kt:58:26 Unchecked cast of 'ApiResponse<GameQuestionDto>' to 'ApiResponse<GameQuestion>'.
w: file:///C:/Users/MOHANNED/Desktop/rr/composeApp/src/commonMain/kotlin/org/mohanned/rawdatyci_cdapp/data/repository/NewsRepositoryImpl.kt:20:26 Unchecked cast of 'ApiResponse<ApiListDto<NewsDto>>' to 'ApiResponse<PaginatedResult<News>>'.
w: file:///C:/Users/MOHANNED/Desktop/rr/composeApp/src/commonMain/kotlin/org/mohanned/rawdatyci_cdapp/data/repository/NewsRepositoryImpl.kt:33:26 Unchecked cast of 'ApiResponse<ApiListDto<NewsDto>>' to 'ApiResponse<List<News>>'.
w: file:///C:/Users/MOHANNED/Desktop/rr/composeApp/src/commonMain/kotlin/org/mohanned/rawdatyci_cdapp/data/repository/NewsRepositoryImpl.kt:46:26 Unchecked cast of 'ApiResponse<NewsDto>' to 'ApiResponse<News>'.
w: file:///C:/Users/MOHANNED/Desktop/rr/composeApp/src/commonMain/kotlin/org/mohanned/rawdatyci_cdapp/data/repository/NewsRepositoryImpl.kt:59:26 Unchecked cast of 'ApiResponse<NewsDto>' to 'ApiResponse<News>'.
w: file:///C:/Users/MOHANNED/Desktop/rr/composeApp/src/commonMain/kotlin/org/mohanned/rawdatyci_cdapp/data/repository/NewsRepositoryImpl.kt:72:26 Unchecked cast of 'ApiResponse<NewsDto>' to 'ApiResponse<News>'.
w: file:///C:/Users/MOHANNED/Desktop/rr/composeApp/src/commonMain/kotlin/org/mohanned/rawdatyci_cdapp/data/repository/NotificationsRepositoryImpl.kt:20:26 Unchecked cast of 'ApiResponse<ApiListDto<NotificationDto>>' to 'ApiResponse<PaginatedResult<AppNotification>>'.
w: file:///C:/Users/MOHANNED/Desktop/rr/composeApp/src/commonMain/kotlin/org/mohanned/rawdatyci_cdapp/data/repository/SettingsRepositoryImpl.kt:19:26 Unchecked cast of 'ApiResponse<SettingsDto>' to 'ApiResponse<KindergartenSettings>'.
w: file:///C:/Users/MOHANNED/Desktop/rr/composeApp/src/commonMain/kotlin/org/mohanned/rawdatyci_cdapp/data/repository/SettingsRepositoryImpl.kt:43:26 Unchecked cast of 'ApiResponse<SettingsDto>' to 'ApiResponse<KindergartenSettings>'.
w: file:///C:/Users/MOHANNED/Desktop/rr/composeApp/src/commonMain/kotlin/org/mohanned/rawdatyci_cdapp/presentation/components/Components.kt:1065:13 'fun quadraticBezierTo(x1: Float, y1: Float, x2: Float, y2: Float): Unit' is deprecated. Use quadraticTo() for consistency with cubicTo().
w: file:///C:/Users/MOHANNED/Desktop/rr/composeApp/src/commonMain/kotlin/org/mohanned/rawdatyci_cdapp/presentation/screens/admin/AdminAddClassroomScreen.kt:114:68 'fun Modifier.menuAnchor(): Modifier' is deprecated. Use overload that takes ExposedDropdownMenuAnchorType and enabled parameters.
w: file:///C:/Users/MOHANNED/Desktop/rr/composeApp/src/commonMain/kotlin/org/mohanned/rawdatyci_cdapp/presentation/screens/admin/AdminComplaintDetailScreen.kt:76:29 'fun Divider(modifier: Modifier = ..., thickness: Dp = ..., color: Color = ...): Unit' is deprecated. Renamed to HorizontalDivider.
w: file:///C:/Users/MOHANNED/Desktop/rr/composeApp/src/commonMain/kotlin/org/mohanned/rawdatyci_cdapp/presentation/screens/admin/AdminComplaintDetailScreen.kt:86:54 Elvis operator (?:) always returns the left operand of non-nullable type 'String'.
w: file:///C:/Users/MOHANNED/Desktop/rr/composeApp/src/commonMain/kotlin/org/mohanned/rawdatyci_cdapp/presentation/screens/admin/AdminComplaintsScreen.kt:207:50 Elvis operator (?:) always returns the left operand of non-nullable type 'String'.
w: file:///C:/Users/MOHANNED/Desktop/rr/composeApp/src/commonMain/kotlin/org/mohanned/rawdatyci_cdapp/presentation/screens/admin/AdminNewsScreen.kt:161:83 'val Icons.Filled.Article: ImageVector' is deprecated. Use the AutoMirrored version at Icons.AutoMirrored.Filled.Article.
w: file:///C:/Users/MOHANNED/Desktop/rr/composeApp/src/commonMain/kotlin/org/mohanned/rawdatyci_cdapp/presentation/screens/admin/AdminRolesScreen.kt:45:44 'fun centerAlignedTopAppBarColors(containerColor: Color = ..., scrolledContainerColor: Color = ..., navigationIconContentColor: Color = ..., titleContentColor: Color = ..., actionIconContentColor: Color = ...): TopAppBarColors' is deprecated. Use topAppBarColors instead.
w: file:///C:/Users/MOHANNED/Desktop/rr/composeApp/src/commonMain/kotlin/org/mohanned/rawdatyci_cdapp/presentation/screens/parent/ParentAddComplaintScreen.kt:124:42 'val Icons.Filled.Send: ImageVector' is deprecated. Use the AutoMirrored version at Icons.AutoMirrored.Filled.Send.
w: file:///C:/Users/MOHANNED/Desktop/rr/composeApp/src/commonMain/kotlin/org/mohanned/rawdatyci_cdapp/presentation/screens/parent/ParentAttendanceScreen.kt:157:46 'val Icons.Filled.EventNote: ImageVector' is deprecated. Use the AutoMirrored version at Icons.AutoMirrored.Filled.EventNote.
w: file:///C:/Users/MOHANNED/Desktop/rr/composeApp/src/commonMain/kotlin/org/mohanned/rawdatyci_cdapp/presentation/screens/parent/ParentAttendanceScreen.kt:223:38 Unnecessary non-null assertion (!!) on a non-null receiver of type 'String'.
w: file:///C:/Users/MOHANNED/Desktop/rr/composeApp/src/commonMain/kotlin/org/mohanned/rawdatyci_cdapp/presentation/screens/parent/ParentChildDetailScreen.kt:237:33 Elvis operator (?:) always returns the left operand of non-nullable type 'String'.
w: file:///C:/Users/MOHANNED/Desktop/rr/composeApp/src/commonMain/kotlin/org/mohanned/rawdatyci_cdapp/presentation/screens/parent/ParentComplaintsScreen.kt:153:44 Unnecessary non-null assertion (!!) on a non-null receiver of type 'String'.
w: file:///C:/Users/MOHANNED/Desktop/rr/composeApp/src/commonMain/kotlin/org/mohanned/rawdatyci_cdapp/presentation/screens/parent/ParentDetailContentScreen.kt:92:21 'fun Divider(modifier: Modifier = ..., thickness: Dp = ..., color: Color = ...): Unit' is deprecated. Renamed to HorizontalDivider.
w: file:///C:/Users/MOHANNED/Desktop/rr/composeApp/src/commonMain/kotlin/org/mohanned/rawdatyci_cdapp/presentation/screens/parent/ParentHomeScreen.kt:202:61 'val Icons.Outlined.Chat: ImageVector' is deprecated. Use the AutoMirrored version at Icons.AutoMirrored.Outlined.Chat.
w: file:///C:/Users/MOHANNED/Desktop/rr/composeApp/src/commonMain/kotlin/org/mohanned/rawdatyci_cdapp/presentation/screens/parent/ParentPlayGameScreen.kt:45:67 This cast can never succeed.
w: file:///C:/Users/MOHANNED/Desktop/rr/composeApp/src/commonMain/kotlin/org/mohanned/rawdatyci_cdapp/presentation/screens/parent/ParentPlayGameScreen.kt:105:91 This cast can never succeed.
w: file:///C:/Users/MOHANNED/Desktop/rr/composeApp/src/commonMain/kotlin/org/mohanned/rawdatyci_cdapp/presentation/screens/shared/EditProfileScreen.kt:79:44 'fun centerAlignedTopAppBarColors(containerColor: Color = ..., scrolledContainerColor: Color = ..., navigationIconContentColor: Color = ..., titleContentColor: Color = ..., actionIconContentColor: Color = ...): TopAppBarColors' is deprecated. Use topAppBarColors instead.
w: file:///C:/Users/MOHANNED/Desktop/rr/composeApp/src/commonMain/kotlin/org/mohanned/rawdatyci_cdapp/presentation/screens/shared/NewsDetailScreen.kt:98:25 'fun Divider(modifier: Modifier = ..., thickness: Dp = ..., color: Color = ...): Unit' is deprecated. Renamed to HorizontalDivider.
w: file:///C:/Users/MOHANNED/Desktop/rr/composeApp/src/commonMain/kotlin/org/mohanned/rawdatyci_cdapp/presentation/screens/shared/NotificationDetailScreen.kt:65:44 'fun centerAlignedTopAppBarColors(containerColor: Color = ..., scrolledContainerColor: Color = ..., navigationIconContentColor: Color = ..., titleContentColor: Color = ..., actionIconContentColor: Color = ...): TopAppBarColors' is deprecated. Use topAppBarColors instead.
w: file:///C:/Users/MOHANNED/Desktop/rr/composeApp/src/commonMain/kotlin/org/mohanned/rawdatyci_cdapp/presentation/screens/shared/ProfileScreen.kt:127:40 'val Icons.Filled.ArrowForward: ImageVector' is deprecated. Use the AutoMirrored version at Icons.AutoMirrored.Filled.ArrowForward.
w: file:///C:/Users/MOHANNED/Desktop/rr/composeApp/src/commonMain/kotlin/org/mohanned/rawdatyci_cdapp/presentation/screens/shared/ProfileScreen.kt:326:47 'val Icons.Filled.Logout: ImageVector' is deprecated. Use the AutoMirrored version at Icons.AutoMirrored.Filled.Logout.
w: file:///C:/Users/MOHANNED/Desktop/rr/composeApp/src/commonMain/kotlin/org/mohanned/rawdatyci_cdapp/presentation/screens/teacher/ChatConversationsScreen.kt:82:46 'val Icons.Filled.Chat: ImageVector' is deprecated. Use the AutoMirrored version at Icons.AutoMirrored.Filled.Chat.
w: file:///C:/Users/MOHANNED/Desktop/rr/composeApp/src/commonMain/kotlin/org/mohanned/rawdatyci_cdapp/presentation/screens/teacher/TeacherComplaintsScreen.kt:127:53 Elvis operator (?:) always returns the left operand of non-nullable type 'String'.
w: file:///C:/Users/MOHANNED/Desktop/rr/composeApp/src/commonMain/kotlin/org/mohanned/rawdatyci_cdapp/presentation/screens/teacher/TeacherHomeScreen.kt:251:44 'val Icons.Outlined.Chat: ImageVector' is deprecated. Use the AutoMirrored version at Icons.AutoMirrored.Outlined.Chat.
w: file:///C:/Users/MOHANNED/Desktop/rr/composeApp/src/commonMain/kotlin/org/mohanned/rawdatyci_cdapp/presentation/screens/teacher/TeacherHomeScreen.kt:350:13 'fun quadraticBezierTo(x1: Float, y1: Float, x2: Float, y2: Float): Unit' is deprecated. Use quadraticTo() for consistency with cubicTo().
w: file:///C:/Users/MOHANNED/Desktop/rr/composeApp/src/commonMain/kotlin/org/mohanned/rawdatyci_cdapp/presentation/screens/teacher/TeacherStudentDetailScreen.kt:132:33 Unnecessary non-null assertion (!!) on a non-null receiver of type 'String'.
w: file:///C:/Users/MOHANNED/Desktop/rr/composeApp/src/commonMain/kotlin/org/mohanned/rawdatyci_cdapp/presentation/viewmodel/AdminAddEditClassroomViewModel.kt:89:21 'when' is exhaustive so 'else' is redundant here.

BUILD SUCCESSFUL in 39s
43 actionable tasks: 5 executed, 38 up-to-date
Configuration cache entry reused.
2026-04-29T00:00:57.539+0300 [DEBUG] [org.gradle.launcher.daemon.server.exec.ExecuteBuild] The daemon has finished executing the build.
2026-04-29T00:00:57.546+0300 [DEBUG] [org.gradle.launcher.daemon.server.DaemonStateCoordinator] daemon is running. Sleeping until state changes.
2026-04-29T00:00:57.546+0300 [DEBUG] [org.gradle.launcher.daemon.server.DaemonStateCoordinator] Command execution: finished waiting for DaemonCommandExecution[command = Build{id=28d6420b-e230-4f02-a510-94c66f8be74b, currentDir=C:\Users\MOHANNED\Desktop\rr}, connection = DefaultDaemonConnection: socket connection from /127.0.0.1:56654 to /127.0.0.1:62816]. Result org.gradle.launcher.daemon.server.DaemonStateCoordinator@4f8c9d47 with state Busy
2026-04-29T00:00:57.546+0300 [DEBUG] [org.gradle.launcher.daemon.server.DaemonStateCoordinator] Command execution: completed DaemonCommandExecution[command = Build{id=28d6420b-e230-4f02-a510-94c66f8be74b, currentDir=C:\Users\MOHANNED\Desktop\rr}, connection = DefaultDaemonConnection: socket connection from /127.0.0.1:56654 to /127.0.0.1:62816]
2026-04-29T00:00:57.547+0300 [DEBUG] [org.gradle.launcher.daemon.server.DaemonStateCoordinator] resetting idle timer
2026-04-29T00:00:57.547+0300 [INFO] [org.gradle.launcher.daemon.server.DaemonRegistryUpdater] Marking the daemon as idle, address: [69981fdb-87a2-48b3-8505-8885edc3a86c port:56654, addresses:[localhost/127.0.0.1]]
2026-04-29T00:00:57.547+0300 [DEBUG] [org.gradle.launcher.daemon.registry.PersistentDaemonRegistry] Marking busy by address: [69981fdb-87a2-48b3-8505-8885edc3a86c port:56654, addresses:[localhost/127.0.0.1]]
2026-04-29T00:00:57.548+0300 [DEBUG] [org.gradle.cache.internal.DefaultFileLockManager] Waiting to acquire exclusive lock on daemon addresses registry.
2026-04-29T00:00:57.549+0300 [DEBUG] [org.gradle.cache.internal.DefaultFileLockManager] Lock acquired on daemon addresses registry.
2026-04-29T00:00:57.550+0300 [DEBUG] [org.gradle.cache.internal.DefaultFileLockManager] Releasing lock on daemon addresses registry.
2026-04-29T00:00:57.550+0300 [DEBUG] [org.gradle.launcher.daemon.server.DaemonStateCoordinator] daemon is running. Sleeping until state changes.
2026-04-29T00:00:57.550+0300 [DEBUG] [org.gradle.launcher.daemon.server.exec.ReturnResult] Daemon is dispatching the build result: Success[value=org.gradle.launcher.exec.BuildActionResult@9c0923e]
2026-04-29T00:00:57.551+0300 [DEBUG] [org.gradle.launcher.daemon.server.SynchronizedDispatchConnection] thread 227: dispatching Success[value=org.gradle.launcher.exec.BuildActionResult@9c0923e]
2026-04-29T00:00:57.551+0300 [DEBUG] [org.gradle.launcher.daemon.server.DefaultIncomingConnectionHandler] Finishing executing command: Build{id=28d6420b-e230-4f02-a510-94c66f8be74b, currentDir=C:\Users\MOHANNED\Desktop\rr}
2026-04-29T00:00:57.551+0300 [DEBUG] [org.gradle.launcher.daemon.server.SynchronizedDispatchConnection] thread 228: received class org.gradle.launcher.daemon.protocol.CloseInput
2026-04-29T00:00:57.551+0300 [DEBUG] [org.gradle.launcher.daemon.server.exec.CleanUpVirtualFileSystemAfterBuild] Cleaning virtual file system after build finished
2026-04-29T00:00:57.551+0300 [DEBUG] [org.gradle.launcher.daemon.server.DefaultDaemonConnection] thread 228: Received IO message from client: org.gradle.launcher.daemon.protocol.CloseInput@76e0c7e1
2026-04-29T00:00:57.552+0300 [DEBUG] [org.gradle.launcher.daemon.server.SynchronizedDispatchConnection] thread 228: received class org.gradle.launcher.daemon.protocol.Finished
2026-04-29T00:00:57.552+0300 [DEBUG] [org.gradle.launcher.daemon.server.DefaultDaemonConnection] thread 228: Received non-IO message from client: org.gradle.launcher.daemon.protocol.Finished@7827374d
2026-04-29T00:00:57.552+0300 [DEBUG] [org.gradle.launcher.daemon.server.DefaultIncomingConnectionHandler] Received finished message: org.gradle.launcher.daemon.protocol.Finished@7827374d
2026-04-29T00:00:57.552+0300 [DEBUG] [org.gradle.internal.remote.internal.inet.SocketConnection] Discarding EOFException: java.io.EOFException
2026-04-29T00:00:57.552+0300 [DEBUG] [org.gradle.launcher.daemon.server.SynchronizedDispatchConnection] thread 227: stopping connection
2026-04-29T00:00:57.552+0300 [DEBUG] [org.gradle.launcher.daemon.server.SynchronizedDispatchConnection] thread 228: received null
2026-04-29T00:00:57.552+0300 [DEBUG] [org.gradle.launcher.daemon.server.DefaultDaemonConnection] thread 228: Received end-of-input from client.
2026-04-29T00:00:57.553+0300 [DEBUG] [org.gradle.launcher.daemon.server.SynchronizedDispatchConnection] thread 227: stopping connection
2026-04-29T00:00:57.674+0300 [DEBUG] [org.gradle.internal.watch.vfs.impl.WatchingVirtualFileSystem] Handling VFS change CREATED C:\Users\MOHANNED\Desktop\rr\composeApp\src\commonMain\kotlin\org\mohanned\rawdatyci_cdapp\presentation\viewmodel\AdminAddEditUserViewModel.kt~
2026-04-29T00:00:57.675+0300 [DEBUG] [org.gradle.internal.watch.vfs.impl.WatchingVirtualFileSystem] Handling VFS change MODIFIED C:\Users\MOHANNED\Desktop\rr\composeApp\src\commonMain\kotlin\org\mohanned\rawdatyci_cdapp\presentation\viewmodel\AdminAddEditUserViewModel.kt
2026-04-29T00:00:58.160+0300 [DEBUG] [org.gradle.cache.internal.DefaultFileLockManager] Waiting to acquire shared lock on daemon addresses registry.
2026-04-29T00:00:58.160+0300 [DEBUG] [org.gradle.cache.internal.DefaultFileLockManager] Lock acquired on daemon addresses registry.
2026-04-29T00:00:58.161+0300 [DEBUG] [org.gradle.cache.internal.DefaultFileLockManager] Releasing lock on daemon addresses registry.
2026-04-29T00:00:58.164+0300 [DEBUG] [org.gradle.cache.internal.DefaultFileLockManager] Waiting to acquire shared lock on daemon addresses registry.
2026-04-29T00:00:58.164+0300 [DEBUG] [org.gradle.cache.internal.DefaultFileLockManager] Lock acquired on daemon addresses registry.
2026-04-29T00:00:58.165+0300 [DEBUG] [org.gradle.cache.internal.DefaultFileLockManager] Releasing lock on daemon addresses registry.
2026-04-29T00:00:59.194+0300 [DEBUG] [org.gradle.process.internal.health.memory.DefaultMemoryManager] 1693924966 physical memory requested, 1315684352 free
2026-04-29T00:00:59.195+0300 [DEBUG] [org.gradle.workers.internal.WorkerDaemonExpiration] Will attempt to release 1615 of memory
2026-04-29T00:00:59.195+0300 [DEBUG] [org.gradle.process.internal.health.memory.DefaultMemoryManager] 1693924966 physical memory requested, 0 released, 1315684352 free
2026-04-29T00:00:59.195+0300 [DEBUG] [org.gradle.process.internal.health.memory.DefaultMemoryManager] 1747612057 virtual memory requested, 361750528 free
2026-04-29T00:00:59.195+0300 [DEBUG] [org.gradle.workers.internal.WorkerDaemonExpiration] Will attempt to release 1666 of memory
2026-04-29T00:00:59.195+0300 [DEBUG] [org.gradle.process.internal.health.memory.DefaultMemoryManager] 1747612057 virtual memory requested, 0 released, 361750528 free
2026-04-29T00:01:04.195+0300 [DEBUG] [org.gradle.process.internal.health.memory.DefaultMemoryManager] 1693924966 physical memory requested, 1422585856 free
2026-04-29T00:01:04.195+0300 [DEBUG] [org.gradle.workers.internal.WorkerDaemonExpiration] Will attempt to release 1615 of memory
2026-04-29T00:01:04.195+0300 [DEBUG] [org.gradle.process.internal.health.memory.DefaultMemoryManager] 1693924966 physical memory requested, 0 released, 1422585856 free
2026-04-29T00:01:04.195+0300 [DEBUG] [org.gradle.process.internal.health.memory.DefaultMemoryManager] 1747612057 virtual memory requested, 480915456 free
2026-04-29T00:01:04.195+0300 [DEBUG] [org.gradle.workers.internal.WorkerDaemonExpiration] Will attempt to release 1666 of memory
2026-04-29T00:01:04.195+0300 [DEBUG] [org.gradle.process.internal.health.memory.DefaultMemoryManager] 1747612057 virtual memory requested, 0 released, 480915456 free
2026-04-29T00:01:08.128+0300 [DEBUG] [org.gradle.cache.internal.DefaultFileLockManager] Waiting to acquire shared lock on daemon addresses registry.
2026-04-29T00:01:08.128+0300 [DEBUG] [org.gradle.cache.internal.DefaultFileLockManager] Lock acquired on daemon addresses registry.
2026-04-29T00:01:08.128+0300 [DEBUG] [org.gradle.cache.internal.DefaultFileLockManager] Releasing lock on daemon addresses registry.
2026-04-29T00:01:08.130+0300 [DEBUG] [org.gradle.cache.internal.DefaultFileLockManager] Waiting to acquire shared lock on daemon addresses registry.
2026-04-29T00:01:08.130+0300 [DEBUG] [org.gradle.cache.internal.DefaultFileLockManager] Lock acquired on daemon addresses registry.
2026-04-29T00:01:08.130+0300 [DEBUG] [org.gradle.cache.internal.DefaultFileLockManager] Releasing lock on daemon addresses registry.
2026-04-29T00:01:08.131+0300 [DEBUG] [org.gradle.cache.internal.DefaultFileLockManager] Waiting to acquire shared lock on daemon addresses registry.
2026-04-29T00:01:08.131+0300 [DEBUG] [org.gradle.cache.internal.DefaultFileLockManager] Lock acquired on daemon addresses registry.
2026-04-29T00:01:08.131+0300 [DEBUG] [org.gradle.cache.internal.DefaultFileLockManager] Releasing lock on daemon addresses registry.
2026-04-29T00:01:09.195+0300 [DEBUG] [org.gradle.process.internal.health.memory.DefaultMemoryManager] 1693924966 physical memory requested, 1417068544 free
2026-04-29T00:01:09.195+0300 [DEBUG] [org.gradle.workers.internal.WorkerDaemonExpiration] Will attempt to release 1615 of memory
2026-04-29T00:01:09.195+0300 [DEBUG] [org.gradle.process.internal.health.memory.DefaultMemoryManager] 1693924966 physical memory requested, 0 released, 1417068544 free
2026-04-29T00:01:09.195+0300 [DEBUG] [org.gradle.process.internal.health.memory.DefaultMemoryManager] 1747612057 virtual memory requested, 493244416 free
2026-04-29T00:01:09.195+0300 [DEBUG] [org.gradle.workers.internal.WorkerDaemonExpiration] Will attempt to release 1666 of memory
2026-04-29T00:01:09.195+0300 [DEBUG] [org.gradle.process.internal.health.memory.DefaultMemoryManager] 1747612057 virtual memory requested, 0 released, 493244416 free
2026-04-29T00:01:14.196+0300 [DEBUG] [org.gradle.process.internal.health.memory.DefaultMemoryManager] 1693924966 physical memory requested, 1446019072 free
2026-04-29T00:01:14.196+0300 [DEBUG] [org.gradle.workers.internal.WorkerDaemonExpiration] Will attempt to release 1615 of memory
2026-04-29T00:01:14.196+0300 [DEBUG] [org.gradle.process.internal.health.memory.DefaultMemoryManager] 1693924966 physical memory requested, 0 released, 1446019072 free
2026-04-29T00:01:14.196+0300 [DEBUG] [org.gradle.process.internal.health.memory.DefaultMemoryManager] 1747612057 virtual memory requested, 497438720 free
2026-04-29T00:01:14.196+0300 [DEBUG] [org.gradle.workers.internal.WorkerDaemonExpiration] Will attempt to release 1666 of memory
2026-04-29T00:01:14.196+0300 [DEBUG] [org.gradle.process.internal.health.memory.DefaultMemoryManager] 1747612057 virtual memory requested, 0 released, 497438720 free
2026-04-29T00:01:18.130+0300 [DEBUG] [org.gradle.cache.internal.DefaultFileLockManager] Waiting to acquire shared lock on daemon addresses registry.
2026-04-29T00:01:18.130+0300 [DEBUG] [org.gradle.cache.internal.DefaultFileLockManager] Lock acquired on daemon addresses registry.
2026-04-29T00:01:18.130+0300 [DEBUG] [org.gradle.cache.internal.DefaultFileLockManager] Releasing lock on daemon addresses registry.
2026-04-29T00:01:18.131+0300 [DEBUG] [org.gradle.cache.internal.DefaultFileLockManager] Waiting to acquire shared lock on daemon addresses registry.
2026-04-29T00:01:18.131+0300 [DEBUG] [org.gradle.cache.internal.DefaultFileLockManager] Lock acquired on daemon addresses registry.
2026-04-29T00:01:18.131+0300 [DEBUG] [org.gradle.cache.internal.DefaultFileLockManager] Releasing lock on daemon addresses registry.
2026-04-29T00:01:18.132+0300 [DEBUG] [org.gradle.cache.internal.DefaultFileLockManager] Waiting to acquire shared lock on daemon addresses registry.
2026-04-29T00:01:18.132+0300 [DEBUG] [org.gradle.cache.internal.DefaultFileLockManager] Lock acquired on daemon addresses registry.
2026-04-29T00:01:18.133+0300 [DEBUG] [org.gradle.cache.internal.DefaultFileLockManager] Releasing lock on daemon addresses registry.
2026-04-29T00:01:19.196+0300 [DEBUG] [org.gradle.process.internal.health.memory.DefaultMemoryManager] 1693924966 physical memory requested, 1475362816 free
2026-04-29T00:01:19.196+0300 [DEBUG] [org.gradle.workers.internal.WorkerDaemonExpiration] Will attempt to release 1615 of memory
2026-04-29T00:01:19.196+0300 [DEBUG] [org.gradle.process.internal.health.memory.DefaultMemoryManager] 1693924966 physical memory requested, 0 released, 1475362816 free
2026-04-29T00:01:19.196+0300 [DEBUG] [org.gradle.process.internal.health.memory.DefaultMemoryManager] 1747612057 virtual memory requested, 502956032 free
2026-04-29T00:01:19.196+0300 [DEBUG] [org.gradle.workers.internal.WorkerDaemonExpiration] Will attempt to release 1666 of memory
2026-04-29T00:01:19.196+0300 [DEBUG] [org.gradle.process.internal.health.memory.DefaultMemoryManager] 1747612057 virtual memory requested, 0 released, 502956032 free
2026-04-29T00:01:22.164+0300 [DEBUG] [sun.rmi.transport.tcp] RMI TCP Connection(7)-127.0.0.1: (port 56662) connection closed
2026-04-29T00:01:22.164+0300 [DEBUG] [sun.rmi.transport.tcp] RMI TCP Connection(7)-127.0.0.1: close connection, socket: Socket[addr=/127.0.0.1,port=49260,localport=56662]
2026-04-29T00:01:22.164+0300 [DEBUG] [sun.rmi.transport.tcp] RMI TCP Connection(7)-127.0.0.1: socket close: Socket[addr=/127.0.0.1,port=49260,localport=56662]
2026-04-29T00:01:23.408+0300 [DEBUG] [sun.rmi.transport.tcp] RMI Scheduler(0): close connection, socket: Socket[addr=localhost/127.0.0.1,port=17764,localport=49261]
2026-04-29T00:01:24.195+0300 [DEBUG] [org.gradle.process.internal.health.memory.DefaultMemoryManager] 1747612057 virtual memory requested, 806588416 free
2026-04-29T00:01:24.195+0300 [DEBUG] [org.gradle.workers.internal.WorkerDaemonExpiration] Will attempt to release 1666 of memory
2026-04-29T00:01:24.195+0300 [DEBUG] [org.gradle.process.internal.health.memory.DefaultMemoryManager] 1747612057 virtual memory requested, 0 released, 806588416 free
2026-04-29T00:01:28.128+0300 [DEBUG] [org.gradle.cache.internal.DefaultFileLockManager] Waiting to acquire shared lock on daemon addresses registry.
2026-04-29T00:01:28.128+0300 [DEBUG] [org.gradle.cache.internal.DefaultFileLockManager] Lock acquired on daemon addresses registry.
2026-04-29T00:01:28.128+0300 [DEBUG] [org.gradle.cache.internal.DefaultFileLockManager] Releasing lock on daemon addresses registry.
2026-04-29T00:01:28.129+0300 [DEBUG] [org.gradle.cache.internal.DefaultFileLockManager] Waiting to acquire shared lock on daemon addresses registry.
2026-04-29T00:01:28.130+0300 [DEBUG] [org.gradle.cache.internal.DefaultFileLockManager] Lock acquired on daemon addresses registry.
2026-04-29T00:01:28.130+0300 [DEBUG] [org.gradle.cache.internal.DefaultFileLockManager] Releasing lock on daemon addresses registry.
2026-04-29T00:01:28.131+0300 [DEBUG] [org.gradle.cache.internal.DefaultFileLockManager] Waiting to acquire shared lock on daemon addresses registry.
2026-04-29T00:01:28.131+0300 [DEBUG] [org.gradle.cache.internal.DefaultFileLockManager] Lock acquired on daemon addresses registry.
2026-04-29T00:01:28.131+0300 [DEBUG] [org.gradle.cache.internal.DefaultFileLockManager] Releasing lock on daemon addresses registry.
2026-04-29T00:01:29.194+0300 [DEBUG] [org.gradle.process.internal.health.memory.DefaultMemoryManager] 1747612057 virtual memory requested, 785592320 free
2026-04-29T00:01:29.194+0300 [DEBUG] [org.gradle.workers.internal.WorkerDaemonExpiration] Will attempt to release 1666 of memory
2026-04-29T00:01:29.194+0300 [DEBUG] [org.gradle.process.internal.health.memory.DefaultMemoryManager] 1747612057 virtual memory requested, 0 released, 785592320 free
2026-04-29T00:01:34.196+0300 [DEBUG] [org.gradle.process.internal.health.memory.DefaultMemoryManager] 1747612057 virtual memory requested, 790413312 free
2026-04-29T00:01:34.196+0300 [DEBUG] [org.gradle.workers.internal.WorkerDaemonExpiration] Will attempt to release 1666 of memory
2026-04-29T00:01:34.196+0300 [DEBUG] [org.gradle.process.internal.health.memory.DefaultMemoryManager] 1747612057 virtual memory requested, 0 released, 790413312 free
2026-04-29T00:01:38.130+0300 [DEBUG] [org.gradle.cache.internal.DefaultFileLockManager] Waiting to acquire shared lock on daemon addresses registry.
2026-04-29T00:01:38.130+0300 [DEBUG] [org.gradle.cache.internal.DefaultFileLockManager] Lock acquired on daemon addresses registry.
2026-04-29T00:01:38.130+0300 [DEBUG] [org.gradle.cache.internal.DefaultFileLockManager] Releasing lock on daemon addresses registry.
2026-04-29T00:01:38.131+0300 [DEBUG] [org.gradle.cache.internal.DefaultFileLockManager] Waiting to acquire shared lock on daemon addresses registry.
2026-04-29T00:01:38.131+0300 [DEBUG] [org.gradle.cache.internal.DefaultFileLockManager] Lock acquired on daemon addresses registry.
2026-04-29T00:01:38.131+0300 [DEBUG] [org.gradle.cache.internal.DefaultFileLockManager] Releasing lock on daemon addresses registry.
2026-04-29T00:01:38.132+0300 [DEBUG] [org.gradle.cache.internal.DefaultFileLockManager] Waiting to acquire shared lock on daemon addresses registry.
2026-04-29T00:01:38.133+0300 [DEBUG] [org.gradle.cache.internal.DefaultFileLockManager] Lock acquired on daemon addresses registry.
2026-04-29T00:01:38.133+0300 [DEBUG] [org.gradle.cache.internal.DefaultFileLockManager] Releasing lock on daemon addresses registry.
2026-04-29T00:01:39.195+0300 [DEBUG] [org.gradle.process.internal.health.memory.DefaultMemoryManager] 1693924966 physical memory requested, 1573384192 free
2026-04-29T00:01:39.195+0300 [DEBUG] [org.gradle.workers.internal.WorkerDaemonExpiration] Will attempt to release 1615 of memory
2026-04-29T00:01:39.196+0300 [DEBUG] [org.gradle.process.internal.health.memory.DefaultMemoryManager] 1693924966 physical memory requested, 0 released, 1573384192 free
2026-04-29T00:01:39.196+0300 [DEBUG] [org.gradle.process.internal.health.memory.DefaultMemoryManager] 1747612057 virtual memory requested, 632881152 free
2026-04-29T00:01:39.196+0300 [DEBUG] [org.gradle.workers.internal.WorkerDaemonExpiration] Will attempt to release 1666 of memory
2026-04-29T00:01:39.196+0300 [DEBUG] [org.gradle.process.internal.health.memory.DefaultMemoryManager] 1747612057 virtual memory requested, 0 released, 632881152 free
2026-04-29T00:01:44.197+0300 [DEBUG] [org.gradle.process.internal.health.memory.DefaultMemoryManager] 1693924966 physical memory requested, 1572343808 free
2026-04-29T00:01:44.197+0300 [DEBUG] [org.gradle.workers.internal.WorkerDaemonExpiration] Will attempt to release 1615 of memory
2026-04-29T00:01:44.197+0300 [DEBUG] [org.gradle.process.internal.health.memory.DefaultMemoryManager] 1693924966 physical memory requested, 0 released, 1572343808 free
2026-04-29T00:01:44.197+0300 [DEBUG] [org.gradle.process.internal.health.memory.DefaultMemoryManager] 1747612057 virtual memory requested, 614813696 free
2026-04-29T00:01:44.197+0300 [DEBUG] [org.gradle.workers.internal.WorkerDaemonExpiration] Will attempt to release 1666 of memory
2026-04-29T00:01:44.197+0300 [DEBUG] [org.gradle.process.internal.health.memory.DefaultMemoryManager] 1747612057 virtual memory requested, 0 released, 614813696 free
2026-04-29T00:01:48.130+0300 [DEBUG] [org.gradle.cache.internal.DefaultFileLockManager] Waiting to acquire shared lock on daemon addresses registry.
2026-04-29T00:01:48.130+0300 [DEBUG] [org.gradle.cache.internal.DefaultFileLockManager] Lock acquired on daemon addresses registry.
2026-04-29T00:01:48.130+0300 [DEBUG] [org.gradle.cache.internal.DefaultFileLockManager] Releasing lock on daemon addresses registry.
2026-04-29T00:01:48.131+0300 [DEBUG] [org.gradle.cache.internal.DefaultFileLockManager] Waiting to acquire shared lock on daemon addresses registry.
2026-04-29T00:01:48.132+0300 [DEBUG] [org.gradle.cache.internal.DefaultFileLockManager] Lock acquired on daemon addresses registry.
2026-04-29T00:01:48.132+0300 [DEBUG] [org.gradle.cache.internal.DefaultFileLockManager] Releasing lock on daemon addresses registry.
2026-04-29T00:01:48.133+0300 [DEBUG] [org.gradle.cache.internal.DefaultFileLockManager] Waiting to acquire shared lock on daemon addresses registry.
2026-04-29T00:01:48.134+0300 [DEBUG] [org.gradle.cache.internal.DefaultFileLockManager] Lock acquired on daemon addresses registry.
2026-04-29T00:01:48.134+0300 [DEBUG] [org.gradle.cache.internal.DefaultFileLockManager] Releasing lock on daemon addresses registry.
2026-04-29T00:01:49.197+0300 [DEBUG] [org.gradle.process.internal.health.memory.DefaultMemoryManager] 1693924966 physical memory requested, 1577177088 free
2026-04-29T00:01:49.197+0300 [DEBUG] [org.gradle.workers.internal.WorkerDaemonExpiration] Will attempt to release 1615 of memory
2026-04-29T00:01:49.197+0300 [DEBUG] [org.gradle.process.internal.health.memory.DefaultMemoryManager] 1693924966 physical memory requested, 0 released, 1577177088 free
2026-04-29T00:01:49.197+0300 [DEBUG] [org.gradle.process.internal.health.memory.DefaultMemoryManager] 1747612057 virtual memory requested, 634720256 free
2026-04-29T00:01:49.197+0300 [DEBUG] [org.gradle.workers.internal.WorkerDaemonExpiration] Will attempt to release 1666 of memory
2026-04-29T00:01:49.197+0300 [DEBUG] [org.gradle.process.internal.health.memory.DefaultMemoryManager] 1747612057 virtual memory requested, 0 released, 634720256 free
2026-04-29T00:01:54.196+0300 [DEBUG] [org.gradle.process.internal.health.memory.DefaultMemoryManager] 1693924966 physical memory requested, 1610289152 free
2026-04-29T00:01:54.196+0300 [DEBUG] [org.gradle.workers.internal.WorkerDaemonExpiration] Will attempt to release 1615 of memory
2026-04-29T00:01:54.196+0300 [DEBUG] [org.gradle.process.internal.health.memory.DefaultMemoryManager] 1693924966 physical memory requested, 0 released, 1610289152 free
2026-04-29T00:01:54.196+0300 [DEBUG] [org.gradle.process.internal.health.memory.DefaultMemoryManager] 1747612057 virtual memory requested, 666783744 free
2026-04-29T00:01:54.196+0300 [DEBUG] [org.gradle.workers.internal.WorkerDaemonExpiration] Will attempt to release 1666 of memory
2026-04-29T00:01:54.196+0300 [DEBUG] [org.gradle.process.internal.health.memory.DefaultMemoryManager] 1747612057 virtual memory requested, 0 released, 666783744 free
2026-04-29T00:01:58.131+0300 [DEBUG] [org.gradle.cache.internal.DefaultFileLockManager] Waiting to acquire shared lock on daemon addresses registry.
2026-04-29T00:01:58.131+0300 [DEBUG] [org.gradle.cache.internal.DefaultFileLockManager] Lock acquired on daemon addresses registry.
2026-04-29T00:01:58.131+0300 [DEBUG] [org.gradle.cache.internal.DefaultFileLockManager] Releasing lock on daemon addresses registry.
2026-04-29T00:01:58.132+0300 [DEBUG] [org.gradle.cache.internal.DefaultFileLockManager] Waiting to acquire shared lock on daemon addresses registry.
2026-04-29T00:01:58.132+0300 [DEBUG] [org.gradle.cache.internal.DefaultFileLockManager] Lock acquired on daemon addresses registry.
2026-04-29T00:01:58.132+0300 [DEBUG] [org.gradle.cache.internal.DefaultFileLockManager] Releasing lock on daemon addresses registry.
2026-04-29T00:01:58.133+0300 [DEBUG] [org.gradle.cache.internal.DefaultFileLockManager] Waiting to acquire shared lock on daemon addresses registry.
2026-04-29T00:01:58.133+0300 [DEBUG] [org.gradle.cache.internal.DefaultFileLockManager] Lock acquired on daemon addresses registry.
2026-04-29T00:01:58.133+0300 [DEBUG] [org.gradle.cache.internal.DefaultFileLockManager] Releasing lock on daemon addresses registry.
2026-04-29T00:01:59.195+0300 [DEBUG] [org.gradle.process.internal.health.memory.DefaultMemoryManager] 1693924966 physical memory requested, 1617195008 free
2026-04-29T00:01:59.195+0300 [DEBUG] [org.gradle.workers.internal.WorkerDaemonExpiration] Will attempt to release 1615 of memory
2026-04-29T00:01:59.195+0300 [DEBUG] [org.gradle.process.internal.health.memory.DefaultMemoryManager] 1693924966 physical memory requested, 0 released, 1617195008 free
2026-04-29T00:01:59.195+0300 [DEBUG] [org.gradle.process.internal.health.memory.DefaultMemoryManager] 1747612057 virtual memory requested, 676458496 free
2026-04-29T00:01:59.195+0300 [DEBUG] [org.gradle.workers.internal.WorkerDaemonExpiration] Will attempt to release 1666 of memory
2026-04-29T00:01:59.195+0300 [DEBUG] [org.gradle.process.internal.health.memory.DefaultMemoryManager] 1747612057 virtual memory requested, 0 released, 676458496 free
2026-04-29T00:02:04.198+0300 [DEBUG] [org.gradle.process.internal.health.memory.DefaultMemoryManager] 1693924966 physical memory requested, 1624428544 free
2026-04-29T00:02:04.198+0300 [DEBUG] [org.gradle.workers.internal.WorkerDaemonExpiration] Will attempt to release 1615 of memory
2026-04-29T00:02:04.198+0300 [DEBUG] [org.gradle.process.internal.health.memory.DefaultMemoryManager] 1693924966 physical memory requested, 0 released, 1624428544 free
2026-04-29T00:02:04.198+0300 [DEBUG] [org.gradle.process.internal.health.memory.DefaultMemoryManager] 1747612057 virtual memory requested, 686915584 free
2026-04-29T00:02:04.198+0300 [DEBUG] [org.gradle.workers.internal.WorkerDaemonExpiration] Will attempt to release 1666 of memory
2026-04-29T00:02:04.198+0300 [DEBUG] [org.gradle.process.internal.health.memory.DefaultMemoryManager] 1747612057 virtual memory requested, 0 released, 686915584 free
2026-04-29T00:02:08.130+0300 [DEBUG] [org.gradle.cache.internal.DefaultFileLockManager] Waiting to acquire shared lock on daemon addresses registry.
2026-04-29T00:02:08.130+0300 [DEBUG] [org.gradle.cache.internal.DefaultFileLockManager] Lock acquired on daemon addresses registry.
2026-04-29T00:02:08.130+0300 [DEBUG] [org.gradle.cache.internal.DefaultFileLockManager] Releasing lock on daemon addresses registry.
2026-04-29T00:02:08.131+0300 [DEBUG] [org.gradle.cache.internal.DefaultFileLockManager] Waiting to acquire shared lock on daemon addresses registry.
2026-04-29T00:02:08.131+0300 [DEBUG] [org.gradle.cache.internal.DefaultFileLockManager] Lock acquired on daemon addresses registry.
2026-04-29T00:02:08.132+0300 [DEBUG] [org.gradle.cache.internal.DefaultFileLockManager] Releasing lock on daemon addresses registry.
2026-04-29T00:02:08.132+0300 [DEBUG] [org.gradle.cache.internal.DefaultFileLockManager] Waiting to acquire shared lock on daemon addresses registry.
2026-04-29T00:02:08.133+0300 [DEBUG] [org.gradle.cache.internal.DefaultFileLockManager] Lock acquired on daemon addresses registry.
2026-04-29T00:02:08.133+0300 [DEBUG] [org.gradle.cache.internal.DefaultFileLockManager] Releasing lock on daemon addresses registry.
2026-04-29T00:02:09.196+0300 [DEBUG] [org.gradle.process.internal.health.memory.DefaultMemoryManager] 1693924966 physical memory requested, 1627983872 free
2026-04-29T00:02:09.196+0300 [DEBUG] [org.gradle.workers.internal.WorkerDaemonExpiration] Will attempt to release 1615 of memory
2026-04-29T00:02:09.196+0300 [DEBUG] [org.gradle.process.internal.health.memory.DefaultMemoryManager] 1693924966 physical memory requested, 0 released, 1627983872 free
2026-04-29T00:02:09.196+0300 [DEBUG] [org.gradle.process.internal.health.memory.DefaultMemoryManager] 1747612057 virtual memory requested, 646586368 free
2026-04-29T00:02:09.196+0300 [DEBUG] [org.gradle.workers.internal.WorkerDaemonExpiration] Will attempt to release 1666 of memory
2026-04-29T00:02:09.196+0300 [DEBUG] [org.gradle.process.internal.health.memory.DefaultMemoryManager] 1747612057 virtual memory requested, 0 released, 646586368 free
2026-04-29T00:02:14.198+0300 [DEBUG] [org.gradle.process.internal.health.memory.DefaultMemoryManager] 1693924966 physical memory requested, 1581211648 free
2026-04-29T00:02:14.198+0300 [DEBUG] [org.gradle.workers.internal.WorkerDaemonExpiration] Will attempt to release 1615 of memory
2026-04-29T00:02:14.198+0300 [DEBUG] [org.gradle.process.internal.health.memory.DefaultMemoryManager] 1693924966 physical memory requested, 0 released, 1581211648 free
2026-04-29T00:02:14.198+0300 [DEBUG] [org.gradle.process.internal.health.memory.DefaultMemoryManager] 1747612057 virtual memory requested, 646467584 free
2026-04-29T00:02:14.198+0300 [DEBUG] [org.gradle.workers.internal.WorkerDaemonExpiration] Will attempt to release 1666 of memory
2026-04-29T00:02:14.198+0300 [DEBUG] [org.gradle.process.internal.health.memory.DefaultMemoryManager] 1747612057 virtual memory requested, 0 released, 646467584 free
2026-04-29T00:02:18.131+0300 [DEBUG] [org.gradle.cache.internal.DefaultFileLockManager] Waiting to acquire shared lock on daemon addresses registry.
2026-04-29T00:02:18.131+0300 [DEBUG] [org.gradle.cache.internal.DefaultFileLockManager] Lock acquired on daemon addresses registry.
2026-04-29T00:02:18.131+0300 [DEBUG] [org.gradle.cache.internal.DefaultFileLockManager] Releasing lock on daemon addresses registry.
2026-04-29T00:02:18.132+0300 [DEBUG] [org.gradle.cache.internal.DefaultFileLockManager] Waiting to acquire shared lock on daemon addresses registry.
2026-04-29T00:02:18.132+0300 [DEBUG] [org.gradle.cache.internal.DefaultFileLockManager] Lock acquired on daemon addresses registry.
2026-04-29T00:02:18.133+0300 [DEBUG] [org.gradle.cache.internal.DefaultFileLockManager] Releasing lock on daemon addresses registry.
2026-04-29T00:02:18.134+0300 [DEBUG] [org.gradle.cache.internal.DefaultFileLockManager] Waiting to acquire shared lock on daemon addresses registry.
2026-04-29T00:02:18.134+0300 [DEBUG] [org.gradle.cache.internal.DefaultFileLockManager] Lock acquired on daemon addresses registry.
2026-04-29T00:02:18.134+0300 [DEBUG] [org.gradle.cache.internal.DefaultFileLockManager] Releasing lock on daemon addresses registry.
2026-04-29T00:02:19.196+0300 [DEBUG] [org.gradle.process.internal.health.memory.DefaultMemoryManager] 1693924966 physical memory requested, 1621073920 free
2026-04-29T00:02:19.196+0300 [DEBUG] [org.gradle.workers.internal.WorkerDaemonExpiration] Will attempt to release 1615 of memory
2026-04-29T00:02:19.196+0300 [DEBUG] [org.gradle.process.internal.health.memory.DefaultMemoryManager] 1693924966 physical memory requested, 0 released, 1621073920 free
2026-04-29T00:02:19.196+0300 [DEBUG] [org.gradle.process.internal.health.memory.DefaultMemoryManager] 1747612057 virtual memory requested, 697618432 free
2026-04-29T00:02:19.196+0300 [DEBUG] [org.gradle.workers.internal.WorkerDaemonExpiration] Will attempt to release 1666 of memory
2026-04-29T00:02:19.196+0300 [DEBUG] [org.gradle.process.internal.health.memory.DefaultMemoryManager] 1747612057 virtual memory requested, 0 released, 697618432 free
2026-04-29T00:02:24.196+0300 [DEBUG] [org.gradle.process.internal.health.memory.DefaultMemoryManager] 1693924966 physical memory requested, 1620291584 free
2026-04-29T00:02:24.196+0300 [DEBUG] [org.gradle.workers.internal.WorkerDaemonExpiration] Will attempt to release 1615 of memory
2026-04-29T00:02:24.196+0300 [DEBUG] [org.gradle.process.internal.health.memory.DefaultMemoryManager] 1693924966 physical memory requested, 0 released, 1620291584 free
2026-04-29T00:02:24.196+0300 [DEBUG] [org.gradle.process.internal.health.memory.DefaultMemoryManager] 1747612057 virtual memory requested, 703479808 free
2026-04-29T00:02:24.196+0300 [DEBUG] [org.gradle.workers.internal.WorkerDaemonExpiration] Will attempt to release 1666 of memory
2026-04-29T00:02:24.196+0300 [DEBUG] [org.gradle.process.internal.health.memory.DefaultMemoryManager] 1747612057 virtual memory requested, 0 released, 703479808 free
2026-04-29T00:02:28.131+0300 [DEBUG] [org.gradle.cache.internal.DefaultFileLockManager] Waiting to acquire shared lock on daemon addresses registry.
2026-04-29T00:02:28.131+0300 [DEBUG] [org.gradle.cache.internal.DefaultFileLockManager] Lock acquired on daemon addresses registry.
2026-04-29T00:02:28.131+0300 [DEBUG] [org.gradle.cache.internal.DefaultFileLockManager] Releasing lock on daemon addresses registry.
2026-04-29T00:02:28.132+0300 [DEBUG] [org.gradle.cache.internal.DefaultFileLockManager] Waiting to acquire shared lock on daemon addresses registry.
2026-04-29T00:02:28.132+0300 [DEBUG] [org.gradle.cache.internal.DefaultFileLockManager] Lock acquired on daemon addresses registry.
2026-04-29T00:02:28.132+0300 [DEBUG] [org.gradle.cache.internal.DefaultFileLockManager] Releasing lock on daemon addresses registry.
2026-04-29T00:02:28.133+0300 [DEBUG] [org.gradle.cache.internal.DefaultFileLockManager] Waiting to acquire shared lock on daemon addresses registry.
2026-04-29T00:02:28.133+0300 [DEBUG] [org.gradle.cache.internal.DefaultFileLockManager] Lock acquired on daemon addresses registry.
2026-04-29T00:02:28.134+0300 [DEBUG] [org.gradle.cache.internal.DefaultFileLockManager] Releasing lock on daemon addresses registry.
2026-04-29T00:02:29.196+0300 [DEBUG] [org.gradle.process.internal.health.memory.DefaultMemoryManager] 1693924966 physical memory requested, 1621700608 free
2026-04-29T00:02:29.196+0300 [DEBUG] [org.gradle.workers.internal.WorkerDaemonExpiration] Will attempt to release 1615 of memory
2026-04-29T00:02:29.196+0300 [DEBUG] [org.gradle.process.internal.health.memory.DefaultMemoryManager] 1693924966 physical memory requested, 0 released, 1621700608 free
2026-04-29T00:02:29.196+0300 [DEBUG] [org.gradle.process.internal.health.memory.DefaultMemoryManager] 1747612057 virtual memory requested, 705228800 free
2026-04-29T00:02:29.196+0300 [DEBUG] [org.gradle.workers.internal.WorkerDaemonExpiration] Will attempt to release 1666 of memory
2026-04-29T00:02:29.196+0300 [DEBUG] [org.gradle.process.internal.health.memory.DefaultMemoryManager] 1747612057 virtual memory requested, 0 released, 705228800 free
2026-04-29T00:02:34.197+0300 [DEBUG] [org.gradle.process.internal.health.memory.DefaultMemoryManager] 1693924966 physical memory requested, 1622351872 free
2026-04-29T00:02:34.197+0300 [DEBUG] [org.gradle.workers.internal.WorkerDaemonExpiration] Will attempt to release 1615 of memory
2026-04-29T00:02:34.197+0300 [DEBUG] [org.gradle.process.internal.health.memory.DefaultMemoryManager] 1693924966 physical memory requested, 0 released, 1622351872 free
2026-04-29T00:02:34.197+0300 [DEBUG] [org.gradle.process.internal.health.memory.DefaultMemoryManager] 1747612057 virtual memory requested, 707149824 free
2026-04-29T00:02:34.197+0300 [DEBUG] [org.gradle.workers.internal.WorkerDaemonExpiration] Will attempt to release 1666 of memory
2026-04-29T00:02:34.197+0300 [DEBUG] [org.gradle.process.internal.health.memory.DefaultMemoryManager] 1747612057 virtual memory requested, 0 released, 707149824 free
2026-04-29T00:02:38.131+0300 [DEBUG] [org.gradle.cache.internal.DefaultFileLockManager] Waiting to acquire shared lock on daemon addresses registry.
2026-04-29T00:02:38.131+0300 [DEBUG] [org.gradle.cache.internal.DefaultFileLockManager] Lock acquired on daemon addresses registry.
2026-04-29T00:02:38.131+0300 [DEBUG] [org.gradle.cache.internal.DefaultFileLockManager] Releasing lock on daemon addresses registry.
2026-04-29T00:02:38.132+0300 [DEBUG] [org.gradle.cache.internal.DefaultFileLockManager] Waiting to acquire shared lock on daemon addresses registry.
2026-04-29T00:02:38.132+0300 [DEBUG] [org.gradle.cache.internal.DefaultFileLockManager] Lock acquired on daemon addresses registry.
2026-04-29T00:02:38.132+0300 [DEBUG] [org.gradle.cache.internal.DefaultFileLockManager] Releasing lock on daemon addresses registry.
2026-04-29T00:02:38.133+0300 [DEBUG] [org.gradle.cache.internal.DefaultFileLockManager] Waiting to acquire shared lock on daemon addresses registry.
2026-04-29T00:02:38.133+0300 [DEBUG] [org.gradle.cache.internal.DefaultFileLockManager] Lock acquired on daemon addresses registry.
2026-04-29T00:02:38.133+0300 [DEBUG] [org.gradle.cache.internal.DefaultFileLockManager] Releasing lock on daemon addresses registry.
2026-04-29T00:02:39.196+0300 [DEBUG] [org.gradle.process.internal.health.memory.DefaultMemoryManager] 1693924966 physical memory requested, 1623965696 free
2026-04-29T00:02:39.196+0300 [DEBUG] [org.gradle.workers.internal.WorkerDaemonExpiration] Will attempt to release 1615 of memory
2026-04-29T00:02:39.196+0300 [DEBUG] [org.gradle.process.internal.health.memory.DefaultMemoryManager] 1693924966 physical memory requested, 0 released, 1623965696 free
2026-04-29T00:02:39.196+0300 [DEBUG] [org.gradle.process.internal.health.memory.DefaultMemoryManager] 1747612057 virtual memory requested, 705921024 free
2026-04-29T00:02:39.196+0300 [DEBUG] [org.gradle.workers.internal.WorkerDaemonExpiration] Will attempt to release 1666 of memory
2026-04-29T00:02:39.196+0300 [DEBUG] [org.gradle.process.internal.health.memory.DefaultMemoryManager] 1747612057 virtual memory requested, 0 released, 705921024 free
2026-04-29T00:02:44.196+0300 [DEBUG] [org.gradle.process.internal.health.memory.DefaultMemoryManager] 1693924966 physical memory requested, 1618223104 free
2026-04-29T00:02:44.196+0300 [DEBUG] [org.gradle.workers.internal.WorkerDaemonExpiration] Will attempt to release 1615 of memory
2026-04-29T00:02:44.196+0300 [DEBUG] [org.gradle.process.internal.health.memory.DefaultMemoryManager] 1693924966 physical memory requested, 0 released, 1618223104 free
2026-04-29T00:02:44.196+0300 [DEBUG] [org.gradle.process.internal.health.memory.DefaultMemoryManager] 1747612057 virtual memory requested, 700968960 free
2026-04-29T00:02:44.196+0300 [DEBUG] [org.gradle.workers.internal.WorkerDaemonExpiration] Will attempt to release 1666 of memory
2026-04-29T00:02:44.196+0300 [DEBUG] [org.gradle.process.internal.health.memory.DefaultMemoryManager] 1747612057 virtual memory requested, 0 released, 700968960 free
2026-04-29T00:02:48.131+0300 [DEBUG] [org.gradle.cache.internal.DefaultFileLockManager] Waiting to acquire shared lock on daemon addresses registry.
2026-04-29T00:02:48.131+0300 [DEBUG] [org.gradle.cache.internal.DefaultFileLockManager] Lock acquired on daemon addresses registry.
2026-04-29T00:02:48.131+0300 [DEBUG] [org.gradle.cache.internal.DefaultFileLockManager] Releasing lock on daemon addresses registry.
2026-04-29T00:02:48.132+0300 [DEBUG] [org.gradle.cache.internal.DefaultFileLockManager] Waiting to acquire shared lock on daemon addresses registry.
2026-04-29T00:02:48.132+0300 [DEBUG] [org.gradle.cache.internal.DefaultFileLockManager] Lock acquired on daemon addresses registry.
2026-04-29T00:02:48.132+0300 [DEBUG] [org.gradle.cache.internal.DefaultFileLockManager] Releasing lock on daemon addresses registry.
2026-04-29T00:02:48.134+0300 [DEBUG] [org.gradle.cache.internal.DefaultFileLockManager] Waiting to acquire shared lock on daemon addresses registry.
2026-04-29T00:02:48.134+0300 [DEBUG] [org.gradle.cache.internal.DefaultFileLockManager] Lock acquired on daemon addresses registry.
2026-04-29T00:02:48.134+0300 [DEBUG] [org.gradle.cache.internal.DefaultFileLockManager] Releasing lock on daemon addresses registry.
2026-04-29T00:02:49.195+0300 [DEBUG] [org.gradle.process.internal.health.memory.DefaultMemoryManager] 1693924966 physical memory requested, 1580855296 free
2026-04-29T00:02:49.196+0300 [DEBUG] [org.gradle.workers.internal.WorkerDaemonExpiration] Will attempt to release 1615 of memory
2026-04-29T00:02:49.196+0300 [DEBUG] [org.gradle.process.internal.health.memory.DefaultMemoryManager] 1693924966 physical memory requested, 0 released, 1580855296 free
2026-04-29T00:02:49.196+0300 [DEBUG] [org.gradle.process.internal.health.memory.DefaultMemoryManager] 1747612057 virtual memory requested, 656568320 free
2026-04-29T00:02:49.196+0300 [DEBUG] [org.gradle.workers.internal.WorkerDaemonExpiration] Will attempt to release 1666 of memory
2026-04-29T00:02:49.196+0300 [DEBUG] [org.gradle.process.internal.health.memory.DefaultMemoryManager] 1747612057 virtual memory requested, 0 released, 656568320 free
2026-04-29T00:02:54.199+0300 [DEBUG] [org.gradle.process.internal.health.memory.DefaultMemoryManager] 1693924966 physical memory requested, 1585491968 free
2026-04-29T00:02:54.199+0300 [DEBUG] [org.gradle.workers.internal.WorkerDaemonExpiration] Will attempt to release 1615 of memory
2026-04-29T00:02:54.199+0300 [DEBUG] [org.gradle.process.internal.health.memory.DefaultMemoryManager] 1693924966 physical memory requested, 0 released, 1585491968 free
2026-04-29T00:02:54.199+0300 [DEBUG] [org.gradle.process.internal.health.memory.DefaultMemoryManager] 1747612057 virtual memory requested, 663289856 free
2026-04-29T00:02:54.199+0300 [DEBUG] [org.gradle.workers.internal.WorkerDaemonExpiration] Will attempt to release 1666 of memory
2026-04-29T00:02:54.199+0300 [DEBUG] [org.gradle.process.internal.health.memory.DefaultMemoryManager] 1747612057 virtual memory requested, 0 released, 663289856 free
2026-04-29T00:02:58.132+0300 [DEBUG] [org.gradle.cache.internal.DefaultFileLockManager] Waiting to acquire shared lock on daemon addresses registry.
2026-04-29T00:02:58.132+0300 [DEBUG] [org.gradle.cache.internal.DefaultFileLockManager] Lock acquired on daemon addresses registry.
2026-04-29T00:02:58.132+0300 [DEBUG] [org.gradle.cache.internal.DefaultFileLockManager] Releasing lock on daemon addresses registry.
2026-04-29T00:02:58.133+0300 [DEBUG] [org.gradle.cache.internal.DefaultFileLockManager] Waiting to acquire shared lock on daemon addresses registry.
2026-04-29T00:02:58.133+0300 [DEBUG] [org.gradle.cache.internal.DefaultFileLockManager] Lock acquired on daemon addresses registry.
2026-04-29T00:02:58.134+0300 [DEBUG] [org.gradle.cache.internal.DefaultFileLockManager] Releasing lock on daemon addresses registry.
2026-04-29T00:02:58.134+0300 [DEBUG] [org.gradle.cache.internal.DefaultFileLockManager] Waiting to acquire shared lock on daemon addresses registry.
2026-04-29T00:02:58.134+0300 [DEBUG] [org.gradle.cache.internal.DefaultFileLockManager] Lock acquired on daemon addresses registry.
2026-04-29T00:02:58.135+0300 [DEBUG] [org.gradle.cache.internal.DefaultFileLockManager] Releasing lock on daemon addresses registry.
2026-04-29T00:02:59.198+0300 [DEBUG] [org.gradle.process.internal.health.memory.DefaultMemoryManager] 1693924966 physical memory requested, 1583288320 free
2026-04-29T00:02:59.199+0300 [DEBUG] [org.gradle.workers.internal.WorkerDaemonExpiration] Will attempt to release 1615 of memory
2026-04-29T00:02:59.199+0300 [DEBUG] [org.gradle.process.internal.health.memory.DefaultMemoryManager] 1693924966 physical memory requested, 0 released, 1583288320 free
2026-04-29T00:02:59.199+0300 [DEBUG] [org.gradle.process.internal.health.memory.DefaultMemoryManager] 1747612057 virtual memory requested, 687341568 free
2026-04-29T00:02:59.199+0300 [DEBUG] [org.gradle.workers.internal.WorkerDaemonExpiration] Will attempt to release 1666 of memory
2026-04-29T00:02:59.199+0300 [DEBUG] [org.gradle.process.internal.health.memory.DefaultMemoryManager] 1747612057 virtual memory requested, 0 released, 687341568 free
2026-04-29T00:03:04.198+0300 [DEBUG] [org.gradle.process.internal.health.memory.DefaultMemoryManager] 1693924966 physical memory requested, 1535442944 free
2026-04-29T00:03:04.198+0300 [DEBUG] [org.gradle.workers.internal.WorkerDaemonExpiration] Will attempt to release 1615 of memory
2026-04-29T00:03:04.198+0300 [DEBUG] [org.gradle.process.internal.health.memory.DefaultMemoryManager] 1693924966 physical memory requested, 0 released, 1535442944 free
2026-04-29T00:03:04.198+0300 [DEBUG] [org.gradle.process.internal.health.memory.DefaultMemoryManager] 1747612057 virtual memory requested, 628891648 free
2026-04-29T00:03:04.198+0300 [DEBUG] [org.gradle.workers.internal.WorkerDaemonExpiration] Will attempt to release 1666 of memory
2026-04-29T00:03:04.198+0300 [DEBUG] [org.gradle.process.internal.health.memory.DefaultMemoryManager] 1747612057 virtual memory requested, 0 released, 628891648 free
2026-04-29T00:03:08.132+0300 [DEBUG] [org.gradle.cache.internal.DefaultFileLockManager] Waiting to acquire shared lock on daemon addresses registry.
2026-04-29T00:03:08.132+0300 [DEBUG] [org.gradle.cache.internal.DefaultFileLockManager] Lock acquired on daemon addresses registry.
2026-04-29T00:03:08.132+0300 [DEBUG] [org.gradle.cache.internal.DefaultFileLockManager] Releasing lock on daemon addresses registry.
2026-04-29T00:03:08.133+0300 [DEBUG] [org.gradle.cache.internal.DefaultFileLockManager] Waiting to acquire shared lock on daemon addresses registry.
2026-04-29T00:03:08.133+0300 [DEBUG] [org.gradle.cache.internal.DefaultFileLockManager] Lock acquired on daemon addresses registry.
2026-04-29T00:03:08.133+0300 [DEBUG] [org.gradle.cache.internal.DefaultFileLockManager] Releasing lock on daemon addresses registry.
2026-04-29T00:03:08.135+0300 [DEBUG] [org.gradle.cache.internal.DefaultFileLockManager] Waiting to acquire shared lock on daemon addresses registry.
2026-04-29T00:03:08.135+0300 [DEBUG] [org.gradle.cache.internal.DefaultFileLockManager] Lock acquired on daemon addresses registry.
2026-04-29T00:03:08.135+0300 [DEBUG] [org.gradle.cache.internal.DefaultFileLockManager] Releasing lock on daemon addresses registry.
2026-04-29T00:03:09.197+0300 [DEBUG] [org.gradle.process.internal.health.memory.DefaultMemoryManager] 1693924966 physical memory requested, 1533612032 free
2026-04-29T00:03:09.197+0300 [DEBUG] [org.gradle.workers.internal.WorkerDaemonExpiration] Will attempt to release 1615 of memory
2026-04-29T00:03:09.197+0300 [DEBUG] [org.gradle.process.internal.health.memory.DefaultMemoryManager] 1693924966 physical memory requested, 0 released, 1533612032 free
2026-04-29T00:03:09.197+0300 [DEBUG] [org.gradle.process.internal.health.memory.DefaultMemoryManager] 1747612057 virtual memory requested, 628649984 free
2026-04-29T00:03:09.197+0300 [DEBUG] [org.gradle.workers.internal.WorkerDaemonExpiration] Will attempt to release 1666 of memory
2026-04-29T00:03:09.197+0300 [DEBUG] [org.gradle.process.internal.health.memory.DefaultMemoryManager] 1747612057 virtual memory requested, 0 released, 628649984 free
2026-04-29T00:03:14.198+0300 [DEBUG] [org.gradle.process.internal.health.memory.DefaultMemoryManager] 1693924966 physical memory requested, 1520562176 free
2026-04-29T00:03:14.198+0300 [DEBUG] [org.gradle.workers.internal.WorkerDaemonExpiration] Will attempt to release 1615 of memory
2026-04-29T00:03:14.198+0300 [DEBUG] [org.gradle.process.internal.health.memory.DefaultMemoryManager] 1693924966 physical memory requested, 0 released, 1520562176 free
2026-04-29T00:03:14.198+0300 [DEBUG] [org.gradle.process.internal.health.memory.DefaultMemoryManager] 1747612057 virtual memory requested, 615849984 free
2026-04-29T00:03:14.198+0300 [DEBUG] [org.gradle.workers.internal.WorkerDaemonExpiration] Will attempt to release 1666 of memory
2026-04-29T00:03:14.198+0300 [DEBUG] [org.gradle.process.internal.health.memory.DefaultMemoryManager] 1747612057 virtual memory requested, 0 released, 615849984 free
2026-04-29T00:03:18.131+0300 [DEBUG] [org.gradle.cache.internal.DefaultFileLockManager] Waiting to acquire shared lock on daemon addresses registry.
2026-04-29T00:03:18.132+0300 [DEBUG] [org.gradle.cache.internal.DefaultFileLockManager] Lock acquired on daemon addresses registry.
2026-04-29T00:03:18.132+0300 [DEBUG] [org.gradle.cache.internal.DefaultFileLockManager] Releasing lock on daemon addresses registry.
2026-04-29T00:03:18.133+0300 [DEBUG] [org.gradle.cache.internal.DefaultFileLockManager] Waiting to acquire shared lock on daemon addresses registry.
2026-04-29T00:03:18.134+0300 [DEBUG] [org.gradle.cache.internal.DefaultFileLockManager] Lock acquired on daemon addresses registry.
2026-04-29T00:03:18.134+0300 [DEBUG] [org.gradle.cache.internal.DefaultFileLockManager] Releasing lock on daemon addresses registry.
2026-04-29T00:03:18.135+0300 [DEBUG] [org.gradle.cache.internal.DefaultFileLockManager] Waiting to acquire shared lock on daemon addresses registry.
2026-04-29T00:03:18.135+0300 [DEBUG] [org.gradle.cache.internal.DefaultFileLockManager] Lock acquired on daemon addresses registry.
2026-04-29T00:03:18.136+0300 [DEBUG] [org.gradle.cache.internal.DefaultFileLockManager] Releasing lock on daemon addresses registry.
2026-04-29T00:03:19.199+0300 [DEBUG] [org.gradle.process.internal.health.memory.DefaultMemoryManager] 1693924966 physical memory requested, 1498284032 free
2026-04-29T00:03:19.199+0300 [DEBUG] [org.gradle.workers.internal.WorkerDaemonExpiration] Will attempt to release 1615 of memory
2026-04-29T00:03:19.199+0300 [DEBUG] [org.gradle.process.internal.health.memory.DefaultMemoryManager] 1693924966 physical memory requested, 0 released, 1498284032 free
2026-04-29T00:03:19.199+0300 [DEBUG] [org.gradle.process.internal.health.memory.DefaultMemoryManager] 1747612057 virtual memory requested, 593895424 free
2026-04-29T00:03:19.199+0300 [DEBUG] [org.gradle.workers.internal.WorkerDaemonExpiration] Will attempt to release 1666 of memory
2026-04-29T00:03:19.199+0300 [DEBUG] [org.gradle.process.internal.health.memory.DefaultMemoryManager] 1747612057 virtual memory requested, 0 released, 593895424 free
2026-04-29T00:03:24.199+0300 [DEBUG] [org.gradle.process.internal.health.memory.DefaultMemoryManager] 1693924966 physical memory requested, 1516048384 free
2026-04-29T00:03:24.199+0300 [DEBUG] [org.gradle.workers.internal.WorkerDaemonExpiration] Will attempt to release 1615 of memory
2026-04-29T00:03:24.199+0300 [DEBUG] [org.gradle.process.internal.health.memory.DefaultMemoryManager] 1693924966 physical memory requested, 0 released, 1516048384 free
2026-04-29T00:03:24.199+0300 [DEBUG] [org.gradle.process.internal.health.memory.DefaultMemoryManager] 1747612057 virtual memory requested, 592318464 free
2026-04-29T00:03:24.199+0300 [DEBUG] [org.gradle.workers.internal.WorkerDaemonExpiration] Will attempt to release 1666 of memory
2026-04-29T00:03:24.199+0300 [DEBUG] [org.gradle.process.internal.health.memory.DefaultMemoryManager] 1747612057 virtual memory requested, 0 released, 592318464 free
2026-04-29T00:03:28.135+0300 [DEBUG] [org.gradle.cache.internal.DefaultFileLockManager] Waiting to acquire shared lock on daemon addresses registry.
2026-04-29T00:03:28.135+0300 [DEBUG] [org.gradle.cache.internal.DefaultFileLockManager] Lock acquired on daemon addresses registry.
2026-04-29T00:03:28.136+0300 [DEBUG] [org.gradle.cache.internal.DefaultFileLockManager] Releasing lock on daemon addresses registry.
2026-04-29T00:03:28.137+0300 [DEBUG] [org.gradle.cache.internal.DefaultFileLockManager] Waiting to acquire shared lock on daemon addresses registry.
2026-04-29T00:03:28.137+0300 [DEBUG] [org.gradle.cache.internal.DefaultFileLockManager] Lock acquired on daemon addresses registry.
2026-04-29T00:03:28.138+0300 [DEBUG] [org.gradle.cache.internal.DefaultFileLockManager] Releasing lock on daemon addresses registry.
2026-04-29T00:03:28.139+0300 [DEBUG] [org.gradle.cache.internal.DefaultFileLockManager] Waiting to acquire shared lock on daemon addresses registry.
2026-04-29T00:03:28.139+0300 [DEBUG] [org.gradle.cache.internal.DefaultFileLockManager] Lock acquired on daemon addresses registry.
2026-04-29T00:03:28.140+0300 [DEBUG] [org.gradle.cache.internal.DefaultFileLockManager] Releasing lock on daemon addresses registry.
2026-04-29T00:03:29.198+0300 [DEBUG] [org.gradle.process.internal.health.memory.DefaultMemoryManager] 1693924966 physical memory requested, 1522393088 free
2026-04-29T00:03:29.198+0300 [DEBUG] [org.gradle.workers.internal.WorkerDaemonExpiration] Will attempt to release 1615 of memory
2026-04-29T00:03:29.198+0300 [DEBUG] [org.gradle.process.internal.health.memory.DefaultMemoryManager] 1693924966 physical memory requested, 0 released, 1522393088 free
2026-04-29T00:03:29.198+0300 [DEBUG] [org.gradle.process.internal.health.memory.DefaultMemoryManager] 1747612057 virtual memory requested, 602218496 free
2026-04-29T00:03:29.198+0300 [DEBUG] [org.gradle.workers.internal.WorkerDaemonExpiration] Will attempt to release 1666 of memory
2026-04-29T00:03:29.198+0300 [DEBUG] [org.gradle.process.internal.health.memory.DefaultMemoryManager] 1747612057 virtual memory requested, 0 released, 602218496 free
2026-04-29T00:03:34.197+0300 [DEBUG] [org.gradle.process.internal.health.memory.DefaultMemoryManager] 1693924966 physical memory requested, 1529081856 free
2026-04-29T00:03:34.197+0300 [DEBUG] [org.gradle.workers.internal.WorkerDaemonExpiration] Will attempt to release 1615 of memory
2026-04-29T00:03:34.197+0300 [DEBUG] [org.gradle.process.internal.health.memory.DefaultMemoryManager] 1693924966 physical memory requested, 0 released, 1529081856 free
2026-04-29T00:03:34.197+0300 [DEBUG] [org.gradle.process.internal.health.memory.DefaultMemoryManager] 1747612057 virtual memory requested, 610590720 free
2026-04-29T00:03:34.197+0300 [DEBUG] [org.gradle.workers.internal.WorkerDaemonExpiration] Will attempt to release 1666 of memory
2026-04-29T00:03:34.197+0300 [DEBUG] [org.gradle.process.internal.health.memory.DefaultMemoryManager] 1747612057 virtual memory requested, 0 released, 610590720 free
2026-04-29T00:03:38.132+0300 [DEBUG] [org.gradle.cache.internal.DefaultFileLockManager] Waiting to acquire shared lock on daemon addresses registry.
2026-04-29T00:03:38.132+0300 [DEBUG] [org.gradle.cache.internal.DefaultFileLockManager] Lock acquired on daemon addresses registry.
2026-04-29T00:03:38.132+0300 [DEBUG] [org.gradle.cache.internal.DefaultFileLockManager] Releasing lock on daemon addresses registry.
2026-04-29T00:03:38.133+0300 [DEBUG] [org.gradle.cache.internal.DefaultFileLockManager] Waiting to acquire shared lock on daemon addresses registry.
2026-04-29T00:03:38.133+0300 [DEBUG] [org.gradle.cache.internal.DefaultFileLockManager] Lock acquired on daemon addresses registry.
2026-04-29T00:03:38.133+0300 [DEBUG] [org.gradle.cache.internal.DefaultFileLockManager] Releasing lock on daemon addresses registry.
2026-04-29T00:03:38.134+0300 [DEBUG] [org.gradle.cache.internal.DefaultFileLockManager] Waiting to acquire shared lock on daemon addresses registry.
2026-04-29T00:03:38.135+0300 [DEBUG] [org.gradle.cache.internal.DefaultFileLockManager] Lock acquired on daemon addresses registry.
2026-04-29T00:03:38.135+0300 [DEBUG] [org.gradle.cache.internal.DefaultFileLockManager] Releasing lock on daemon addresses registry.
2026-04-29T00:03:39.197+0300 [DEBUG] [org.gradle.process.internal.health.memory.DefaultMemoryManager] 1693924966 physical memory requested, 1529810944 free
2026-04-29T00:03:39.198+0300 [DEBUG] [org.gradle.workers.internal.WorkerDaemonExpiration] Will attempt to release 1615 of memory
2026-04-29T00:03:39.198+0300 [DEBUG] [org.gradle.process.internal.health.memory.DefaultMemoryManager] 1693924966 physical memory requested, 0 released, 1529810944 free
2026-04-29T00:03:39.198+0300 [DEBUG] [org.gradle.process.internal.health.memory.DefaultMemoryManager] 1747612057 virtual memory requested, 611282944 free
2026-04-29T00:03:39.198+0300 [DEBUG] [org.gradle.workers.internal.WorkerDaemonExpiration] Will attempt to release 1666 of memory
2026-04-29T00:03:39.198+0300 [DEBUG] [org.gradle.process.internal.health.memory.DefaultMemoryManager] 1747612057 virtual memory requested, 0 released, 611282944 free
2026-04-29T00:03:44.198+0300 [DEBUG] [org.gradle.process.internal.health.memory.DefaultMemoryManager] 1693924966 physical memory requested, 1529323520 free
2026-04-29T00:03:44.198+0300 [DEBUG] [org.gradle.workers.internal.WorkerDaemonExpiration] Will attempt to release 1615 of memory
2026-04-29T00:03:44.199+0300 [DEBUG] [org.gradle.process.internal.health.memory.DefaultMemoryManager] 1693924966 physical memory requested, 0 released, 1529323520 free
2026-04-29T00:03:44.199+0300 [DEBUG] [org.gradle.process.internal.health.memory.DefaultMemoryManager] 1747612057 virtual memory requested, 611086336 free
2026-04-29T00:03:44.199+0300 [DEBUG] [org.gradle.workers.internal.WorkerDaemonExpiration] Will attempt to release 1666 of memory
2026-04-29T00:03:44.199+0300 [DEBUG] [org.gradle.process.internal.health.memory.DefaultMemoryManager] 1747612057 virtual memory requested, 0 released, 611086336 free
2026-04-29T00:03:48.132+0300 [DEBUG] [org.gradle.cache.internal.DefaultFileLockManager] Waiting to acquire shared lock on daemon addresses registry.
2026-04-29T00:03:48.133+0300 [DEBUG] [org.gradle.cache.internal.DefaultFileLockManager] Lock acquired on daemon addresses registry.
2026-04-29T00:03:48.133+0300 [DEBUG] [org.gradle.cache.internal.DefaultFileLockManager] Releasing lock on daemon addresses registry.
2026-04-29T00:03:48.134+0300 [DEBUG] [org.gradle.cache.internal.DefaultFileLockManager] Waiting to acquire shared lock on daemon addresses registry.
2026-04-29T00:03:48.134+0300 [DEBUG] [org.gradle.cache.internal.DefaultFileLockManager] Lock acquired on daemon addresses registry.
2026-04-29T00:03:48.134+0300 [DEBUG] [org.gradle.cache.internal.DefaultFileLockManager] Releasing lock on daemon addresses registry.
2026-04-29T00:03:48.135+0300 [DEBUG] [org.gradle.cache.internal.DefaultFileLockManager] Waiting to acquire shared lock on daemon addresses registry.
2026-04-29T00:03:48.135+0300 [DEBUG] [org.gradle.cache.internal.DefaultFileLockManager] Lock acquired on daemon addresses registry.
2026-04-29T00:03:48.135+0300 [DEBUG] [org.gradle.cache.internal.DefaultFileLockManager] Releasing lock on daemon addresses registry.
2026-04-29T00:03:49.199+0300 [DEBUG] [org.gradle.process.internal.health.memory.DefaultMemoryManager] 1693924966 physical memory requested, 1428398080 free
2026-04-29T00:03:49.199+0300 [DEBUG] [org.gradle.workers.internal.WorkerDaemonExpiration] Will attempt to release 1615 of memory
2026-04-29T00:03:49.199+0300 [DEBUG] [org.gradle.process.internal.health.memory.DefaultMemoryManager] 1693924966 physical memory requested, 0 released, 1428398080 free
2026-04-29T00:03:49.199+0300 [DEBUG] [org.gradle.process.internal.health.memory.DefaultMemoryManager] 1747612057 virtual memory requested, 507871232 free
2026-04-29T00:03:49.199+0300 [DEBUG] [org.gradle.workers.internal.WorkerDaemonExpiration] Will attempt to release 1666 of memory
2026-04-29T00:03:49.199+0300 [DEBUG] [org.gradle.process.internal.health.memory.DefaultMemoryManager] 1747612057 virtual memory requested, 0 released, 507871232 free
2026-04-29T00:03:54.199+0300 [DEBUG] [org.gradle.process.internal.health.memory.DefaultMemoryManager] 1693924966 physical memory requested, 1470398464 free
2026-04-29T00:03:54.199+0300 [DEBUG] [org.gradle.workers.internal.WorkerDaemonExpiration] Will attempt to release 1615 of memory
2026-04-29T00:03:54.199+0300 [DEBUG] [org.gradle.process.internal.health.memory.DefaultMemoryManager] 1693924966 physical memory requested, 0 released, 1470398464 free
2026-04-29T00:03:54.199+0300 [DEBUG] [org.gradle.process.internal.health.memory.DefaultMemoryManager] 1747612057 virtual memory requested, 575455232 free
2026-04-29T00:03:54.199+0300 [DEBUG] [org.gradle.workers.internal.WorkerDaemonExpiration] Will attempt to release 1666 of memory
2026-04-29T00:03:54.199+0300 [DEBUG] [org.gradle.process.internal.health.memory.DefaultMemoryManager] 1747612057 virtual memory requested, 0 released, 575455232 free
2026-04-29T00:03:58.131+0300 [DEBUG] [org.gradle.cache.internal.DefaultFileLockManager] Waiting to acquire shared lock on daemon addresses registry.
2026-04-29T00:03:58.131+0300 [DEBUG] [org.gradle.cache.internal.DefaultFileLockManager] Lock acquired on daemon addresses registry.
2026-04-29T00:03:58.132+0300 [DEBUG] [org.gradle.cache.internal.DefaultFileLockManager] Releasing lock on daemon addresses registry.
2026-04-29T00:03:58.132+0300 [DEBUG] [org.gradle.cache.internal.DefaultFileLockManager] Waiting to acquire shared lock on daemon addresses registry.
2026-04-29T00:03:58.132+0300 [DEBUG] [org.gradle.cache.internal.DefaultFileLockManager] Lock acquired on daemon addresses registry.
2026-04-29T00:03:58.133+0300 [DEBUG] [org.gradle.cache.internal.DefaultFileLockManager] Releasing lock on daemon addresses registry.
2026-04-29T00:03:58.133+0300 [DEBUG] [org.gradle.cache.internal.DefaultFileLockManager] Waiting to acquire shared lock on daemon addresses registry.
2026-04-29T00:03:58.133+0300 [DEBUG] [org.gradle.cache.internal.DefaultFileLockManager] Lock acquired on daemon addresses registry.
2026-04-29T00:03:58.134+0300 [DEBUG] [org.gradle.cache.internal.DefaultFileLockManager] Releasing lock on daemon addresses registry.
2026-04-29T00:03:59.198+0300 [DEBUG] [org.gradle.process.internal.health.memory.DefaultMemoryManager] 1693924966 physical memory requested, 1536950272 free
2026-04-29T00:03:59.198+0300 [DEBUG] [org.gradle.workers.internal.WorkerDaemonExpiration] Will attempt to release 1615 of memory
2026-04-29T00:03:59.198+0300 [DEBUG] [org.gradle.process.internal.health.memory.DefaultMemoryManager] 1693924966 physical memory requested, 0 released, 1536950272 free
2026-04-29T00:03:59.198+0300 [DEBUG] [org.gradle.process.internal.health.memory.DefaultMemoryManager] 1747612057 virtual memory requested, 581271552 free
2026-04-29T00:03:59.198+0300 [DEBUG] [org.gradle.workers.internal.WorkerDaemonExpiration] Will attempt to release 1666 of memory
2026-04-29T00:03:59.198+0300 [DEBUG] [org.gradle.process.internal.health.memory.DefaultMemoryManager] 1747612057 virtual memory requested, 0 released, 581271552 free
2026-04-29T00:04:04.200+0300 [DEBUG] [org.gradle.process.internal.health.memory.DefaultMemoryManager] 1693924966 physical memory requested, 1515278336 free
2026-04-29T00:04:04.200+0300 [DEBUG] [org.gradle.workers.internal.WorkerDaemonExpiration] Will attempt to release 1615 of memory
2026-04-29T00:04:04.200+0300 [DEBUG] [org.gradle.process.internal.health.memory.DefaultMemoryManager] 1693924966 physical memory requested, 0 released, 1515278336 free
2026-04-29T00:04:04.200+0300 [DEBUG] [org.gradle.process.internal.health.memory.DefaultMemoryManager] 1747612057 virtual memory requested, 582877184 free
2026-04-29T00:04:04.200+0300 [DEBUG] [org.gradle.workers.internal.WorkerDaemonExpiration] Will attempt to release 1666 of memory
2026-04-29T00:04:04.200+0300 [DEBUG] [org.gradle.process.internal.health.memory.DefaultMemoryManager] 1747612057 virtual memory requested, 0 released, 582877184 free
2026-04-29T00:04:08.132+0300 [DEBUG] [org.gradle.cache.internal.DefaultFileLockManager] Waiting to acquire shared lock on daemon addresses registry.
2026-04-29T00:04:08.132+0300 [DEBUG] [org.gradle.cache.internal.DefaultFileLockManager] Lock acquired on daemon addresses registry.
2026-04-29T00:04:08.132+0300 [DEBUG] [org.gradle.cache.internal.DefaultFileLockManager] Releasing lock on daemon addresses registry.
2026-04-29T00:04:08.133+0300 [DEBUG] [org.gradle.cache.internal.DefaultFileLockManager] Waiting to acquire shared lock on daemon addresses registry.
2026-04-29T00:04:08.134+0300 [DEBUG] [org.gradle.cache.internal.DefaultFileLockManager] Lock acquired on daemon addresses registry.
2026-04-29T00:04:08.134+0300 [DEBUG] [org.gradle.cache.internal.DefaultFileLockManager] Releasing lock on daemon addresses registry.
2026-04-29T00:04:08.135+0300 [DEBUG] [org.gradle.cache.internal.DefaultFileLockManager] Waiting to acquire shared lock on daemon addresses registry.
2026-04-29T00:04:08.135+0300 [DEBUG] [org.gradle.cache.internal.DefaultFileLockManager] Lock acquired on daemon addresses registry.
2026-04-29T00:04:08.136+0300 [DEBUG] [org.gradle.cache.internal.DefaultFileLockManager] Releasing lock on daemon addresses registry.
2026-04-29T00:04:09.197+0300 [DEBUG] [org.gradle.process.internal.health.memory.DefaultMemoryManager] 1693924966 physical memory requested, 1515515904 free
2026-04-29T00:04:09.198+0300 [DEBUG] [org.gradle.workers.internal.WorkerDaemonExpiration] Will attempt to release 1615 of memory
2026-04-29T00:04:09.198+0300 [DEBUG] [org.gradle.process.internal.health.memory.DefaultMemoryManager] 1693924966 physical memory requested, 0 released, 1515515904 free
2026-04-29T00:04:09.198+0300 [DEBUG] [org.gradle.process.internal.health.memory.DefaultMemoryManager] 1747612057 virtual memory requested, 584482816 free
2026-04-29T00:04:09.198+0300 [DEBUG] [org.gradle.workers.internal.WorkerDaemonExpiration] Will attempt to release 1666 of memory
2026-04-29T00:04:09.198+0300 [DEBUG] [org.gradle.process.internal.health.memory.DefaultMemoryManager] 1747612057 virtual memory requested, 0 released, 584482816 free
2026-04-29T00:04:14.199+0300 [DEBUG] [org.gradle.process.internal.health.memory.DefaultMemoryManager] 1693924966 physical memory requested, 1516920832 free
2026-04-29T00:04:14.199+0300 [DEBUG] [org.gradle.workers.internal.WorkerDaemonExpiration] Will attempt to release 1615 of memory
2026-04-29T00:04:14.199+0300 [DEBUG] [org.gradle.process.internal.health.memory.DefaultMemoryManager] 1693924966 physical memory requested, 0 released, 1516920832 free
2026-04-29T00:04:14.199+0300 [DEBUG] [org.gradle.process.internal.health.memory.DefaultMemoryManager] 1747612057 virtual memory requested, 587149312 free
2026-04-29T00:04:14.199+0300 [DEBUG] [org.gradle.workers.internal.WorkerDaemonExpiration] Will attempt to release 1666 of memory
2026-04-29T00:04:14.199+0300 [DEBUG] [org.gradle.process.internal.health.memory.DefaultMemoryManager] 1747612057 virtual memory requested, 0 released, 587149312 free
2026-04-29T00:04:18.134+0300 [DEBUG] [org.gradle.cache.internal.DefaultFileLockManager] Waiting to acquire shared lock on daemon addresses registry.
2026-04-29T00:04:18.134+0300 [DEBUG] [org.gradle.cache.internal.DefaultFileLockManager] Lock acquired on daemon addresses registry.
2026-04-29T00:04:18.134+0300 [DEBUG] [org.gradle.cache.internal.DefaultFileLockManager] Releasing lock on daemon addresses registry.
2026-04-29T00:04:18.135+0300 [DEBUG] [org.gradle.cache.internal.DefaultFileLockManager] Waiting to acquire shared lock on daemon addresses registry.
2026-04-29T00:04:18.135+0300 [DEBUG] [org.gradle.cache.internal.DefaultFileLockManager] Lock acquired on daemon addresses registry.
2026-04-29T00:04:18.135+0300 [DEBUG] [org.gradle.cache.internal.DefaultFileLockManager] Releasing lock on daemon addresses registry.
2026-04-29T00:04:18.136+0300 [DEBUG] [org.gradle.cache.internal.DefaultFileLockManager] Waiting to acquire shared lock on daemon addresses registry.
2026-04-29T00:04:18.136+0300 [DEBUG] [org.gradle.cache.internal.DefaultFileLockManager] Lock acquired on daemon addresses registry.
2026-04-29T00:04:18.136+0300 [DEBUG] [org.gradle.cache.internal.DefaultFileLockManager] Releasing lock on daemon addresses registry.
2026-04-29T00:04:19.199+0300 [DEBUG] [org.gradle.process.internal.health.memory.DefaultMemoryManager] 1693924966 physical memory requested, 1518034944 free
2026-04-29T00:04:19.199+0300 [DEBUG] [org.gradle.workers.internal.WorkerDaemonExpiration] Will attempt to release 1615 of memory
2026-04-29T00:04:19.199+0300 [DEBUG] [org.gradle.process.internal.health.memory.DefaultMemoryManager] 1693924966 physical memory requested, 0 released, 1518034944 free
2026-04-29T00:04:19.199+0300 [DEBUG] [org.gradle.process.internal.health.memory.DefaultMemoryManager] 1747612057 virtual memory requested, 589451264 free
2026-04-29T00:04:19.199+0300 [DEBUG] [org.gradle.workers.internal.WorkerDaemonExpiration] Will attempt to release 1666 of memory
2026-04-29T00:04:19.199+0300 [DEBUG] [org.gradle.process.internal.health.memory.DefaultMemoryManager] 1747612057 virtual memory requested, 0 released, 589451264 free
2026-04-29T00:04:24.200+0300 [DEBUG] [org.gradle.process.internal.health.memory.DefaultMemoryManager] 1693924966 physical memory requested, 1418526720 free
2026-04-29T00:04:24.200+0300 [DEBUG] [org.gradle.workers.internal.WorkerDaemonExpiration] Will attempt to release 1615 of memory
2026-04-29T00:04:24.200+0300 [DEBUG] [org.gradle.process.internal.health.memory.DefaultMemoryManager] 1693924966 physical memory requested, 0 released, 1418526720 free
2026-04-29T00:04:24.200+0300 [DEBUG] [org.gradle.process.internal.health.memory.DefaultMemoryManager] 1747612057 virtual memory requested, 458113024 free
2026-04-29T00:04:24.200+0300 [DEBUG] [org.gradle.workers.internal.WorkerDaemonExpiration] Will attempt to release 1666 of memory
2026-04-29T00:04:24.200+0300 [DEBUG] [org.gradle.process.internal.health.memory.DefaultMemoryManager] 1747612057 virtual memory requested, 0 released, 458113024 free
2026-04-29T00:04:28.132+0300 [DEBUG] [org.gradle.cache.internal.DefaultFileLockManager] Waiting to acquire shared lock on daemon addresses registry.
2026-04-29T00:04:28.132+0300 [DEBUG] [org.gradle.cache.internal.DefaultFileLockManager] Lock acquired on daemon addresses registry.
2026-04-29T00:04:28.133+0300 [DEBUG] [org.gradle.cache.internal.DefaultFileLockManager] Releasing lock on daemon addresses registry.
2026-04-29T00:04:28.134+0300 [DEBUG] [org.gradle.cache.internal.DefaultFileLockManager] Waiting to acquire shared lock on daemon addresses registry.
2026-04-29T00:04:28.134+0300 [DEBUG] [org.gradle.cache.internal.DefaultFileLockManager] Lock acquired on daemon addresses registry.
2026-04-29T00:04:28.134+0300 [DEBUG] [org.gradle.cache.internal.DefaultFileLockManager] Releasing lock on daemon addresses registry.
2026-04-29T00:04:28.135+0300 [DEBUG] [org.gradle.cache.internal.DefaultFileLockManager] Waiting to acquire shared lock on daemon addresses registry.
2026-04-29T00:04:28.135+0300 [DEBUG] [org.gradle.cache.internal.DefaultFileLockManager] Lock acquired on daemon addresses registry.
2026-04-29T00:04:28.135+0300 [DEBUG] [org.gradle.cache.internal.DefaultFileLockManager] Releasing lock on daemon addresses registry.
2026-04-29T00:04:29.198+0300 [DEBUG] [org.gradle.process.internal.health.memory.DefaultMemoryManager] 1693924966 physical memory requested, 1418448896 free
2026-04-29T00:04:29.198+0300 [DEBUG] [org.gradle.workers.internal.WorkerDaemonExpiration] Will attempt to release 1615 of memory
2026-04-29T00:04:29.198+0300 [DEBUG] [org.gradle.process.internal.health.memory.DefaultMemoryManager] 1693924966 physical memory requested, 0 released, 1418448896 free
2026-04-29T00:04:29.198+0300 [DEBUG] [org.gradle.process.internal.health.memory.DefaultMemoryManager] 1747612057 virtual memory requested, 461299712 free
2026-04-29T00:04:29.198+0300 [DEBUG] [org.gradle.workers.internal.WorkerDaemonExpiration] Will attempt to release 1666 of memory
2026-04-29T00:04:29.199+0300 [DEBUG] [org.gradle.process.internal.health.memory.DefaultMemoryManager] 1747612057 virtual memory requested, 0 released, 461299712 free
2026-04-29T00:04:34.200+0300 [DEBUG] [org.gradle.process.internal.health.memory.DefaultMemoryManager] 1693924966 physical memory requested, 1417543680 free
2026-04-29T00:04:34.200+0300 [DEBUG] [org.gradle.workers.internal.WorkerDaemonExpiration] Will attempt to release 1615 of memory
2026-04-29T00:04:34.200+0300 [DEBUG] [org.gradle.process.internal.health.memory.DefaultMemoryManager] 1693924966 physical memory requested, 0 released, 1417543680 free
2026-04-29T00:04:34.200+0300 [DEBUG] [org.gradle.process.internal.health.memory.DefaultMemoryManager] 1747612057 virtual memory requested, 469843968 free
2026-04-29T00:04:34.200+0300 [DEBUG] [org.gradle.workers.internal.WorkerDaemonExpiration] Will attempt to release 1666 of memory
2026-04-29T00:04:34.200+0300 [DEBUG] [org.gradle.process.internal.health.memory.DefaultMemoryManager] 1747612057 virtual memory requested, 0 released, 469843968 free
2026-04-29T00:04:38.134+0300 [DEBUG] [org.gradle.cache.internal.DefaultFileLockManager] Waiting to acquire shared lock on daemon addresses registry.
2026-04-29T00:04:38.134+0300 [DEBUG] [org.gradle.cache.internal.DefaultFileLockManager] Lock acquired on daemon addresses registry.
2026-04-29T00:04:38.135+0300 [DEBUG] [org.gradle.cache.internal.DefaultFileLockManager] Releasing lock on daemon addresses registry.
2026-04-29T00:04:38.136+0300 [DEBUG] [org.gradle.cache.internal.DefaultFileLockManager] Waiting to acquire shared lock on daemon addresses registry.
2026-04-29T00:04:38.136+0300 [DEBUG] [org.gradle.cache.internal.DefaultFileLockManager] Lock acquired on daemon addresses registry.
2026-04-29T00:04:38.136+0300 [DEBUG] [org.gradle.cache.internal.DefaultFileLockManager] Releasing lock on daemon addresses registry.
2026-04-29T00:04:38.137+0300 [DEBUG] [org.gradle.cache.internal.DefaultFileLockManager] Waiting to acquire shared lock on daemon addresses registry.
2026-04-29T00:04:38.137+0300 [DEBUG] [org.gradle.cache.internal.DefaultFileLockManager] Lock acquired on daemon addresses registry.
2026-04-29T00:04:38.137+0300 [DEBUG] [org.gradle.cache.internal.DefaultFileLockManager] Releasing lock on daemon addresses registry.
2026-04-29T00:04:39.200+0300 [DEBUG] [org.gradle.process.internal.health.memory.DefaultMemoryManager] 1693924966 physical memory requested, 1416536064 free
2026-04-29T00:04:39.200+0300 [DEBUG] [org.gradle.workers.internal.WorkerDaemonExpiration] Will attempt to release 1615 of memory
2026-04-29T00:04:39.200+0300 [DEBUG] [org.gradle.process.internal.health.memory.DefaultMemoryManager] 1693924966 physical memory requested, 0 released, 1416536064 free
2026-04-29T00:04:39.200+0300 [DEBUG] [org.gradle.process.internal.health.memory.DefaultMemoryManager] 1747612057 virtual memory requested, 469884928 free
2026-04-29T00:04:39.200+0300 [DEBUG] [org.gradle.workers.internal.WorkerDaemonExpiration] Will attempt to release 1666 of memory
2026-04-29T00:04:39.200+0300 [DEBUG] [org.gradle.process.internal.health.memory.DefaultMemoryManager] 1747612057 virtual memory requested, 0 released, 469884928 free
2026-04-29T00:04:44.199+0300 [DEBUG] [org.gradle.process.internal.health.memory.DefaultMemoryManager] 1693924966 physical memory requested, 1416691712 free
2026-04-29T00:04:44.199+0300 [DEBUG] [org.gradle.workers.internal.WorkerDaemonExpiration] Will attempt to release 1615 of memory
2026-04-29T00:04:44.199+0300 [DEBUG] [org.gradle.process.internal.health.memory.DefaultMemoryManager] 1693924966 physical memory requested, 0 released, 1416691712 free
2026-04-29T00:04:44.200+0300 [DEBUG] [org.gradle.process.internal.health.memory.DefaultMemoryManager] 1747612057 virtual memory requested, 477097984 free
2026-04-29T00:04:44.200+0300 [DEBUG] [org.gradle.workers.internal.WorkerDaemonExpiration] Will attempt to release 1666 of memory
2026-04-29T00:04:44.200+0300 [DEBUG] [org.gradle.process.internal.health.memory.DefaultMemoryManager] 1747612057 virtual memory requested, 0 released, 477097984 free
2026-04-29T00:04:48.133+0300 [DEBUG] [org.gradle.cache.internal.DefaultFileLockManager] Waiting to acquire shared lock on daemon addresses registry.
2026-04-29T00:04:48.134+0300 [DEBUG] [org.gradle.cache.internal.DefaultFileLockManager] Lock acquired on daemon addresses registry.
2026-04-29T00:04:48.134+0300 [DEBUG] [org.gradle.cache.internal.DefaultFileLockManager] Releasing lock on daemon addresses registry.
2026-04-29T00:04:48.135+0300 [DEBUG] [org.gradle.cache.internal.DefaultFileLockManager] Waiting to acquire shared lock on daemon addresses registry.
2026-04-29T00:04:48.135+0300 [DEBUG] [org.gradle.cache.internal.DefaultFileLockManager] Lock acquired on daemon addresses registry.
2026-04-29T00:04:48.135+0300 [DEBUG] [org.gradle.cache.internal.DefaultFileLockManager] Releasing lock on daemon addresses registry.
2026-04-29T00:04:48.136+0300 [DEBUG] [org.gradle.cache.internal.DefaultFileLockManager] Waiting to acquire shared lock on daemon addresses registry.
2026-04-29T00:04:48.136+0300 [DEBUG] [org.gradle.cache.internal.DefaultFileLockManager] Lock acquired on daemon addresses registry.
2026-04-29T00:04:48.136+0300 [DEBUG] [org.gradle.cache.internal.DefaultFileLockManager] Releasing lock on daemon addresses registry.
2026-04-29T00:04:49.199+0300 [DEBUG] [org.gradle.process.internal.health.memory.DefaultMemoryManager] 1693924966 physical memory requested, 1417043968 free
2026-04-29T00:04:49.199+0300 [DEBUG] [org.gradle.workers.internal.WorkerDaemonExpiration] Will attempt to release 1615 of memory
2026-04-29T00:04:49.199+0300 [DEBUG] [org.gradle.process.internal.health.memory.DefaultMemoryManager] 1693924966 physical memory requested, 0 released, 1417043968 free
2026-04-29T00:04:49.199+0300 [DEBUG] [org.gradle.process.internal.health.memory.DefaultMemoryManager] 1747612057 virtual memory requested, 478179328 free
2026-04-29T00:04:49.199+0300 [DEBUG] [org.gradle.workers.internal.WorkerDaemonExpiration] Will attempt to release 1666 of memory
2026-04-29T00:04:49.199+0300 [DEBUG] [org.gradle.process.internal.health.memory.DefaultMemoryManager] 1747612057 virtual memory requested, 0 released, 478179328 free
2026-04-29T00:04:54.200+0300 [DEBUG] [org.gradle.process.internal.health.memory.DefaultMemoryManager] 1693924966 physical memory requested, 1477373952 free
2026-04-29T00:04:54.200+0300 [DEBUG] [org.gradle.workers.internal.WorkerDaemonExpiration] Will attempt to release 1615 of memory
2026-04-29T00:04:54.200+0300 [DEBUG] [org.gradle.process.internal.health.memory.DefaultMemoryManager] 1693924966 physical memory requested, 0 released, 1477373952 free
2026-04-29T00:04:54.200+0300 [DEBUG] [org.gradle.process.internal.health.memory.DefaultMemoryManager] 1747612057 virtual memory requested, 540344320 free
2026-04-29T00:04:54.200+0300 [DEBUG] [org.gradle.workers.internal.WorkerDaemonExpiration] Will attempt to release 1666 of memory
2026-04-29T00:04:54.200+0300 [DEBUG] [org.gradle.process.internal.health.memory.DefaultMemoryManager] 1747612057 virtual memory requested, 0 released, 540344320 free
2026-04-29T00:04:58.133+0300 [DEBUG] [org.gradle.cache.internal.DefaultFileLockManager] Waiting to acquire shared lock on daemon addresses registry.
2026-04-29T00:04:58.133+0300 [DEBUG] [org.gradle.cache.internal.DefaultFileLockManager] Lock acquired on daemon addresses registry.
2026-04-29T00:04:58.133+0300 [DEBUG] [org.gradle.cache.internal.DefaultFileLockManager] Releasing lock on daemon addresses registry.
2026-04-29T00:04:58.134+0300 [DEBUG] [org.gradle.cache.internal.DefaultFileLockManager] Waiting to acquire shared lock on daemon addresses registry.
2026-04-29T00:04:58.134+0300 [DEBUG] [org.gradle.cache.internal.DefaultFileLockManager] Lock acquired on daemon addresses registry.
2026-04-29T00:04:58.134+0300 [DEBUG] [org.gradle.cache.internal.DefaultFileLockManager] Releasing lock on daemon addresses registry.
2026-04-29T00:04:58.135+0300 [DEBUG] [org.gradle.cache.internal.DefaultFileLockManager] Waiting to acquire shared lock on daemon addresses registry.
2026-04-29T00:04:58.135+0300 [DEBUG] [org.gradle.cache.internal.DefaultFileLockManager] Lock acquired on daemon addresses registry.
2026-04-29T00:04:58.136+0300 [DEBUG] [org.gradle.cache.internal.DefaultFileLockManager] Releasing lock on daemon addresses registry.
2026-04-29T00:04:59.198+0300 [DEBUG] [org.gradle.process.internal.health.memory.DefaultMemoryManager] 1693924966 physical memory requested, 1475465216 free
2026-04-29T00:04:59.199+0300 [DEBUG] [org.gradle.workers.internal.WorkerDaemonExpiration] Will attempt to release 1615 of memory
2026-04-29T00:04:59.199+0300 [DEBUG] [org.gradle.process.internal.health.memory.DefaultMemoryManager] 1693924966 physical memory requested, 0 released, 1475465216 free
2026-04-29T00:04:59.199+0300 [DEBUG] [org.gradle.process.internal.health.memory.DefaultMemoryManager] 1747612057 virtual memory requested, 537829376 free
2026-04-29T00:04:59.199+0300 [DEBUG] [org.gradle.workers.internal.WorkerDaemonExpiration] Will attempt to release 1666 of memory
2026-04-29T00:04:59.199+0300 [DEBUG] [org.gradle.process.internal.health.memory.DefaultMemoryManager] 1747612057 virtual memory requested, 0 released, 537829376 free
2026-04-29T00:05:04.201+0300 [DEBUG] [org.gradle.process.internal.health.memory.DefaultMemoryManager] 1693924966 physical memory requested, 1465520128 free
2026-04-29T00:05:04.201+0300 [DEBUG] [org.gradle.workers.internal.WorkerDaemonExpiration] Will attempt to release 1615 of memory
2026-04-29T00:05:04.201+0300 [DEBUG] [org.gradle.process.internal.health.memory.DefaultMemoryManager] 1693924966 physical memory requested, 0 released, 1465520128 free
2026-04-29T00:05:04.201+0300 [DEBUG] [org.gradle.process.internal.health.memory.DefaultMemoryManager] 1747612057 virtual memory requested, 493621248 free
2026-04-29T00:05:04.201+0300 [DEBUG] [org.gradle.workers.internal.WorkerDaemonExpiration] Will attempt to release 1666 of memory
2026-04-29T00:05:04.201+0300 [DEBUG] [org.gradle.process.internal.health.memory.DefaultMemoryManager] 1747612057 virtual memory requested, 0 released, 493621248 free
2026-04-29T00:05:08.133+0300 [DEBUG] [org.gradle.cache.internal.DefaultFileLockManager] Waiting to acquire shared lock on daemon addresses registry.
2026-04-29T00:05:08.134+0300 [DEBUG] [org.gradle.cache.internal.DefaultFileLockManager] Lock acquired on daemon addresses registry.
2026-04-29T00:05:08.134+0300 [DEBUG] [org.gradle.cache.internal.DefaultFileLockManager] Releasing lock on daemon addresses registry.
2026-04-29T00:05:08.135+0300 [DEBUG] [org.gradle.cache.internal.DefaultFileLockManager] Waiting to acquire shared lock on daemon addresses registry.
2026-04-29T00:05:08.135+0300 [DEBUG] [org.gradle.cache.internal.DefaultFileLockManager] Lock acquired on daemon addresses registry.
2026-04-29T00:05:08.135+0300 [DEBUG] [org.gradle.cache.internal.DefaultFileLockManager] Releasing lock on daemon addresses registry.
2026-04-29T00:05:08.136+0300 [DEBUG] [org.gradle.cache.internal.DefaultFileLockManager] Waiting to acquire shared lock on daemon addresses registry.
2026-04-29T00:05:08.136+0300 [DEBUG] [org.gradle.cache.internal.DefaultFileLockManager] Lock acquired on daemon addresses registry.
2026-04-29T00:05:08.136+0300 [DEBUG] [org.gradle.cache.internal.DefaultFileLockManager] Releasing lock on daemon addresses registry.
2026-04-29T00:05:09.201+0300 [DEBUG] [org.gradle.process.internal.health.memory.DefaultMemoryManager] 1693924966 physical memory requested, 1429090304 free
2026-04-29T00:05:09.201+0300 [DEBUG] [org.gradle.workers.internal.WorkerDaemonExpiration] Will attempt to release 1615 of memory
2026-04-29T00:05:09.201+0300 [DEBUG] [org.gradle.process.internal.health.memory.DefaultMemoryManager] 1693924966 physical memory requested, 0 released, 1429090304 free
2026-04-29T00:05:09.201+0300 [DEBUG] [org.gradle.process.internal.health.memory.DefaultMemoryManager] 1747612057 virtual memory requested, 458649600 free
2026-04-29T00:05:09.201+0300 [DEBUG] [org.gradle.workers.internal.WorkerDaemonExpiration] Will attempt to release 1666 of memory
2026-04-29T00:05:09.201+0300 [DEBUG] [org.gradle.process.internal.health.memory.DefaultMemoryManager] 1747612057 virtual memory requested, 0 released, 458649600 free
2026-04-29T00:05:14.201+0300 [DEBUG] [org.gradle.process.internal.health.memory.DefaultMemoryManager] 1747612057 virtual memory requested, 857882624 free
2026-04-29T00:05:14.201+0300 [DEBUG] [org.gradle.workers.internal.WorkerDaemonExpiration] Will attempt to release 1666 of memory
2026-04-29T00:05:14.201+0300 [DEBUG] [org.gradle.process.internal.health.memory.DefaultMemoryManager] 1747612057 virtual memory requested, 0 released, 857882624 free
2026-04-29T00:05:18.134+0300 [DEBUG] [org.gradle.cache.internal.DefaultFileLockManager] Waiting to acquire shared lock on daemon addresses registry.
2026-04-29T00:05:18.134+0300 [DEBUG] [org.gradle.cache.internal.DefaultFileLockManager] Lock acquired on daemon addresses registry.
2026-04-29T00:05:18.134+0300 [DEBUG] [org.gradle.cache.internal.DefaultFileLockManager] Releasing lock on daemon addresses registry.
2026-04-29T00:05:18.135+0300 [DEBUG] [org.gradle.cache.internal.DefaultFileLockManager] Waiting to acquire shared lock on daemon addresses registry.
2026-04-29T00:05:18.135+0300 [DEBUG] [org.gradle.cache.internal.DefaultFileLockManager] Lock acquired on daemon addresses registry.
2026-04-29T00:05:18.135+0300 [DEBUG] [org.gradle.cache.internal.DefaultFileLockManager] Releasing lock on daemon addresses registry.
2026-04-29T00:05:18.136+0300 [DEBUG] [org.gradle.cache.internal.DefaultFileLockManager] Waiting to acquire shared lock on daemon addresses registry.
2026-04-29T00:05:18.136+0300 [DEBUG] [org.gradle.cache.internal.DefaultFileLockManager] Lock acquired on daemon addresses registry.
2026-04-29T00:05:18.137+0300 [DEBUG] [org.gradle.cache.internal.DefaultFileLockManager] Releasing lock on daemon addresses registry.
2026-04-29T00:05:18.586+0300 [DEBUG] [sun.rmi.transport.tcp] RMI TCP Connection(8)-127.0.0.1: accepted socket from [127.0.0.1:49739]
2026-04-29T00:05:18.586+0300 [DEBUG] [sun.rmi.transport.tcp] RMI TCP Connection(8)-127.0.0.1: (port 56662) op = 80
2026-04-29T00:05:18.587+0300 [DEBUG] [sun.rmi.loader] RMI TCP Connection(8)-127.0.0.1: name = "[Ljava.rmi.server.ObjID;", codebase = "", defaultLoader = jdk.internal.loader.ClassLoaders$PlatformClassLoader@2b21322
2026-04-29T00:05:18.587+0300 [DEBUG] [sun.rmi.loader] RMI TCP Connection(8)-127.0.0.1: name = "java.rmi.dgc.Lease", codebase = "", defaultLoader = jdk.internal.loader.ClassLoaders$PlatformClassLoader@2b21322
2026-04-29T00:05:18.588+0300 [DEBUG] [sun.rmi.loader] RMI TCP Connection(8)-127.0.0.1: name = "java.rmi.dgc.VMID", codebase = "", defaultLoader = jdk.internal.loader.ClassLoaders$PlatformClassLoader@2b21322
2026-04-29T00:05:18.588+0300 [DEBUG] [sun.rmi.loader] RMI TCP Connection(8)-127.0.0.1: name = "[B", codebase = "", defaultLoader = jdk.internal.loader.ClassLoaders$PlatformClassLoader@2b21322
2026-04-29T00:05:18.588+0300 [DEBUG] [sun.rmi.loader] RMI TCP Connection(8)-127.0.0.1: name = "java.rmi.server.UID", codebase = "", defaultLoader = jdk.internal.loader.ClassLoaders$PlatformClassLoader@2b21322
2026-04-29T00:05:19.199+0300 [DEBUG] [org.gradle.process.internal.health.memory.DefaultMemoryManager] 1747612057 virtual memory requested, 795856896 free
2026-04-29T00:05:19.199+0300 [DEBUG] [org.gradle.workers.internal.WorkerDaemonExpiration] Will attempt to release 1666 of memory
2026-04-29T00:05:19.199+0300 [DEBUG] [org.gradle.process.internal.health.memory.DefaultMemoryManager] 1747612057 virtual memory requested, 0 released, 795856896 free
2026-04-29T00:05:24.200+0300 [DEBUG] [org.gradle.process.internal.health.memory.DefaultMemoryManager] 1747612057 virtual memory requested, 808960000 free
2026-04-29T00:05:24.200+0300 [DEBUG] [org.gradle.workers.internal.WorkerDaemonExpiration] Will attempt to release 1666 of memory
2026-04-29T00:05:24.200+0300 [DEBUG] [org.gradle.process.internal.health.memory.DefaultMemoryManager] 1747612057 virtual memory requested, 0 released, 808960000 free
2026-04-29T00:05:28.133+0300 [DEBUG] [org.gradle.cache.internal.DefaultFileLockManager] Waiting to acquire shared lock on daemon addresses registry.
2026-04-29T00:05:28.133+0300 [DEBUG] [org.gradle.cache.internal.DefaultFileLockManager] Lock acquired on daemon addresses registry.
2026-04-29T00:05:28.133+0300 [DEBUG] [org.gradle.cache.internal.DefaultFileLockManager] Releasing lock on daemon addresses registry.
2026-04-29T00:05:28.134+0300 [DEBUG] [org.gradle.cache.internal.DefaultFileLockManager] Waiting to acquire shared lock on daemon addresses registry.
2026-04-29T00:05:28.134+0300 [DEBUG] [org.gradle.cache.internal.DefaultFileLockManager] Lock acquired on daemon addresses registry.
2026-04-29T00:05:28.134+0300 [DEBUG] [org.gradle.cache.internal.DefaultFileLockManager] Releasing lock on daemon addresses registry.
2026-04-29T00:05:28.135+0300 [DEBUG] [org.gradle.cache.internal.DefaultFileLockManager] Waiting to acquire shared lock on daemon addresses registry.
2026-04-29T00:05:28.135+0300 [DEBUG] [org.gradle.cache.internal.DefaultFileLockManager] Lock acquired on daemon addresses registry.
2026-04-29T00:05:28.136+0300 [DEBUG] [org.gradle.cache.internal.DefaultFileLockManager] Releasing lock on daemon addresses registry.
2026-04-29T00:05:29.198+0300 [DEBUG] [org.gradle.process.internal.health.memory.DefaultMemoryManager] 1747612057 virtual memory requested, 832966656 free
2026-04-29T00:05:29.199+0300 [DEBUG] [org.gradle.workers.internal.WorkerDaemonExpiration] Will attempt to release 1666 of memory
2026-04-29T00:05:29.199+0300 [DEBUG] [org.gradle.process.internal.health.memory.DefaultMemoryManager] 1747612057 virtual memory requested, 0 released, 832966656 free
2026-04-29T00:05:33.591+0300 [DEBUG] [sun.rmi.transport.tcp] RMI TCP Connection(8)-127.0.0.1: (port 56662) connection closed
2026-04-29T00:05:33.591+0300 [DEBUG] [sun.rmi.transport.tcp] RMI TCP Connection(8)-127.0.0.1: close connection, socket: Socket[addr=/127.0.0.1,port=49739,localport=56662]
2026-04-29T00:05:33.592+0300 [DEBUG] [sun.rmi.transport.tcp] RMI TCP Connection(8)-127.0.0.1: socket close: Socket[addr=/127.0.0.1,port=49739,localport=56662]
2026-04-29T00:05:34.200+0300 [DEBUG] [org.gradle.process.internal.health.memory.DefaultMemoryManager] 1693924966 physical memory requested, 1676066816 free
2026-04-29T00:05:34.200+0300 [DEBUG] [org.gradle.workers.internal.WorkerDaemonExpiration] Will attempt to release 1615 of memory
2026-04-29T00:05:34.201+0300 [DEBUG] [org.gradle.process.internal.health.memory.DefaultMemoryManager] 1693924966 physical memory requested, 0 released, 1676066816 free
2026-04-29T00:05:34.201+0300 [DEBUG] [org.gradle.process.internal.health.memory.DefaultMemoryManager] 1747612057 virtual memory requested, 734187520 free
2026-04-29T00:05:34.201+0300 [DEBUG] [org.gradle.workers.internal.WorkerDaemonExpiration] Will attempt to release 1666 of memory
2026-04-29T00:05:34.202+0300 [DEBUG] [org.gradle.process.internal.health.memory.DefaultMemoryManager] 1747612057 virtual memory requested, 0 released, 734187520 free
2026-04-29T00:05:38.136+0300 [DEBUG] [org.gradle.cache.internal.DefaultFileLockManager] Waiting to acquire shared lock on daemon addresses registry.
2026-04-29T00:05:38.136+0300 [DEBUG] [org.gradle.cache.internal.DefaultFileLockManager] Lock acquired on daemon addresses registry.
2026-04-29T00:05:38.137+0300 [DEBUG] [org.gradle.cache.internal.DefaultFileLockManager] Releasing lock on daemon addresses registry.
2026-04-29T00:05:38.140+0300 [DEBUG] [org.gradle.cache.internal.DefaultFileLockManager] Waiting to acquire shared lock on daemon addresses registry.
2026-04-29T00:05:38.140+0300 [DEBUG] [org.gradle.cache.internal.DefaultFileLockManager] Lock acquired on daemon addresses registry.
2026-04-29T00:05:38.141+0300 [DEBUG] [org.gradle.cache.internal.DefaultFileLockManager] Releasing lock on daemon addresses registry.
2026-04-29T00:05:38.143+0300 [DEBUG] [org.gradle.cache.internal.DefaultFileLockManager] Waiting to acquire shared lock on daemon addresses registry.
2026-04-29T00:05:38.144+0300 [DEBUG] [org.gradle.cache.internal.DefaultFileLockManager] Lock acquired on daemon addresses registry.
2026-04-29T00:05:38.144+0300 [DEBUG] [org.gradle.cache.internal.DefaultFileLockManager] Releasing lock on daemon addresses registry.
2026-04-29T00:05:39.202+0300 [DEBUG] [org.gradle.process.internal.health.memory.DefaultMemoryManager] 1693924966 physical memory requested, 1678622720 free
2026-04-29T00:05:39.202+0300 [DEBUG] [org.gradle.workers.internal.WorkerDaemonExpiration] Will attempt to release 1615 of memory
2026-04-29T00:05:39.202+0300 [DEBUG] [org.gradle.process.internal.health.memory.DefaultMemoryManager] 1693924966 physical memory requested, 0 released, 1678622720 free
2026-04-29T00:05:39.202+0300 [DEBUG] [org.gradle.process.internal.health.memory.DefaultMemoryManager] 1747612057 virtual memory requested, 737824768 free
2026-04-29T00:05:39.202+0300 [DEBUG] [org.gradle.workers.internal.WorkerDaemonExpiration] Will attempt to release 1666 of memory
2026-04-29T00:05:39.202+0300 [DEBUG] [org.gradle.process.internal.health.memory.DefaultMemoryManager] 1747612057 virtual memory requested, 0 released, 737824768 free
2026-04-29T00:05:44.201+0300 [DEBUG] [org.gradle.process.internal.health.memory.DefaultMemoryManager] 1693924966 physical memory requested, 1680244736 free
2026-04-29T00:05:44.201+0300 [DEBUG] [org.gradle.workers.internal.WorkerDaemonExpiration] Will attempt to release 1615 of memory
2026-04-29T00:05:44.201+0300 [DEBUG] [org.gradle.process.internal.health.memory.DefaultMemoryManager] 1693924966 physical memory requested, 0 released, 1680244736 free
2026-04-29T00:05:44.201+0300 [DEBUG] [org.gradle.process.internal.health.memory.DefaultMemoryManager] 1747612057 virtual memory requested, 736739328 free
2026-04-29T00:05:44.202+0300 [DEBUG] [org.gradle.workers.internal.WorkerDaemonExpiration] Will attempt to release 1666 of memory
2026-04-29T00:05:44.202+0300 [DEBUG] [org.gradle.process.internal.health.memory.DefaultMemoryManager] 1747612057 virtual memory requested, 0 released, 736739328 free
2026-04-29T00:05:48.134+0300 [DEBUG] [org.gradle.cache.internal.DefaultFileLockManager] Waiting to acquire shared lock on daemon addresses registry.
2026-04-29T00:05:48.134+0300 [DEBUG] [org.gradle.cache.internal.DefaultFileLockManager] Lock acquired on daemon addresses registry.
2026-04-29T00:05:48.134+0300 [DEBUG] [org.gradle.cache.internal.DefaultFileLockManager] Releasing lock on daemon addresses registry.
2026-04-29T00:05:48.136+0300 [DEBUG] [org.gradle.cache.internal.DefaultFileLockManager] Waiting to acquire shared lock on daemon addresses registry.
2026-04-29T00:05:48.137+0300 [DEBUG] [org.gradle.cache.internal.DefaultFileLockManager] Lock acquired on daemon addresses registry.
2026-04-29T00:05:48.137+0300 [DEBUG] [org.gradle.cache.internal.DefaultFileLockManager] Releasing lock on daemon addresses registry.
2026-04-29T00:05:48.139+0300 [DEBUG] [org.gradle.cache.internal.DefaultFileLockManager] Waiting to acquire shared lock on daemon addresses registry.
2026-04-29T00:05:48.140+0300 [DEBUG] [org.gradle.cache.internal.DefaultFileLockManager] Lock acquired on daemon addresses registry.
2026-04-29T00:05:48.140+0300 [DEBUG] [org.gradle.cache.internal.DefaultFileLockManager] Releasing lock on daemon addresses registry.
2026-04-29T00:05:49.200+0300 [DEBUG] [org.gradle.process.internal.health.memory.DefaultMemoryManager] 1693924966 physical memory requested, 1672417280 free
2026-04-29T00:05:49.200+0300 [DEBUG] [org.gradle.workers.internal.WorkerDaemonExpiration] Will attempt to release 1615 of memory
2026-04-29T00:05:49.200+0300 [DEBUG] [org.gradle.process.internal.health.memory.DefaultMemoryManager] 1693924966 physical memory requested, 0 released, 1672417280 free
2026-04-29T00:05:49.200+0300 [DEBUG] [org.gradle.process.internal.health.memory.DefaultMemoryManager] 1747612057 virtual memory requested, 728576000 free
2026-04-29T00:05:49.201+0300 [DEBUG] [org.gradle.workers.internal.WorkerDaemonExpiration] Will attempt to release 1666 of memory
2026-04-29T00:05:49.201+0300 [DEBUG] [org.gradle.process.internal.health.memory.DefaultMemoryManager] 1747612057 virtual memory requested, 0 released, 728576000 free
2026-04-29T00:05:54.200+0300 [DEBUG] [org.gradle.process.internal.health.memory.DefaultMemoryManager] 1693924966 physical memory requested, 1670266880 free
2026-04-29T00:05:54.200+0300 [DEBUG] [org.gradle.workers.internal.WorkerDaemonExpiration] Will attempt to release 1615 of memory
2026-04-29T00:05:54.200+0300 [DEBUG] [org.gradle.process.internal.health.memory.DefaultMemoryManager] 1693924966 physical memory requested, 0 released, 1670266880 free
2026-04-29T00:05:54.200+0300 [DEBUG] [org.gradle.process.internal.health.memory.DefaultMemoryManager] 1747612057 virtual memory requested, 729509888 free
2026-04-29T00:05:54.200+0300 [DEBUG] [org.gradle.workers.internal.WorkerDaemonExpiration] Will attempt to release 1666 of memory
2026-04-29T00:05:54.200+0300 [DEBUG] [org.gradle.process.internal.health.memory.DefaultMemoryManager] 1747612057 virtual memory requested, 0 released, 729509888 free
2026-04-29T00:05:58.138+0300 [DEBUG] [org.gradle.cache.internal.DefaultFileLockManager] Waiting to acquire shared lock on daemon addresses registry.
2026-04-29T00:05:58.138+0300 [DEBUG] [org.gradle.cache.internal.DefaultFileLockManager] Lock acquired on daemon addresses registry.
2026-04-29T00:05:58.139+0300 [DEBUG] [org.gradle.cache.internal.DefaultFileLockManager] Releasing lock on daemon addresses registry.
2026-04-29T00:05:58.144+0300 [DEBUG] [org.gradle.cache.internal.DefaultFileLockManager] Waiting to acquire shared lock on daemon addresses registry.
2026-04-29T00:05:58.145+0300 [DEBUG] [org.gradle.cache.internal.DefaultFileLockManager] Lock acquired on daemon addresses registry.
2026-04-29T00:05:58.145+0300 [DEBUG] [org.gradle.cache.internal.DefaultFileLockManager] Releasing lock on daemon addresses registry.
2026-04-29T00:05:58.149+0300 [DEBUG] [org.gradle.cache.internal.DefaultFileLockManager] Waiting to acquire shared lock on daemon addresses registry.
2026-04-29T00:05:58.150+0300 [DEBUG] [org.gradle.cache.internal.DefaultFileLockManager] Lock acquired on daemon addresses registry.
2026-04-29T00:05:58.151+0300 [DEBUG] [org.gradle.cache.internal.DefaultFileLockManager] Releasing lock on daemon addresses registry.
2026-04-29T00:05:59.201+0300 [DEBUG] [org.gradle.process.internal.health.memory.DefaultMemoryManager] 1693924966 physical memory requested, 1675505664 free
2026-04-29T00:05:59.201+0300 [DEBUG] [org.gradle.workers.internal.WorkerDaemonExpiration] Will attempt to release 1615 of memory
2026-04-29T00:05:59.201+0300 [DEBUG] [org.gradle.process.internal.health.memory.DefaultMemoryManager] 1693924966 physical memory requested, 0 released, 1675505664 free
2026-04-29T00:05:59.202+0300 [DEBUG] [org.gradle.process.internal.health.memory.DefaultMemoryManager] 1747612057 virtual memory requested, 734363648 free
2026-04-29T00:05:59.202+0300 [DEBUG] [org.gradle.workers.internal.WorkerDaemonExpiration] Will attempt to release 1666 of memory
2026-04-29T00:05:59.202+0300 [DEBUG] [org.gradle.process.internal.health.memory.DefaultMemoryManager] 1747612057 virtual memory requested, 0 released, 734363648 free
2026-04-29T00:06:04.202+0300 [DEBUG] [org.gradle.process.internal.health.memory.DefaultMemoryManager] 1693924966 physical memory requested, 1680523264 free
2026-04-29T00:06:04.202+0300 [DEBUG] [org.gradle.workers.internal.WorkerDaemonExpiration] Will attempt to release 1615 of memory
2026-04-29T00:06:04.202+0300 [DEBUG] [org.gradle.process.internal.health.memory.DefaultMemoryManager] 1693924966 physical memory requested, 0 released, 1680523264 free
2026-04-29T00:06:04.202+0300 [DEBUG] [org.gradle.process.internal.health.memory.DefaultMemoryManager] 1747612057 virtual memory requested, 742277120 free
2026-04-29T00:06:04.203+0300 [DEBUG] [org.gradle.workers.internal.WorkerDaemonExpiration] Will attempt to release 1666 of memory
2026-04-29T00:06:04.203+0300 [DEBUG] [org.gradle.process.internal.health.memory.DefaultMemoryManager] 1747612057 virtual memory requested, 0 released, 742277120 free
2026-04-29T00:06:08.136+0300 [DEBUG] [org.gradle.cache.internal.DefaultFileLockManager] Waiting to acquire shared lock on daemon addresses registry.
2026-04-29T00:06:08.136+0300 [DEBUG] [org.gradle.cache.internal.DefaultFileLockManager] Lock acquired on daemon addresses registry.
2026-04-29T00:06:08.137+0300 [DEBUG] [org.gradle.cache.internal.DefaultFileLockManager] Releasing lock on daemon addresses registry.
2026-04-29T00:06:08.140+0300 [DEBUG] [org.gradle.cache.internal.DefaultFileLockManager] Waiting to acquire shared lock on daemon addresses registry.
2026-04-29T00:06:08.140+0300 [DEBUG] [org.gradle.cache.internal.DefaultFileLockManager] Lock acquired on daemon addresses registry.
2026-04-29T00:06:08.141+0300 [DEBUG] [org.gradle.cache.internal.DefaultFileLockManager] Releasing lock on daemon addresses registry.
2026-04-29T00:06:08.143+0300 [DEBUG] [org.gradle.cache.internal.DefaultFileLockManager] Waiting to acquire shared lock on daemon addresses registry.
2026-04-29T00:06:08.144+0300 [DEBUG] [org.gradle.cache.internal.DefaultFileLockManager] Lock acquired on daemon addresses registry.
2026-04-29T00:06:08.144+0300 [DEBUG] [org.gradle.cache.internal.DefaultFileLockManager] Releasing lock on daemon addresses registry.
2026-04-29T00:06:09.200+0300 [DEBUG] [org.gradle.process.internal.health.memory.DefaultMemoryManager] 1747612057 virtual memory requested, 769302528 free
2026-04-29T00:06:09.201+0300 [DEBUG] [org.gradle.workers.internal.WorkerDaemonExpiration] Will attempt to release 1666 of memory
2026-04-29T00:06:09.201+0300 [DEBUG] [org.gradle.process.internal.health.memory.DefaultMemoryManager] 1747612057 virtual memory requested, 0 released, 769302528 free
2026-04-29T00:06:14.201+0300 [DEBUG] [org.gradle.process.internal.health.memory.DefaultMemoryManager] 1747612057 virtual memory requested, 778993664 free
2026-04-29T00:06:14.201+0300 [DEBUG] [org.gradle.workers.internal.WorkerDaemonExpiration] Will attempt to release 1666 of memory
2026-04-29T00:06:14.201+0300 [DEBUG] [org.gradle.process.internal.health.memory.DefaultMemoryManager] 1747612057 virtual memory requested, 0 released, 778993664 free
2026-04-29T00:06:18.138+0300 [DEBUG] [org.gradle.cache.internal.DefaultFileLockManager] Waiting to acquire shared lock on daemon addresses registry.
2026-04-29T00:06:18.138+0300 [DEBUG] [org.gradle.cache.internal.DefaultFileLockManager] Lock acquired on daemon addresses registry.
2026-04-29T00:06:18.139+0300 [DEBUG] [org.gradle.cache.internal.DefaultFileLockManager] Releasing lock on daemon addresses registry.
2026-04-29T00:06:18.143+0300 [DEBUG] [org.gradle.cache.internal.DefaultFileLockManager] Waiting to acquire shared lock on daemon addresses registry.
2026-04-29T00:06:18.144+0300 [DEBUG] [org.gradle.cache.internal.DefaultFileLockManager] Lock acquired on daemon addresses registry.
2026-04-29T00:06:18.145+0300 [DEBUG] [org.gradle.cache.internal.DefaultFileLockManager] Releasing lock on daemon addresses registry.
2026-04-29T00:06:18.149+0300 [DEBUG] [org.gradle.cache.internal.DefaultFileLockManager] Waiting to acquire shared lock on daemon addresses registry.
2026-04-29T00:06:18.149+0300 [DEBUG] [org.gradle.cache.internal.DefaultFileLockManager] Lock acquired on daemon addresses registry.
2026-04-29T00:06:18.150+0300 [DEBUG] [org.gradle.cache.internal.DefaultFileLockManager] Releasing lock on daemon addresses registry.
2026-04-29T00:06:19.202+0300 [DEBUG] [org.gradle.process.internal.health.memory.DefaultMemoryManager] 1747612057 virtual memory requested, 780439552 free
2026-04-29T00:06:19.203+0300 [DEBUG] [org.gradle.workers.internal.WorkerDaemonExpiration] Will attempt to release 1666 of memory
2026-04-29T00:06:19.203+0300 [DEBUG] [org.gradle.process.internal.health.memory.DefaultMemoryManager] 1747612057 virtual memory requested, 0 released, 780439552 free
2026-04-29T00:06:24.202+0300 [DEBUG] [org.gradle.process.internal.health.memory.DefaultMemoryManager] 1747612057 virtual memory requested, 778924032 free
2026-04-29T00:06:24.202+0300 [DEBUG] [org.gradle.workers.internal.WorkerDaemonExpiration] Will attempt to release 1666 of memory
2026-04-29T00:06:24.202+0300 [DEBUG] [org.gradle.process.internal.health.memory.DefaultMemoryManager] 1747612057 virtual memory requested, 0 released, 778924032 free
2026-04-29T00:06:28.137+0300 [DEBUG] [org.gradle.cache.internal.DefaultFileLockManager] Waiting to acquire shared lock on daemon addresses registry.
2026-04-29T00:06:28.137+0300 [DEBUG] [org.gradle.cache.internal.DefaultFileLockManager] Lock acquired on daemon addresses registry.
2026-04-29T00:06:28.138+0300 [DEBUG] [org.gradle.cache.internal.DefaultFileLockManager] Releasing lock on daemon addresses registry.
2026-04-29T00:06:28.141+0300 [DEBUG] [org.gradle.cache.internal.DefaultFileLockManager] Waiting to acquire shared lock on daemon addresses registry.
2026-04-29T00:06:28.141+0300 [DEBUG] [org.gradle.cache.internal.DefaultFileLockManager] Lock acquired on daemon addresses registry.
2026-04-29T00:06:28.142+0300 [DEBUG] [org.gradle.cache.internal.DefaultFileLockManager] Releasing lock on daemon addresses registry.
2026-04-29T00:06:28.146+0300 [DEBUG] [org.gradle.cache.internal.DefaultFileLockManager] Waiting to acquire shared lock on daemon addresses registry.
2026-04-29T00:06:28.146+0300 [DEBUG] [org.gradle.cache.internal.DefaultFileLockManager] Lock acquired on daemon addresses registry.
2026-04-29T00:06:28.147+0300 [DEBUG] [org.gradle.cache.internal.DefaultFileLockManager] Releasing lock on daemon addresses registry.
2026-04-29T00:06:29.200+0300 [DEBUG] [org.gradle.process.internal.health.memory.DefaultMemoryManager] 1747612057 virtual memory requested, 779165696 free
2026-04-29T00:06:29.200+0300 [DEBUG] [org.gradle.workers.internal.WorkerDaemonExpiration] Will attempt to release 1666 of memory
2026-04-29T00:06:29.200+0300 [DEBUG] [org.gradle.process.internal.health.memory.DefaultMemoryManager] 1747612057 virtual memory requested, 0 released, 779165696 free
2026-04-29T00:06:34.202+0300 [DEBUG] [org.gradle.process.internal.health.memory.DefaultMemoryManager] 1747612057 virtual memory requested, 776171520 free
2026-04-29T00:06:34.202+0300 [DEBUG] [org.gradle.workers.internal.WorkerDaemonExpiration] Will attempt to release 1666 of memory
2026-04-29T00:06:34.202+0300 [DEBUG] [org.gradle.process.internal.health.memory.DefaultMemoryManager] 1747612057 virtual memory requested, 0 released, 776171520 free
2026-04-29T00:06:38.138+0300 [DEBUG] [org.gradle.cache.internal.DefaultFileLockManager] Waiting to acquire shared lock on daemon addresses registry.
2026-04-29T00:06:38.138+0300 [DEBUG] [org.gradle.cache.internal.DefaultFileLockManager] Lock acquired on daemon addresses registry.
2026-04-29T00:06:38.139+0300 [DEBUG] [org.gradle.cache.internal.DefaultFileLockManager] Releasing lock on daemon addresses registry.
2026-04-29T00:06:38.143+0300 [DEBUG] [org.gradle.cache.internal.DefaultFileLockManager] Waiting to acquire shared lock on daemon addresses registry.
2026-04-29T00:06:38.144+0300 [DEBUG] [org.gradle.cache.internal.DefaultFileLockManager] Lock acquired on daemon addresses registry.
2026-04-29T00:06:38.145+0300 [DEBUG] [org.gradle.cache.internal.DefaultFileLockManager] Releasing lock on daemon addresses registry.
2026-04-29T00:06:38.149+0300 [DEBUG] [org.gradle.cache.internal.DefaultFileLockManager] Waiting to acquire shared lock on daemon addresses registry.
2026-04-29T00:06:38.150+0300 [DEBUG] [org.gradle.cache.internal.DefaultFileLockManager] Lock acquired on daemon addresses registry.
2026-04-29T00:06:38.150+0300 [DEBUG] [org.gradle.cache.internal.DefaultFileLockManager] Releasing lock on daemon addresses registry.
2026-04-29T00:06:39.201+0300 [DEBUG] [org.gradle.process.internal.health.memory.DefaultMemoryManager] 1747612057 virtual memory requested, 784175104 free
2026-04-29T00:06:39.201+0300 [DEBUG] [org.gradle.workers.internal.WorkerDaemonExpiration] Will attempt to release 1666 of memory
2026-04-29T00:06:39.202+0300 [DEBUG] [org.gradle.process.internal.health.memory.DefaultMemoryManager] 1747612057 virtual memory requested, 0 released, 784175104 free
2026-04-29T00:06:44.202+0300 [DEBUG] [org.gradle.process.internal.health.memory.DefaultMemoryManager] 1747612057 virtual memory requested, 785702912 free
2026-04-29T00:06:44.202+0300 [DEBUG] [org.gradle.workers.internal.WorkerDaemonExpiration] Will attempt to release 1666 of memory
2026-04-29T00:06:44.202+0300 [DEBUG] [org.gradle.process.internal.health.memory.DefaultMemoryManager] 1747612057 virtual memory requested, 0 released, 785702912 free
2026-04-29T00:06:48.139+0300 [DEBUG] [org.gradle.cache.internal.DefaultFileLockManager] Waiting to acquire shared lock on daemon addresses registry.
2026-04-29T00:06:48.139+0300 [DEBUG] [org.gradle.cache.internal.DefaultFileLockManager] Lock acquired on daemon addresses registry.
2026-04-29T00:06:48.140+0300 [DEBUG] [org.gradle.cache.internal.DefaultFileLockManager] Releasing lock on daemon addresses registry.
2026-04-29T00:06:48.145+0300 [DEBUG] [org.gradle.cache.internal.DefaultFileLockManager] Waiting to acquire shared lock on daemon addresses registry.
2026-04-29T00:06:48.145+0300 [DEBUG] [org.gradle.cache.internal.DefaultFileLockManager] Lock acquired on daemon addresses registry.
2026-04-29T00:06:48.147+0300 [DEBUG] [org.gradle.cache.internal.DefaultFileLockManager] Releasing lock on daemon addresses registry.
2026-04-29T00:06:48.150+0300 [DEBUG] [org.gradle.cache.internal.DefaultFileLockManager] Waiting to acquire shared lock on daemon addresses registry.
2026-04-29T00:06:48.151+0300 [DEBUG] [org.gradle.cache.internal.DefaultFileLockManager] Lock acquired on daemon addresses registry.
2026-04-29T00:06:48.151+0300 [DEBUG] [org.gradle.cache.internal.DefaultFileLockManager] Releasing lock on daemon addresses registry.
2026-04-29T00:06:49.200+0300 [DEBUG] [org.gradle.process.internal.health.memory.DefaultMemoryManager] 1747612057 virtual memory requested, 750747648 free
2026-04-29T00:06:49.201+0300 [DEBUG] [org.gradle.workers.internal.WorkerDaemonExpiration] Will attempt to release 1666 of memory
2026-04-29T00:06:49.201+0300 [DEBUG] [org.gradle.process.internal.health.memory.DefaultMemoryManager] 1747612057 virtual memory requested, 0 released, 750747648 free
2026-04-29T00:06:54.201+0300 [DEBUG] [org.gradle.process.internal.health.memory.DefaultMemoryManager] 1747612057 virtual memory requested, 736866304 free
2026-04-29T00:06:54.201+0300 [DEBUG] [org.gradle.workers.internal.WorkerDaemonExpiration] Will attempt to release 1666 of memory
2026-04-29T00:06:54.201+0300 [DEBUG] [org.gradle.process.internal.health.memory.DefaultMemoryManager] 1747612057 virtual memory requested, 0 released, 736866304 free
2026-04-29T00:06:58.147+0300 [DEBUG] [org.gradle.cache.internal.DefaultFileLockManager] Waiting to acquire shared lock on daemon addresses registry.
2026-04-29T00:06:58.147+0300 [DEBUG] [org.gradle.cache.internal.DefaultFileLockManager] Lock acquired on daemon addresses registry.
2026-04-29T00:06:58.148+0300 [DEBUG] [org.gradle.cache.internal.DefaultFileLockManager] Releasing lock on daemon addresses registry.
2026-04-29T00:06:58.151+0300 [DEBUG] [org.gradle.cache.internal.DefaultFileLockManager] Waiting to acquire shared lock on daemon addresses registry.
2026-04-29T00:06:58.152+0300 [DEBUG] [org.gradle.cache.internal.DefaultFileLockManager] Lock acquired on daemon addresses registry.
2026-04-29T00:06:58.153+0300 [DEBUG] [org.gradle.cache.internal.DefaultFileLockManager] Releasing lock on daemon addresses registry.
2026-04-29T00:06:58.157+0300 [DEBUG] [org.gradle.cache.internal.DefaultFileLockManager] Waiting to acquire shared lock on daemon addresses registry.
2026-04-29T00:06:58.157+0300 [DEBUG] [org.gradle.cache.internal.DefaultFileLockManager] Lock acquired on daemon addresses registry.
2026-04-29T00:06:58.158+0300 [DEBUG] [org.gradle.cache.internal.DefaultFileLockManager] Releasing lock on daemon addresses registry.
2026-04-29T00:06:59.200+0300 [DEBUG] [org.gradle.process.internal.health.memory.DefaultMemoryManager] 1693924966 physical memory requested, 1651122176 free
2026-04-29T00:06:59.201+0300 [DEBUG] [org.gradle.workers.internal.WorkerDaemonExpiration] Will attempt to release 1615 of memory
2026-04-29T00:06:59.201+0300 [DEBUG] [org.gradle.process.internal.health.memory.DefaultMemoryManager] 1693924966 physical memory requested, 0 released, 1651122176 free
2026-04-29T00:06:59.201+0300 [DEBUG] [org.gradle.process.internal.health.memory.DefaultMemoryManager] 1747612057 virtual memory requested, 656580608 free
2026-04-29T00:06:59.201+0300 [DEBUG] [org.gradle.workers.internal.WorkerDaemonExpiration] Will attempt to release 1666 of memory
2026-04-29T00:06:59.201+0300 [DEBUG] [org.gradle.process.internal.health.memory.DefaultMemoryManager] 1747612057 virtual memory requested, 0 released, 656580608 free
2026-04-29T00:07:04.207+0300 [DEBUG] [org.gradle.process.internal.health.memory.DefaultMemoryManager] 1693924966 physical memory requested, 1662349312 free
2026-04-29T00:07:04.207+0300 [DEBUG] [org.gradle.workers.internal.WorkerDaemonExpiration] Will attempt to release 1615 of memory
2026-04-29T00:07:04.207+0300 [DEBUG] [org.gradle.process.internal.health.memory.DefaultMemoryManager] 1693924966 physical memory requested, 0 released, 1662349312 free
2026-04-29T00:07:04.207+0300 [DEBUG] [org.gradle.process.internal.health.memory.DefaultMemoryManager] 1747612057 virtual memory requested, 660787200 free
2026-04-29T00:07:04.208+0300 [DEBUG] [org.gradle.workers.internal.WorkerDaemonExpiration] Will attempt to release 1666 of memory
2026-04-29T00:07:04.208+0300 [DEBUG] [org.gradle.process.internal.health.memory.DefaultMemoryManager] 1747612057 virtual memory requested, 0 released, 660787200 free
2026-04-29T00:07:08.145+0300 [DEBUG] [org.gradle.cache.internal.DefaultFileLockManager] Waiting to acquire shared lock on daemon addresses registry.
2026-04-29T00:07:08.145+0300 [DEBUG] [org.gradle.cache.internal.DefaultFileLockManager] Lock acquired on daemon addresses registry.
2026-04-29T00:07:08.146+0300 [DEBUG] [org.gradle.cache.internal.DefaultFileLockManager] Releasing lock on daemon addresses registry.
2026-04-29T00:07:08.148+0300 [DEBUG] [org.gradle.cache.internal.DefaultFileLockManager] Waiting to acquire shared lock on daemon addresses registry.
2026-04-29T00:07:08.148+0300 [DEBUG] [org.gradle.cache.internal.DefaultFileLockManager] Lock acquired on daemon addresses registry.
2026-04-29T00:07:08.149+0300 [DEBUG] [org.gradle.cache.internal.DefaultFileLockManager] Releasing lock on daemon addresses registry.
2026-04-29T00:07:08.151+0300 [DEBUG] [org.gradle.cache.internal.DefaultFileLockManager] Waiting to acquire shared lock on daemon addresses registry.
2026-04-29T00:07:08.151+0300 [DEBUG] [org.gradle.cache.internal.DefaultFileLockManager] Lock acquired on daemon addresses registry.
2026-04-29T00:07:08.151+0300 [DEBUG] [org.gradle.cache.internal.DefaultFileLockManager] Releasing lock on daemon addresses registry.
2026-04-29T00:07:09.203+0300 [DEBUG] [org.gradle.process.internal.health.memory.DefaultMemoryManager] 1693924966 physical memory requested, 1612898304 free
2026-04-29T00:07:09.203+0300 [DEBUG] [org.gradle.workers.internal.WorkerDaemonExpiration] Will attempt to release 1615 of memory
2026-04-29T00:07:09.204+0300 [DEBUG] [org.gradle.process.internal.health.memory.DefaultMemoryManager] 1693924966 physical memory requested, 0 released, 1612898304 free
2026-04-29T00:07:09.204+0300 [DEBUG] [org.gradle.process.internal.health.memory.DefaultMemoryManager] 1747612057 virtual memory requested, 634273792 free
2026-04-29T00:07:09.204+0300 [DEBUG] [org.gradle.workers.internal.WorkerDaemonExpiration] Will attempt to release 1666 of memory
2026-04-29T00:07:09.204+0300 [DEBUG] [org.gradle.process.internal.health.memory.DefaultMemoryManager] 1747612057 virtual memory requested, 0 released, 634273792 free
2026-04-29T00:07:14.203+0300 [DEBUG] [org.gradle.process.internal.health.memory.DefaultMemoryManager] 1693924966 physical memory requested, 1572638720 free
2026-04-29T00:07:14.203+0300 [DEBUG] [org.gradle.workers.internal.WorkerDaemonExpiration] Will attempt to release 1615 of memory
2026-04-29T00:07:14.203+0300 [DEBUG] [org.gradle.process.internal.health.memory.DefaultMemoryManager] 1693924966 physical memory requested, 0 released, 1572638720 free
2026-04-29T00:07:14.203+0300 [DEBUG] [org.gradle.process.internal.health.memory.DefaultMemoryManager] 1747612057 virtual memory requested, 636354560 free
2026-04-29T00:07:14.203+0300 [DEBUG] [org.gradle.workers.internal.WorkerDaemonExpiration] Will attempt to release 1666 of memory
2026-04-29T00:07:14.203+0300 [DEBUG] [org.gradle.process.internal.health.memory.DefaultMemoryManager] 1747612057 virtual memory requested, 0 released, 636354560 free
2026-04-29T00:07:18.144+0300 [DEBUG] [org.gradle.cache.internal.DefaultFileLockManager] Waiting to acquire shared lock on daemon addresses registry.
2026-04-29T00:07:18.144+0300 [DEBUG] [org.gradle.cache.internal.DefaultFileLockManager] Lock acquired on daemon addresses registry.
2026-04-29T00:07:18.144+0300 [DEBUG] [org.gradle.cache.internal.DefaultFileLockManager] Releasing lock on daemon addresses registry.
2026-04-29T00:07:18.147+0300 [DEBUG] [org.gradle.cache.internal.DefaultFileLockManager] Waiting to acquire shared lock on daemon addresses registry.
2026-04-29T00:07:18.147+0300 [DEBUG] [org.gradle.cache.internal.DefaultFileLockManager] Lock acquired on daemon addresses registry.
2026-04-29T00:07:18.147+0300 [DEBUG] [org.gradle.cache.internal.DefaultFileLockManager] Releasing lock on daemon addresses registry.
2026-04-29T00:07:18.148+0300 [DEBUG] [org.gradle.cache.internal.DefaultFileLockManager] Waiting to acquire shared lock on daemon addresses registry.
2026-04-29T00:07:18.149+0300 [DEBUG] [org.gradle.cache.internal.DefaultFileLockManager] Lock acquired on daemon addresses registry.
2026-04-29T00:07:18.149+0300 [DEBUG] [org.gradle.cache.internal.DefaultFileLockManager] Releasing lock on daemon addresses registry.
2026-04-29T00:07:19.213+0300 [DEBUG] [org.gradle.process.internal.health.memory.DefaultMemoryManager] 1693924966 physical memory requested, 1594822656 free
2026-04-29T00:07:19.213+0300 [DEBUG] [org.gradle.workers.internal.WorkerDaemonExpiration] Will attempt to release 1615 of memory
2026-04-29T00:07:19.213+0300 [DEBUG] [org.gradle.process.internal.health.memory.DefaultMemoryManager] 1693924966 physical memory requested, 0 released, 1594822656 free
2026-04-29T00:07:19.213+0300 [DEBUG] [org.gradle.process.internal.health.memory.DefaultMemoryManager] 1747612057 virtual memory requested, 641835008 free
2026-04-29T00:07:19.213+0300 [DEBUG] [org.gradle.workers.internal.WorkerDaemonExpiration] Will attempt to release 1666 of memory
2026-04-29T00:07:19.213+0300 [DEBUG] [org.gradle.process.internal.health.memory.DefaultMemoryManager] 1747612057 virtual memory requested, 0 released, 641835008 free
2026-04-29T00:07:24.217+0300 [DEBUG] [org.gradle.process.internal.health.memory.DefaultMemoryManager] 1693924966 physical memory requested, 1631195136 free
2026-04-29T00:07:24.217+0300 [DEBUG] [org.gradle.workers.internal.WorkerDaemonExpiration] Will attempt to release 1615 of memory
2026-04-29T00:07:24.217+0300 [DEBUG] [org.gradle.process.internal.health.memory.DefaultMemoryManager] 1693924966 physical memory requested, 0 released, 1631195136 free
2026-04-29T00:07:24.217+0300 [DEBUG] [org.gradle.process.internal.health.memory.DefaultMemoryManager] 1747612057 virtual memory requested, 676802560 free
2026-04-29T00:07:24.217+0300 [DEBUG] [org.gradle.workers.internal.WorkerDaemonExpiration] Will attempt to release 1666 of memory
2026-04-29T00:07:24.217+0300 [DEBUG] [org.gradle.process.internal.health.memory.DefaultMemoryManager] 1747612057 virtual memory requested, 0 released, 676802560 free
2026-04-29T00:07:28.142+0300 [DEBUG] [org.gradle.cache.internal.DefaultFileLockManager] Waiting to acquire shared lock on daemon addresses registry.
2026-04-29T00:07:28.142+0300 [DEBUG] [org.gradle.cache.internal.DefaultFileLockManager] Lock acquired on daemon addresses registry.
2026-04-29T00:07:28.143+0300 [DEBUG] [org.gradle.cache.internal.DefaultFileLockManager] Releasing lock on daemon addresses registry.
2026-04-29T00:07:28.147+0300 [DEBUG] [org.gradle.cache.internal.DefaultFileLockManager] Waiting to acquire shared lock on daemon addresses registry.
2026-04-29T00:07:28.148+0300 [DEBUG] [org.gradle.cache.internal.DefaultFileLockManager] Lock acquired on daemon addresses registry.
2026-04-29T00:07:28.149+0300 [DEBUG] [org.gradle.cache.internal.DefaultFileLockManager] Releasing lock on daemon addresses registry.
2026-04-29T00:07:28.154+0300 [DEBUG] [org.gradle.cache.internal.DefaultFileLockManager] Waiting to acquire shared lock on daemon addresses registry.
2026-04-29T00:07:28.154+0300 [DEBUG] [org.gradle.cache.internal.DefaultFileLockManager] Lock acquired on daemon addresses registry.
2026-04-29T00:07:28.155+0300 [DEBUG] [org.gradle.cache.internal.DefaultFileLockManager] Releasing lock on daemon addresses registry.
2026-04-29T00:07:29.215+0300 [DEBUG] [org.gradle.process.internal.health.memory.DefaultMemoryManager] 1693924966 physical memory requested, 1688489984 free
2026-04-29T00:07:29.216+0300 [DEBUG] [org.gradle.workers.internal.WorkerDaemonExpiration] Will attempt to release 1615 of memory
2026-04-29T00:07:29.216+0300 [DEBUG] [org.gradle.process.internal.health.memory.DefaultMemoryManager] 1693924966 physical memory requested, 0 released, 1688489984 free
2026-04-29T00:07:29.216+0300 [DEBUG] [org.gradle.process.internal.health.memory.DefaultMemoryManager] 1747612057 virtual memory requested, 704745472 free
2026-04-29T00:07:29.216+0300 [DEBUG] [org.gradle.workers.internal.WorkerDaemonExpiration] Will attempt to release 1666 of memory
2026-04-29T00:07:29.217+0300 [DEBUG] [org.gradle.process.internal.health.memory.DefaultMemoryManager] 1747612057 virtual memory requested, 0 released, 704745472 free
2026-04-29T00:07:30.773+0300 [DEBUG] [org.gradle.internal.remote.internal.inet.TcpIncomingConnector] Accepted connection from /127.0.0.1:49761 to /127.0.0.1:56654.
2026-04-29T00:07:30.786+0300 [DEBUG] [org.gradle.launcher.daemon.server.SynchronizedDispatchConnection] thread 286: received class org.gradle.launcher.daemon.protocol.Build
2026-04-29T00:07:30.786+0300 [DEBUG] [org.gradle.launcher.daemon.server.DefaultDaemonConnection] thread 286: Received non-IO message from client: Build{id=0491f644-f176-4d27-a490-b3df251f57a3, currentDir=C:\Users\MOHANNED\Desktop\rr}
2026-04-29T00:07:30.787+0300 [INFO] [org.gradle.launcher.daemon.server.DefaultIncomingConnectionHandler] Received command: Build{id=0491f644-f176-4d27-a490-b3df251f57a3, currentDir=C:\Users\MOHANNED\Desktop\rr}.
2026-04-29T00:07:30.787+0300 [DEBUG] [org.gradle.launcher.daemon.server.DefaultIncomingConnectionHandler] Starting executing command: Build{id=0491f644-f176-4d27-a490-b3df251f57a3, currentDir=C:\Users\MOHANNED\Desktop\rr} with connection: socket connection from /127.0.0.1:56654 to /127.0.0.1:49761.
2026-04-29T00:07:30.788+0300 [DEBUG] [org.gradle.launcher.daemon.server.DaemonStateCoordinator] Command execution: started DaemonCommandExecution[command = Build{id=0491f644-f176-4d27-a490-b3df251f57a3, currentDir=C:\Users\MOHANNED\Desktop\rr}, connection = DefaultDaemonConnection: socket connection from /127.0.0.1:56654 to /127.0.0.1:49761] after 6.5539 minutes of idle
2026-04-29T00:07:30.788+0300 [INFO] [org.gradle.launcher.daemon.server.DaemonRegistryUpdater] Marking the daemon as busy, address: [69981fdb-87a2-48b3-8505-8885edc3a86c port:56654, addresses:[localhost/127.0.0.1]]
2026-04-29T00:07:30.789+0300 [DEBUG] [org.gradle.launcher.daemon.registry.PersistentDaemonRegistry] Marking busy by address: [69981fdb-87a2-48b3-8505-8885edc3a86c port:56654, addresses:[localhost/127.0.0.1]]
2026-04-29T00:07:30.791+0300 [DEBUG] [org.gradle.cache.internal.DefaultFileLockManager] Waiting to acquire exclusive lock on daemon addresses registry.
2026-04-29T00:07:30.792+0300 [DEBUG] [org.gradle.cache.internal.DefaultFileLockManager] Lock acquired on daemon addresses registry.
2026-04-29T00:07:30.798+0300 [DEBUG] [org.gradle.cache.internal.DefaultFileLockManager] Releasing lock on daemon addresses registry.
2026-04-29T00:07:30.799+0300 [DEBUG] [org.gradle.launcher.daemon.server.DaemonStateCoordinator] resetting idle timer
2026-04-29T00:07:30.799+0300 [DEBUG] [org.gradle.launcher.daemon.server.DaemonStateCoordinator] daemon is running. Sleeping until state changes.
2026-04-29T00:07:30.800+0300 [INFO] [org.gradle.launcher.daemon.server.exec.StartBuildOrRespondWithBusy] Daemon is about to start building Build{id=0491f644-f176-4d27-a490-b3df251f57a3, currentDir=C:\Users\MOHANNED\Desktop\rr}. Dispatching build started information...
2026-04-29T00:07:30.800+0300 [DEBUG] [org.gradle.launcher.daemon.server.SynchronizedDispatchConnection] thread 288: dispatching org.gradle.launcher.daemon.protocol.BuildStarted@72cde130
2026-04-29T00:07:30.802+0300 [DEBUG] [org.gradle.launcher.daemon.server.exec.EstablishBuildEnvironment] Configuring env variables: [USERDOMAIN_ROAMINGPROFILE, PROCESSOR_LEVEL, SESSIONNAME, ALLUSERSPROFILE, PROCESSOR_ARCHITECTURE, PSModulePath, SystemDrive, EFC_10108_3789132940, USERNAME, ProgramFiles(x86), FPS_BROWSER_USER_PROFILE_STRING, PATHEXT, DriverData, ProgramData, ProgramW6432, HOMEPATH, LC_ALL, PROCESSOR_IDENTIFIER, ProgramFiles, PUBLIC, windir, =::, ZES_ENABLE_SYSMAN, LOCALAPPDATA, USERDOMAIN, LOGONSERVER, FPS_BROWSER_APP_PROFILE_STRING, EFC_10108_1592913036, LANG, OneDrive, APPDATA, EFC_10108_2283032206, EFC_10108_1262719628, VBOX_MSI_INSTALL_PATH, CommonProgramFiles, Path, OS, COMPUTERNAME, EFC_10108_2775293581, PROCESSOR_REVISION, CommonProgramW6432, ComSpec, TEMP, SystemRoot, HOMEDRIVE, USERPROFILE, TMP, CommonProgramFiles(x86), NUMBER_OF_PROCESSORS]
2026-04-29T00:07:30.805+0300 [DEBUG] [org.gradle.launcher.daemon.server.exec.LogToClient] About to start relaying all logs to the client via the connection.
2026-04-29T00:07:30.806+0300 [INFO] [org.gradle.launcher.daemon.server.exec.LogToClient] The client will now receive all logging from the daemon (pid: 15724). The daemon log file: C:\Users\MOHANNED\Desktop\rr\daemon\8.14.3\daemon-15724.out.log
2026-04-29T00:07:30.807+0300 [INFO] [org.gradle.launcher.daemon.server.exec.LogAndCheckHealth] Starting 3rd build in daemon [uptime: 21 mins 3.706 secs, performance: 100%, GC rate: 0.00/s, heap usage: 0% of 1.5 GiB]
2026-04-29T00:07:30.808+0300 [DEBUG] [org.gradle.launcher.daemon.server.exec.ExecuteBuild] The daemon has started executing the build.
2026-04-29T00:07:30.808+0300 [DEBUG] [org.gradle.launcher.daemon.server.exec.ExecuteBuild] Executing build with daemon context: DefaultDaemonContext[uid=841063e1-fb75-4794-b3b0-6300c32adda4,javaHome=C:\Program Files\Android\Android Studio\jbr,javaVersion=21,javaVendor=JetBrains s.r.o.,daemonRegistryDir=C:\Users\MOHANNED\Desktop\rr\daemon,pid=15724,idleTimeout=10800000,priority=NORMAL,applyInstrumentationAgent=true,nativeServicesMode=ENABLED,daemonOpts=-Xmx1536M,-Dfile.encoding=UTF-8,-Duser.country=US,-Duser.language=en,-Duser.variant]
Reusing configuration cache.
w: file:///C:/Users/MOHANNED/Desktop/rr/composeApp/src/androidMain/kotlin/org/mohanned/rawdatyci_cdapp/core/util/ConnectivityObserver.kt:14:1 'expect'/'actual' classes (including interfaces, objects, annotations, enums, and 'actual' typealiases) are in Beta. Consider using the '-Xexpect-actual-classes' flag to suppress this warning. Also see: https://youtrack.jetbrains.com/issue/KT-61573
w: file:///C:/Users/MOHANNED/Desktop/rr/composeApp/src/androidMain/kotlin/org/mohanned/rawdatyci_cdapp/core/util/ConnectivityObserver.kt:17:5 'expect'/'actual' classes (including interfaces, objects, annotations, enums, and 'actual' typealiases) are in Beta. Consider using the '-Xexpect-actual-classes' flag to suppress this warning. Also see: https://youtrack.jetbrains.com/issue/KT-61573
w: file:///C:/Users/MOHANNED/Desktop/rr/composeApp/src/commonMain/kotlin/org/mohanned/rawdatyci_cdapp/core/util/ConnectivityObserver.kt:5:1 'expect'/'actual' classes (including interfaces, objects, annotations, enums, and 'actual' typealiases) are in Beta. Consider using the '-Xexpect-actual-classes' flag to suppress this warning. Also see: https://youtrack.jetbrains.com/issue/KT-61573
w: file:///C:/Users/MOHANNED/Desktop/rr/composeApp/src/commonMain/kotlin/org/mohanned/rawdatyci_cdapp/core/util/ConnectivityObserver.kt:8:16 'expect'/'actual' classes (including interfaces, objects, annotations, enums, and 'actual' typealiases) are in Beta. Consider using the '-Xexpect-actual-classes' flag to suppress this warning. Also see: https://youtrack.jetbrains.com/issue/KT-61573
w: file:///C:/Users/MOHANNED/Desktop/rr/composeApp/src/commonMain/kotlin/org/mohanned/rawdatyci_cdapp/data/repository/ChatRepositoryImpl.kt:23:26 Unchecked cast of 'ApiResponse<List<ConversationDto>>' to 'ApiResponse<PaginatedResult<Conversation>>'.
w: file:///C:/Users/MOHANNED/Desktop/rr/composeApp/src/commonMain/kotlin/org/mohanned/rawdatyci_cdapp/data/repository/ChatRepositoryImpl.kt:36:26 Unchecked cast of 'ApiResponse<ApiListDto<MessageDto>>' to 'ApiResponse<PaginatedResult<Message>>'.
w: file:///C:/Users/MOHANNED/Desktop/rr/composeApp/src/commonMain/kotlin/org/mohanned/rawdatyci_cdapp/data/repository/ChatRepositoryImpl.kt:49:26 Unchecked cast of 'ApiResponse<MessageDto>' to 'ApiResponse<Message>'.
w: file:///C:/Users/MOHANNED/Desktop/rr/composeApp/src/commonMain/kotlin/org/mohanned/rawdatyci_cdapp/data/repository/ChatRepositoryImpl.kt:62:26 Unchecked cast of 'ApiResponse<ConversationDto>' to 'ApiResponse<Conversation>'.
w: file:///C:/Users/MOHANNED/Desktop/rr/composeApp/src/commonMain/kotlin/org/mohanned/rawdatyci_cdapp/data/repository/ChildrenRepositoryImpl.kt:22:26 Unchecked cast of 'ApiResponse<ApiListDto<ChildDto>>' to 'ApiResponse<PaginatedResult<Child>>'.
w: file:///C:/Users/MOHANNED/Desktop/rr/composeApp/src/commonMain/kotlin/org/mohanned/rawdatyci_cdapp/data/repository/ChildrenRepositoryImpl.kt:35:26 Unchecked cast of 'ApiResponse<ApiListDto<ChildDto>>' to 'ApiResponse<PaginatedResult<Child>>'.
w: file:///C:/Users/MOHANNED/Desktop/rr/composeApp/src/commonMain/kotlin/org/mohanned/rawdatyci_cdapp/data/repository/ChildrenRepositoryImpl.kt:48:26 Unchecked cast of 'ApiResponse<ChildDto>' to 'ApiResponse<Child>'.
w: file:///C:/Users/MOHANNED/Desktop/rr/composeApp/src/commonMain/kotlin/org/mohanned/rawdatyci_cdapp/data/repository/ChildrenRepositoryImpl.kt:64:26 Unchecked cast of 'ApiResponse<ChildDto>' to 'ApiResponse<Child>'.
w: file:///C:/Users/MOHANNED/Desktop/rr/composeApp/src/commonMain/kotlin/org/mohanned/rawdatyci_cdapp/data/repository/ClassesRepositoryImpl.kt:21:26 Unchecked cast of 'ApiResponse<ApiListDto<ClassDto>>' to 'ApiResponse<PaginatedResult<Classroom>>'.
w: file:///C:/Users/MOHANNED/Desktop/rr/composeApp/src/commonMain/kotlin/org/mohanned/rawdatyci_cdapp/data/repository/ClassesRepositoryImpl.kt:34:26 Unchecked cast of 'ApiResponse<ClassDto>' to 'ApiResponse<Classroom>'.
w: file:///C:/Users/MOHANNED/Desktop/rr/composeApp/src/commonMain/kotlin/org/mohanned/rawdatyci_cdapp/data/repository/ClassesRepositoryImpl.kt:47:26 Unchecked cast of 'ApiResponse<ClassDto>' to 'ApiResponse<Classroom>'.
w: file:///C:/Users/MOHANNED/Desktop/rr/composeApp/src/commonMain/kotlin/org/mohanned/rawdatyci_cdapp/data/repository/ClassesRepositoryImpl.kt:60:26 Unchecked cast of 'ApiResponse<ClassDto>' to 'ApiResponse<Classroom>'.
w: file:///C:/Users/MOHANNED/Desktop/rr/composeApp/src/commonMain/kotlin/org/mohanned/rawdatyci_cdapp/data/repository/ComplaintsRepositoryImpl.kt:20:26 Unchecked cast of 'ApiResponse<ApiListDto<ComplaintDto>>' to 'ApiResponse<PaginatedResult<Complaint>>'.
w: file:///C:/Users/MOHANNED/Desktop/rr/composeApp/src/commonMain/kotlin/org/mohanned/rawdatyci_cdapp/data/repository/ComplaintsRepositoryImpl.kt:33:26 Unchecked cast of 'ApiResponse<ComplaintDto>' to 'ApiResponse<Complaint>'.
w: file:///C:/Users/MOHANNED/Desktop/rr/composeApp/src/commonMain/kotlin/org/mohanned/rawdatyci_cdapp/data/repository/ComplaintsRepositoryImpl.kt:46:26 Unchecked cast of 'ApiResponse<ComplaintDto>' to 'ApiResponse<Complaint>'.
w: file:///C:/Users/MOHANNED/Desktop/rr/composeApp/src/commonMain/kotlin/org/mohanned/rawdatyci_cdapp/data/repository/ComplaintsRepositoryImpl.kt:59:26 Unchecked cast of 'ApiResponse<ComplaintDto>' to 'ApiResponse<Complaint>'.
w: file:///C:/Users/MOHANNED/Desktop/rr/composeApp/src/commonMain/kotlin/org/mohanned/rawdatyci_cdapp/data/repository/GamesRepositoryImpl.kt:21:26 Unchecked cast of 'ApiResponse<List<GameQuestionDto>>' to 'ApiResponse<List<GameQuestion>>'.
w: file:///C:/Users/MOHANNED/Desktop/rr/composeApp/src/commonMain/kotlin/org/mohanned/rawdatyci_cdapp/data/repository/GamesRepositoryImpl.kt:58:26 Unchecked cast of 'ApiResponse<GameQuestionDto>' to 'ApiResponse<GameQuestion>'.
w: file:///C:/Users/MOHANNED/Desktop/rr/composeApp/src/commonMain/kotlin/org/mohanned/rawdatyci_cdapp/data/repository/NewsRepositoryImpl.kt:20:26 Unchecked cast of 'ApiResponse<ApiListDto<NewsDto>>' to 'ApiResponse<PaginatedResult<News>>'.
w: file:///C:/Users/MOHANNED/Desktop/rr/composeApp/src/commonMain/kotlin/org/mohanned/rawdatyci_cdapp/data/repository/NewsRepositoryImpl.kt:33:26 Unchecked cast of 'ApiResponse<ApiListDto<NewsDto>>' to 'ApiResponse<List<News>>'.
w: file:///C:/Users/MOHANNED/Desktop/rr/composeApp/src/commonMain/kotlin/org/mohanned/rawdatyci_cdapp/data/repository/NewsRepositoryImpl.kt:46:26 Unchecked cast of 'ApiResponse<NewsDto>' to 'ApiResponse<News>'.
w: file:///C:/Users/MOHANNED/Desktop/rr/composeApp/src/commonMain/kotlin/org/mohanned/rawdatyci_cdapp/data/repository/NewsRepositoryImpl.kt:59:26 Unchecked cast of 'ApiResponse<NewsDto>' to 'ApiResponse<News>'.
w: file:///C:/Users/MOHANNED/Desktop/rr/composeApp/src/commonMain/kotlin/org/mohanned/rawdatyci_cdapp/data/repository/NewsRepositoryImpl.kt:72:26 Unchecked cast of 'ApiResponse<NewsDto>' to 'ApiResponse<News>'.
w: file:///C:/Users/MOHANNED/Desktop/rr/composeApp/src/commonMain/kotlin/org/mohanned/rawdatyci_cdapp/data/repository/NotificationsRepositoryImpl.kt:20:26 Unchecked cast of 'ApiResponse<ApiListDto<NotificationDto>>' to 'ApiResponse<PaginatedResult<AppNotification>>'.
w: file:///C:/Users/MOHANNED/Desktop/rr/composeApp/src/commonMain/kotlin/org/mohanned/rawdatyci_cdapp/data/repository/SettingsRepositoryImpl.kt:19:26 Unchecked cast of 'ApiResponse<SettingsDto>' to 'ApiResponse<KindergartenSettings>'.
w: file:///C:/Users/MOHANNED/Desktop/rr/composeApp/src/commonMain/kotlin/org/mohanned/rawdatyci_cdapp/data/repository/SettingsRepositoryImpl.kt:43:26 Unchecked cast of 'ApiResponse<SettingsDto>' to 'ApiResponse<KindergartenSettings>'.
w: file:///C:/Users/MOHANNED/Desktop/rr/composeApp/src/commonMain/kotlin/org/mohanned/rawdatyci_cdapp/presentation/components/Components.kt:1065:13 'fun quadraticBezierTo(x1: Float, y1: Float, x2: Float, y2: Float): Unit' is deprecated. Use quadraticTo() for consistency with cubicTo().
w: file:///C:/Users/MOHANNED/Desktop/rr/composeApp/src/commonMain/kotlin/org/mohanned/rawdatyci_cdapp/presentation/screens/admin/AdminAddClassroomScreen.kt:114:68 'fun Modifier.menuAnchor(): Modifier' is deprecated. Use overload that takes ExposedDropdownMenuAnchorType and enabled parameters.
w: file:///C:/Users/MOHANNED/Desktop/rr/composeApp/src/commonMain/kotlin/org/mohanned/rawdatyci_cdapp/presentation/screens/admin/AdminComplaintDetailScreen.kt:76:29 'fun Divider(modifier: Modifier = ..., thickness: Dp = ..., color: Color = ...): Unit' is deprecated. Renamed to HorizontalDivider.
w: file:///C:/Users/MOHANNED/Desktop/rr/composeApp/src/commonMain/kotlin/org/mohanned/rawdatyci_cdapp/presentation/screens/admin/AdminComplaintDetailScreen.kt:86:54 Elvis operator (?:) always returns the left operand of non-nullable type 'String'.
w: file:///C:/Users/MOHANNED/Desktop/rr/composeApp/src/commonMain/kotlin/org/mohanned/rawdatyci_cdapp/presentation/screens/admin/AdminComplaintsScreen.kt:207:50 Elvis operator (?:) always returns the left operand of non-nullable type 'String'.
w: file:///C:/Users/MOHANNED/Desktop/rr/composeApp/src/commonMain/kotlin/org/mohanned/rawdatyci_cdapp/presentation/screens/admin/AdminNewsScreen.kt:161:83 'val Icons.Filled.Article: ImageVector' is deprecated. Use the AutoMirrored version at Icons.AutoMirrored.Filled.Article.
w: file:///C:/Users/MOHANNED/Desktop/rr/composeApp/src/commonMain/kotlin/org/mohanned/rawdatyci_cdapp/presentation/screens/admin/AdminRolesScreen.kt:45:44 'fun centerAlignedTopAppBarColors(containerColor: Color = ..., scrolledContainerColor: Color = ..., navigationIconContentColor: Color = ..., titleContentColor: Color = ..., actionIconContentColor: Color = ...): TopAppBarColors' is deprecated. Use topAppBarColors instead.
w: file:///C:/Users/MOHANNED/Desktop/rr/composeApp/src/commonMain/kotlin/org/mohanned/rawdatyci_cdapp/presentation/screens/parent/ParentAddComplaintScreen.kt:124:42 'val Icons.Filled.Send: ImageVector' is deprecated. Use the AutoMirrored version at Icons.AutoMirrored.Filled.Send.
w: file:///C:/Users/MOHANNED/Desktop/rr/composeApp/src/commonMain/kotlin/org/mohanned/rawdatyci_cdapp/presentation/screens/parent/ParentAttendanceScreen.kt:157:46 'val Icons.Filled.EventNote: ImageVector' is deprecated. Use the AutoMirrored version at Icons.AutoMirrored.Filled.EventNote.
w: file:///C:/Users/MOHANNED/Desktop/rr/composeApp/src/commonMain/kotlin/org/mohanned/rawdatyci_cdapp/presentation/screens/parent/ParentAttendanceScreen.kt:223:38 Unnecessary non-null assertion (!!) on a non-null receiver of type 'String'.
w: file:///C:/Users/MOHANNED/Desktop/rr/composeApp/src/commonMain/kotlin/org/mohanned/rawdatyci_cdapp/presentation/screens/parent/ParentChildDetailScreen.kt:237:33 Elvis operator (?:) always returns the left operand of non-nullable type 'String'.
w: file:///C:/Users/MOHANNED/Desktop/rr/composeApp/src/commonMain/kotlin/org/mohanned/rawdatyci_cdapp/presentation/screens/parent/ParentComplaintsScreen.kt:153:44 Unnecessary non-null assertion (!!) on a non-null receiver of type 'String'.
w: file:///C:/Users/MOHANNED/Desktop/rr/composeApp/src/commonMain/kotlin/org/mohanned/rawdatyci_cdapp/presentation/screens/parent/ParentDetailContentScreen.kt:92:21 'fun Divider(modifier: Modifier = ..., thickness: Dp = ..., color: Color = ...): Unit' is deprecated. Renamed to HorizontalDivider.
w: file:///C:/Users/MOHANNED/Desktop/rr/composeApp/src/commonMain/kotlin/org/mohanned/rawdatyci_cdapp/presentation/screens/parent/ParentHomeScreen.kt:202:61 'val Icons.Outlined.Chat: ImageVector' is deprecated. Use the AutoMirrored version at Icons.AutoMirrored.Outlined.Chat.
w: file:///C:/Users/MOHANNED/Desktop/rr/composeApp/src/commonMain/kotlin/org/mohanned/rawdatyci_cdapp/presentation/screens/parent/ParentPlayGameScreen.kt:45:67 This cast can never succeed.
w: file:///C:/Users/MOHANNED/Desktop/rr/composeApp/src/commonMain/kotlin/org/mohanned/rawdatyci_cdapp/presentation/screens/parent/ParentPlayGameScreen.kt:105:91 This cast can never succeed.
w: file:///C:/Users/MOHANNED/Desktop/rr/composeApp/src/commonMain/kotlin/org/mohanned/rawdatyci_cdapp/presentation/screens/shared/EditProfileScreen.kt:79:44 'fun centerAlignedTopAppBarColors(containerColor: Color = ..., scrolledContainerColor: Color = ..., navigationIconContentColor: Color = ..., titleContentColor: Color = ..., actionIconContentColor: Color = ...): TopAppBarColors' is deprecated. Use topAppBarColors instead.
w: file:///C:/Users/MOHANNED/Desktop/rr/composeApp/src/commonMain/kotlin/org/mohanned/rawdatyci_cdapp/presentation/screens/shared/NewsDetailScreen.kt:98:25 'fun Divider(modifier: Modifier = ..., thickness: Dp = ..., color: Color = ...): Unit' is deprecated. Renamed to HorizontalDivider.
w: file:///C:/Users/MOHANNED/Desktop/rr/composeApp/src/commonMain/kotlin/org/mohanned/rawdatyci_cdapp/presentation/screens/shared/NotificationDetailScreen.kt:65:44 'fun centerAlignedTopAppBarColors(containerColor: Color = ..., scrolledContainerColor: Color = ..., navigationIconContentColor: Color = ..., titleContentColor: Color = ..., actionIconContentColor: Color = ...): TopAppBarColors' is deprecated. Use topAppBarColors instead.
w: file:///C:/Users/MOHANNED/Desktop/rr/composeApp/src/commonMain/kotlin/org/mohanned/rawdatyci_cdapp/presentation/screens/shared/ProfileScreen.kt:127:40 'val Icons.Filled.ArrowForward: ImageVector' is deprecated. Use the AutoMirrored version at Icons.AutoMirrored.Filled.ArrowForward.
w: file:///C:/Users/MOHANNED/Desktop/rr/composeApp/src/commonMain/kotlin/org/mohanned/rawdatyci_cdapp/presentation/screens/shared/ProfileScreen.kt:326:47 'val Icons.Filled.Logout: ImageVector' is deprecated. Use the AutoMirrored version at Icons.AutoMirrored.Filled.Logout.
w: file:///C:/Users/MOHANNED/Desktop/rr/composeApp/src/commonMain/kotlin/org/mohanned/rawdatyci_cdapp/presentation/screens/teacher/ChatConversationsScreen.kt:82:46 'val Icons.Filled.Chat: ImageVector' is deprecated. Use the AutoMirrored version at Icons.AutoMirrored.Filled.Chat.
w: file:///C:/Users/MOHANNED/Desktop/rr/composeApp/src/commonMain/kotlin/org/mohanned/rawdatyci_cdapp/presentation/screens/teacher/TeacherComplaintsScreen.kt:127:53 Elvis operator (?:) always returns the left operand of non-nullable type 'String'.
w: file:///C:/Users/MOHANNED/Desktop/rr/composeApp/src/commonMain/kotlin/org/mohanned/rawdatyci_cdapp/presentation/screens/teacher/TeacherHomeScreen.kt:251:44 'val Icons.Outlined.Chat: ImageVector' is deprecated. Use the AutoMirrored version at Icons.AutoMirrored.Outlined.Chat.
w: file:///C:/Users/MOHANNED/Desktop/rr/composeApp/src/commonMain/kotlin/org/mohanned/rawdatyci_cdapp/presentation/screens/teacher/TeacherHomeScreen.kt:350:13 'fun quadraticBezierTo(x1: Float, y1: Float, x2: Float, y2: Float): Unit' is deprecated. Use quadraticTo() for consistency with cubicTo().
w: file:///C:/Users/MOHANNED/Desktop/rr/composeApp/src/commonMain/kotlin/org/mohanned/rawdatyci_cdapp/presentation/screens/teacher/TeacherStudentDetailScreen.kt:132:33 Unnecessary non-null assertion (!!) on a non-null receiver of type 'String'.
w: file:///C:/Users/MOHANNED/Desktop/rr/composeApp/src/commonMain/kotlin/org/mohanned/rawdatyci_cdapp/presentation/viewmodel/AdminAddEditClassroomViewModel.kt:89:21 'when' is exhaustive so 'else' is redundant here.

BUILD SUCCESSFUL in 1m 16s
43 actionable tasks: 2 executed, 41 up-to-date
Configuration cache entry reused.
2026-04-29T00:08:47.028+0300 [DEBUG] [org.gradle.launcher.daemon.server.exec.ExecuteBuild] The daemon has finished executing the build.
2026-04-29T00:08:47.037+0300 [DEBUG] [org.gradle.launcher.daemon.server.DaemonStateCoordinator] daemon is running. Sleeping until state changes.
2026-04-29T00:08:47.037+0300 [DEBUG] [org.gradle.launcher.daemon.server.DaemonStateCoordinator] Command execution: finished waiting for DaemonCommandExecution[command = Build{id=0491f644-f176-4d27-a490-b3df251f57a3, currentDir=C:\Users\MOHANNED\Desktop\rr}, connection = DefaultDaemonConnection: socket connection from /127.0.0.1:56654 to /127.0.0.1:49761]. Result org.gradle.launcher.daemon.server.DaemonStateCoordinator@4f8c9d47 with state Busy
2026-04-29T00:08:47.037+0300 [DEBUG] [org.gradle.launcher.daemon.server.DaemonStateCoordinator] Command execution: completed DaemonCommandExecution[command = Build{id=0491f644-f176-4d27-a490-b3df251f57a3, currentDir=C:\Users\MOHANNED\Desktop\rr}, connection = DefaultDaemonConnection: socket connection from /127.0.0.1:56654 to /127.0.0.1:49761]
2026-04-29T00:08:47.038+0300 [DEBUG] [org.gradle.launcher.daemon.server.DaemonStateCoordinator] resetting idle timer
2026-04-29T00:08:47.038+0300 [INFO] [org.gradle.launcher.daemon.server.DaemonRegistryUpdater] Marking the daemon as idle, address: [69981fdb-87a2-48b3-8505-8885edc3a86c port:56654, addresses:[localhost/127.0.0.1]]
2026-04-29T00:08:47.038+0300 [DEBUG] [org.gradle.launcher.daemon.registry.PersistentDaemonRegistry] Marking busy by address: [69981fdb-87a2-48b3-8505-8885edc3a86c port:56654, addresses:[localhost/127.0.0.1]]
2026-04-29T00:08:47.041+0300 [DEBUG] [org.gradle.cache.internal.DefaultFileLockManager] Waiting to acquire exclusive lock on daemon addresses registry.
2026-04-29T00:08:47.042+0300 [DEBUG] [org.gradle.cache.internal.DefaultFileLockManager] Lock acquired on daemon addresses registry.
2026-04-29T00:08:47.044+0300 [DEBUG] [org.gradle.cache.internal.DefaultFileLockManager] Releasing lock on daemon addresses registry.
2026-04-29T00:08:47.045+0300 [DEBUG] [org.gradle.launcher.daemon.server.DaemonStateCoordinator] daemon is running. Sleeping until state changes.
2026-04-29T00:08:47.045+0300 [DEBUG] [org.gradle.launcher.daemon.server.exec.ReturnResult] Daemon is dispatching the build result: Success[value=org.gradle.launcher.exec.BuildActionResult@42d262fd]
2026-04-29T00:08:47.046+0300 [DEBUG] [org.gradle.launcher.daemon.server.SynchronizedDispatchConnection] thread 285: dispatching Success[value=org.gradle.launcher.exec.BuildActionResult@42d262fd]
2026-04-29T00:08:47.046+0300 [DEBUG] [org.gradle.launcher.daemon.server.SynchronizedDispatchConnection] thread 286: received class org.gradle.launcher.daemon.protocol.CloseInput
2026-04-29T00:08:47.047+0300 [DEBUG] [org.gradle.launcher.daemon.server.DefaultDaemonConnection] thread 286: Received IO message from client: org.gradle.launcher.daemon.protocol.CloseInput@663a28eb
2026-04-29T00:08:47.047+0300 [DEBUG] [org.gradle.launcher.daemon.server.DefaultIncomingConnectionHandler] Finishing executing command: Build{id=0491f644-f176-4d27-a490-b3df251f57a3, currentDir=C:\Users\MOHANNED\Desktop\rr}
2026-04-29T00:08:47.047+0300 [DEBUG] [org.gradle.launcher.daemon.server.SynchronizedDispatchConnection] thread 286: received class org.gradle.launcher.daemon.protocol.Finished
2026-04-29T00:08:47.047+0300 [DEBUG] [org.gradle.launcher.daemon.server.exec.CleanUpVirtualFileSystemAfterBuild] Cleaning virtual file system after build finished
2026-04-29T00:08:47.047+0300 [DEBUG] [org.gradle.launcher.daemon.server.DefaultDaemonConnection] thread 286: Received non-IO message from client: org.gradle.launcher.daemon.protocol.Finished@68fdda5c
2026-04-29T00:08:47.048+0300 [DEBUG] [org.gradle.launcher.daemon.server.DefaultIncomingConnectionHandler] Received finished message: org.gradle.launcher.daemon.protocol.Finished@68fdda5c
2026-04-29T00:08:47.048+0300 [DEBUG] [org.gradle.internal.remote.internal.inet.SocketConnection] Discarding EOFException: java.io.EOFException
2026-04-29T00:08:47.048+0300 [DEBUG] [org.gradle.launcher.daemon.server.SynchronizedDispatchConnection] thread 286: received null
2026-04-29T00:08:47.049+0300 [DEBUG] [org.gradle.launcher.daemon.server.DefaultDaemonConnection] thread 286: Received end-of-input from client.
2026-04-29T00:08:47.048+0300 [DEBUG] [org.gradle.launcher.daemon.server.SynchronizedDispatchConnection] thread 285: stopping connection
2026-04-29T00:08:47.050+0300 [DEBUG] [org.gradle.launcher.daemon.server.SynchronizedDispatchConnection] thread 285: stopping connection
2026-04-29T00:08:48.138+0300 [DEBUG] [org.gradle.cache.internal.DefaultFileLockManager] Waiting to acquire shared lock on daemon addresses registry.
2026-04-29T00:08:48.138+0300 [DEBUG] [org.gradle.cache.internal.DefaultFileLockManager] Lock acquired on daemon addresses registry.
2026-04-29T00:08:48.140+0300 [DEBUG] [org.gradle.cache.internal.DefaultFileLockManager] Releasing lock on daemon addresses registry.
2026-04-29T00:08:48.146+0300 [DEBUG] [org.gradle.cache.internal.DefaultFileLockManager] Waiting to acquire shared lock on daemon addresses registry.
2026-04-29T00:08:48.147+0300 [DEBUG] [org.gradle.cache.internal.DefaultFileLockManager] Lock acquired on daemon addresses registry.
2026-04-29T00:08:48.148+0300 [DEBUG] [org.gradle.cache.internal.DefaultFileLockManager] Releasing lock on daemon addresses registry.
2026-04-29T00:08:49.202+0300 [DEBUG] [org.gradle.process.internal.health.memory.DefaultMemoryManager] 1693924966 physical memory requested, 1312587776 free
2026-04-29T00:08:49.202+0300 [DEBUG] [org.gradle.workers.internal.WorkerDaemonExpiration] Will attempt to release 1615 of memory
2026-04-29T00:08:49.203+0300 [DEBUG] [org.gradle.process.internal.health.memory.DefaultMemoryManager] 1693924966 physical memory requested, 0 released, 1312587776 free
2026-04-29T00:08:49.203+0300 [DEBUG] [org.gradle.process.internal.health.memory.DefaultMemoryManager] 1855869747 virtual memory requested, 1420345344 free
2026-04-29T00:08:49.203+0300 [DEBUG] [org.gradle.workers.internal.WorkerDaemonExpiration] Will attempt to release 1769 of memory
2026-04-29T00:08:49.203+0300 [DEBUG] [org.gradle.process.internal.health.memory.DefaultMemoryManager] 1855869747 virtual memory requested, 0 released, 1420345344 free
2026-04-29T00:08:54.203+0300 [DEBUG] [org.gradle.process.internal.health.memory.DefaultMemoryManager] 1693924966 physical memory requested, 1322921984 free
2026-04-29T00:08:54.203+0300 [DEBUG] [org.gradle.workers.internal.WorkerDaemonExpiration] Will attempt to release 1615 of memory
2026-04-29T00:08:54.203+0300 [DEBUG] [org.gradle.process.internal.health.memory.DefaultMemoryManager] 1693924966 physical memory requested, 0 released, 1322921984 free
2026-04-29T00:08:54.203+0300 [DEBUG] [org.gradle.process.internal.health.memory.DefaultMemoryManager] 1855869747 virtual memory requested, 1432788992 free
2026-04-29T00:08:54.203+0300 [DEBUG] [org.gradle.workers.internal.WorkerDaemonExpiration] Will attempt to release 1769 of memory
2026-04-29T00:08:54.203+0300 [DEBUG] [org.gradle.process.internal.health.memory.DefaultMemoryManager] 1855869747 virtual memory requested, 0 released, 1432788992 free
2026-04-29T00:08:58.138+0300 [DEBUG] [org.gradle.cache.internal.DefaultFileLockManager] Waiting to acquire shared lock on daemon addresses registry.
2026-04-29T00:08:58.138+0300 [DEBUG] [org.gradle.cache.internal.DefaultFileLockManager] Lock acquired on daemon addresses registry.
2026-04-29T00:08:58.139+0300 [DEBUG] [org.gradle.cache.internal.DefaultFileLockManager] Releasing lock on daemon addresses registry.
2026-04-29T00:08:58.141+0300 [DEBUG] [org.gradle.cache.internal.DefaultFileLockManager] Waiting to acquire shared lock on daemon addresses registry.
2026-04-29T00:08:58.142+0300 [DEBUG] [org.gradle.cache.internal.DefaultFileLockManager] Lock acquired on daemon addresses registry.
2026-04-29T00:08:58.142+0300 [DEBUG] [org.gradle.cache.internal.DefaultFileLockManager] Releasing lock on daemon addresses registry.
2026-04-29T00:08:58.145+0300 [DEBUG] [org.gradle.cache.internal.DefaultFileLockManager] Waiting to acquire shared lock on daemon addresses registry.
2026-04-29T00:08:58.145+0300 [DEBUG] [org.gradle.cache.internal.DefaultFileLockManager] Lock acquired on daemon addresses registry.
2026-04-29T00:08:58.146+0300 [DEBUG] [org.gradle.cache.internal.DefaultFileLockManager] Releasing lock on daemon addresses registry.
2026-04-29T00:08:59.202+0300 [DEBUG] [org.gradle.process.internal.health.memory.DefaultMemoryManager] 1693924966 physical memory requested, 1329512448 free
2026-04-29T00:08:59.202+0300 [DEBUG] [org.gradle.workers.internal.WorkerDaemonExpiration] Will attempt to release 1615 of memory
2026-04-29T00:08:59.202+0300 [DEBUG] [org.gradle.process.internal.health.memory.DefaultMemoryManager] 1693924966 physical memory requested, 0 released, 1329512448 free
2026-04-29T00:08:59.202+0300 [DEBUG] [org.gradle.process.internal.health.memory.DefaultMemoryManager] 1855869747 virtual memory requested, 1432076288 free
2026-04-29T00:08:59.203+0300 [DEBUG] [org.gradle.workers.internal.WorkerDaemonExpiration] Will attempt to release 1769 of memory
2026-04-29T00:08:59.203+0300 [DEBUG] [org.gradle.process.internal.health.memory.DefaultMemoryManager] 1855869747 virtual memory requested, 0 released, 1432076288 free
2026-04-29T00:09:04.203+0300 [DEBUG] [org.gradle.process.internal.health.memory.DefaultMemoryManager] 1693924966 physical memory requested, 1349099520 free
2026-04-29T00:09:04.203+0300 [DEBUG] [org.gradle.workers.internal.WorkerDaemonExpiration] Will attempt to release 1615 of memory
2026-04-29T00:09:04.203+0300 [DEBUG] [org.gradle.process.internal.health.memory.DefaultMemoryManager] 1693924966 physical memory requested, 0 released, 1349099520 free
2026-04-29T00:09:04.204+0300 [DEBUG] [org.gradle.process.internal.health.memory.DefaultMemoryManager] 1855869747 virtual memory requested, 1433624576 free
2026-04-29T00:09:04.204+0300 [DEBUG] [org.gradle.workers.internal.WorkerDaemonExpiration] Will attempt to release 1769 of memory
2026-04-29T00:09:04.204+0300 [DEBUG] [org.gradle.process.internal.health.memory.DefaultMemoryManager] 1855869747 virtual memory requested, 0 released, 1433624576 free
2026-04-29T00:09:08.140+0300 [DEBUG] [org.gradle.cache.internal.DefaultFileLockManager] Waiting to acquire shared lock on daemon addresses registry.
2026-04-29T00:09:08.140+0300 [DEBUG] [org.gradle.cache.internal.DefaultFileLockManager] Lock acquired on daemon addresses registry.
2026-04-29T00:09:08.141+0300 [DEBUG] [org.gradle.cache.internal.DefaultFileLockManager] Releasing lock on daemon addresses registry.
2026-04-29T00:09:08.145+0300 [DEBUG] [org.gradle.cache.internal.DefaultFileLockManager] Waiting to acquire shared lock on daemon addresses registry.
2026-04-29T00:09:08.146+0300 [DEBUG] [org.gradle.cache.internal.DefaultFileLockManager] Lock acquired on daemon addresses registry.
2026-04-29T00:09:08.146+0300 [DEBUG] [org.gradle.cache.internal.DefaultFileLockManager] Releasing lock on daemon addresses registry.
2026-04-29T00:09:08.149+0300 [DEBUG] [org.gradle.cache.internal.DefaultFileLockManager] Waiting to acquire shared lock on daemon addresses registry.
2026-04-29T00:09:08.150+0300 [DEBUG] [org.gradle.cache.internal.DefaultFileLockManager] Lock acquired on daemon addresses registry.
2026-04-29T00:09:08.151+0300 [DEBUG] [org.gradle.cache.internal.DefaultFileLockManager] Releasing lock on daemon addresses registry.
2026-04-29T00:09:09.203+0300 [DEBUG] [org.gradle.process.internal.health.memory.DefaultMemoryManager] 1693924966 physical memory requested, 1348771840 free
2026-04-29T00:09:09.203+0300 [DEBUG] [org.gradle.workers.internal.WorkerDaemonExpiration] Will attempt to release 1615 of memory
2026-04-29T00:09:09.203+0300 [DEBUG] [org.gradle.process.internal.health.memory.DefaultMemoryManager] 1693924966 physical memory requested, 0 released, 1348771840 free
2026-04-29T00:09:09.204+0300 [DEBUG] [org.gradle.process.internal.health.memory.DefaultMemoryManager] 1855869747 virtual memory requested, 1436610560 free
2026-04-29T00:09:09.204+0300 [DEBUG] [org.gradle.workers.internal.WorkerDaemonExpiration] Will attempt to release 1769 of memory
2026-04-29T00:09:09.204+0300 [DEBUG] [org.gradle.process.internal.health.memory.DefaultMemoryManager] 1855869747 virtual memory requested, 0 released, 1436610560 free
2026-04-29T00:09:11.303+0300 [DEBUG] [sun.rmi.transport.tcp] RMI TCP Connection(11)-127.0.0.1: (port 56662) connection closed
2026-04-29T00:09:11.304+0300 [DEBUG] [sun.rmi.transport.tcp] RMI TCP Connection(11)-127.0.0.1: close connection, socket: Socket[addr=/127.0.0.1,port=49771,localport=56662]
2026-04-29T00:09:11.305+0300 [DEBUG] [sun.rmi.transport.tcp] RMI TCP Connection(11)-127.0.0.1: socket close: Socket[addr=/127.0.0.1,port=49771,localport=56662]
2026-04-29T00:09:13.661+0300 [DEBUG] [sun.rmi.transport.tcp] RMI Scheduler(0): close connection, socket: Socket[addr=localhost/127.0.0.1,port=17764,localport=49763]
2026-04-29T00:09:14.203+0300 [DEBUG] [org.gradle.process.internal.health.memory.DefaultMemoryManager] 1693924966 physical memory requested, 1349660672 free
2026-04-29T00:09:14.203+0300 [DEBUG] [org.gradle.workers.internal.WorkerDaemonExpiration] Will attempt to release 1615 of memory
2026-04-29T00:09:14.203+0300 [DEBUG] [org.gradle.process.internal.health.memory.DefaultMemoryManager] 1693924966 physical memory requested, 0 released, 1349660672 free
2026-04-29T00:09:14.203+0300 [DEBUG] [org.gradle.process.internal.health.memory.DefaultMemoryManager] 1855869747 virtual memory requested, 1437147136 free
2026-04-29T00:09:14.204+0300 [DEBUG] [org.gradle.workers.internal.WorkerDaemonExpiration] Will attempt to release 1769 of memory
2026-04-29T00:09:14.204+0300 [DEBUG] [org.gradle.process.internal.health.memory.DefaultMemoryManager] 1855869747 virtual memory requested, 0 released, 1437147136 free
2026-04-29T00:09:18.141+0300 [DEBUG] [org.gradle.cache.internal.DefaultFileLockManager] Waiting to acquire shared lock on daemon addresses registry.
2026-04-29T00:09:18.141+0300 [DEBUG] [org.gradle.cache.internal.DefaultFileLockManager] Lock acquired on daemon addresses registry.
2026-04-29T00:09:18.142+0300 [DEBUG] [org.gradle.cache.internal.DefaultFileLockManager] Releasing lock on daemon addresses registry.
2026-04-29T00:09:18.145+0300 [DEBUG] [org.gradle.cache.internal.DefaultFileLockManager] Waiting to acquire shared lock on daemon addresses registry.
2026-04-29T00:09:18.145+0300 [DEBUG] [org.gradle.cache.internal.DefaultFileLockManager] Lock acquired on daemon addresses registry.
2026-04-29T00:09:18.146+0300 [DEBUG] [org.gradle.cache.internal.DefaultFileLockManager] Releasing lock on daemon addresses registry.
2026-04-29T00:09:18.148+0300 [DEBUG] [org.gradle.cache.internal.DefaultFileLockManager] Waiting to acquire shared lock on daemon addresses registry.
2026-04-29T00:09:18.149+0300 [DEBUG] [org.gradle.cache.internal.DefaultFileLockManager] Lock acquired on daemon addresses registry.
2026-04-29T00:09:18.149+0300 [DEBUG] [org.gradle.cache.internal.DefaultFileLockManager] Releasing lock on daemon addresses registry.
2026-04-29T00:09:19.205+0300 [DEBUG] [org.gradle.process.internal.health.memory.DefaultMemoryManager] 1693924966 physical memory requested, 1339940864 free
2026-04-29T00:09:19.205+0300 [DEBUG] [org.gradle.workers.internal.WorkerDaemonExpiration] Will attempt to release 1615 of memory
2026-04-29T00:09:19.206+0300 [DEBUG] [org.gradle.process.internal.health.memory.DefaultMemoryManager] 1693924966 physical memory requested, 0 released, 1339940864 free
2026-04-29T00:09:19.206+0300 [DEBUG] [org.gradle.process.internal.health.memory.DefaultMemoryManager] 1855869747 virtual memory requested, 1432346624 free
2026-04-29T00:09:19.206+0300 [DEBUG] [org.gradle.workers.internal.WorkerDaemonExpiration] Will attempt to release 1769 of memory
2026-04-29T00:09:19.207+0300 [DEBUG] [org.gradle.process.internal.health.memory.DefaultMemoryManager] 1855869747 virtual memory requested, 0 released, 1432346624 free
2026-04-29T00:09:24.204+0300 [DEBUG] [org.gradle.process.internal.health.memory.DefaultMemoryManager] 1693924966 physical memory requested, 1327251456 free
2026-04-29T00:09:24.204+0300 [DEBUG] [org.gradle.workers.internal.WorkerDaemonExpiration] Will attempt to release 1615 of memory
2026-04-29T00:09:24.205+0300 [DEBUG] [org.gradle.process.internal.health.memory.DefaultMemoryManager] 1693924966 physical memory requested, 0 released, 1327251456 free
2026-04-29T00:09:24.205+0300 [DEBUG] [org.gradle.process.internal.health.memory.DefaultMemoryManager] 1855869747 virtual memory requested, 1398845440 free
2026-04-29T00:09:24.205+0300 [DEBUG] [org.gradle.workers.internal.WorkerDaemonExpiration] Will attempt to release 1769 of memory
2026-04-29T00:09:24.205+0300 [DEBUG] [org.gradle.process.internal.health.memory.DefaultMemoryManager] 1855869747 virtual memory requested, 0 released, 1398845440 free
2026-04-29T00:09:28.151+0300 [DEBUG] [org.gradle.cache.internal.DefaultFileLockManager] Waiting to acquire shared lock on daemon addresses registry.
2026-04-29T00:09:28.151+0300 [DEBUG] [org.gradle.cache.internal.DefaultFileLockManager] Lock acquired on daemon addresses registry.
2026-04-29T00:09:28.152+0300 [DEBUG] [org.gradle.cache.internal.DefaultFileLockManager] Releasing lock on daemon addresses registry.
2026-04-29T00:09:28.155+0300 [DEBUG] [org.gradle.cache.internal.DefaultFileLockManager] Waiting to acquire shared lock on daemon addresses registry.
2026-04-29T00:09:28.155+0300 [DEBUG] [org.gradle.cache.internal.DefaultFileLockManager] Lock acquired on daemon addresses registry.
2026-04-29T00:09:28.156+0300 [DEBUG] [org.gradle.cache.internal.DefaultFileLockManager] Releasing lock on daemon addresses registry.
2026-04-29T00:09:28.159+0300 [DEBUG] [org.gradle.cache.internal.DefaultFileLockManager] Waiting to acquire shared lock on daemon addresses registry.
2026-04-29T00:09:28.159+0300 [DEBUG] [org.gradle.cache.internal.DefaultFileLockManager] Lock acquired on daemon addresses registry.
2026-04-29T00:09:28.160+0300 [DEBUG] [org.gradle.cache.internal.DefaultFileLockManager] Releasing lock on daemon addresses registry.
2026-04-29T00:09:29.203+0300 [DEBUG] [org.gradle.process.internal.health.memory.DefaultMemoryManager] 1693924966 physical memory requested, 1283698688 free
2026-04-29T00:09:29.203+0300 [DEBUG] [org.gradle.workers.internal.WorkerDaemonExpiration] Will attempt to release 1615 of memory
2026-04-29T00:09:29.203+0300 [DEBUG] [org.gradle.process.internal.health.memory.DefaultMemoryManager] 1693924966 physical memory requested, 0 released, 1283698688 free
2026-04-29T00:09:29.204+0300 [DEBUG] [org.gradle.process.internal.health.memory.DefaultMemoryManager] 1855869747 virtual memory requested, 1346609152 free
2026-04-29T00:09:29.204+0300 [DEBUG] [org.gradle.workers.internal.WorkerDaemonExpiration] Will attempt to release 1769 of memory
2026-04-29T00:09:29.204+0300 [DEBUG] [org.gradle.process.internal.health.memory.DefaultMemoryManager] 1855869747 virtual memory requested, 0 released, 1346609152 free
2026-04-29T00:09:34.214+0300 [DEBUG] [org.gradle.process.internal.health.memory.DefaultMemoryManager] 1693924966 physical memory requested, 1256992768 free
2026-04-29T00:09:34.214+0300 [DEBUG] [org.gradle.workers.internal.WorkerDaemonExpiration] Will attempt to release 1615 of memory
2026-04-29T00:09:34.214+0300 [DEBUG] [org.gradle.process.internal.health.memory.DefaultMemoryManager] 1693924966 physical memory requested, 0 released, 1256992768 free
2026-04-29T00:09:34.214+0300 [DEBUG] [org.gradle.process.internal.health.memory.DefaultMemoryManager] 1855869747 virtual memory requested, 1329848320 free
2026-04-29T00:09:34.214+0300 [DEBUG] [org.gradle.workers.internal.WorkerDaemonExpiration] Will attempt to release 1769 of memory
2026-04-29T00:09:34.215+0300 [DEBUG] [org.gradle.process.internal.health.memory.DefaultMemoryManager] 1855869747 virtual memory requested, 0 released, 1329848320 free
2026-04-29T00:09:38.145+0300 [DEBUG] [org.gradle.cache.internal.DefaultFileLockManager] Waiting to acquire shared lock on daemon addresses registry.
2026-04-29T00:09:38.145+0300 [DEBUG] [org.gradle.cache.internal.DefaultFileLockManager] Lock acquired on daemon addresses registry.
2026-04-29T00:09:38.145+0300 [DEBUG] [org.gradle.cache.internal.DefaultFileLockManager] Releasing lock on daemon addresses registry.
2026-04-29T00:09:38.147+0300 [DEBUG] [org.gradle.cache.internal.DefaultFileLockManager] Waiting to acquire shared lock on daemon addresses registry.
2026-04-29T00:09:38.147+0300 [DEBUG] [org.gradle.cache.internal.DefaultFileLockManager] Lock acquired on daemon addresses registry.
2026-04-29T00:09:38.148+0300 [DEBUG] [org.gradle.cache.internal.DefaultFileLockManager] Releasing lock on daemon addresses registry.
2026-04-29T00:09:38.149+0300 [DEBUG] [org.gradle.cache.internal.DefaultFileLockManager] Waiting to acquire shared lock on daemon addresses registry.
2026-04-29T00:09:38.150+0300 [DEBUG] [org.gradle.cache.internal.DefaultFileLockManager] Lock acquired on daemon addresses registry.
2026-04-29T00:09:38.150+0300 [DEBUG] [org.gradle.cache.internal.DefaultFileLockManager] Releasing lock on daemon addresses registry.
2026-04-29T00:09:39.205+0300 [DEBUG] [org.gradle.process.internal.health.memory.DefaultMemoryManager] 1693924966 physical memory requested, 1430929408 free
2026-04-29T00:09:39.206+0300 [DEBUG] [org.gradle.workers.internal.WorkerDaemonExpiration] Will attempt to release 1615 of memory
2026-04-29T00:09:39.206+0300 [DEBUG] [org.gradle.process.internal.health.memory.DefaultMemoryManager] 1693924966 physical memory requested, 0 released, 1430929408 free
2026-04-29T00:09:39.206+0300 [DEBUG] [org.gradle.process.internal.health.memory.DefaultMemoryManager] 1855869747 virtual memory requested, 1448284160 free
2026-04-29T00:09:39.206+0300 [DEBUG] [org.gradle.workers.internal.WorkerDaemonExpiration] Will attempt to release 1769 of memory
2026-04-29T00:09:39.206+0300 [DEBUG] [org.gradle.process.internal.health.memory.DefaultMemoryManager] 1855869747 virtual memory requested, 0 released, 1448284160 free
2026-04-29T00:09:44.220+0300 [DEBUG] [org.gradle.process.internal.health.memory.DefaultMemoryManager] 1693924966 physical memory requested, 1455955968 free
2026-04-29T00:09:44.220+0300 [DEBUG] [org.gradle.workers.internal.WorkerDaemonExpiration] Will attempt to release 1615 of memory
2026-04-29T00:09:44.220+0300 [DEBUG] [org.gradle.process.internal.health.memory.DefaultMemoryManager] 1693924966 physical memory requested, 0 released, 1455955968 free
2026-04-29T00:09:44.220+0300 [DEBUG] [org.gradle.process.internal.health.memory.DefaultMemoryManager] 1855869747 virtual memory requested, 1452355584 free
2026-04-29T00:09:44.220+0300 [DEBUG] [org.gradle.workers.internal.WorkerDaemonExpiration] Will attempt to release 1769 of memory
2026-04-29T00:09:44.221+0300 [DEBUG] [org.gradle.process.internal.health.memory.DefaultMemoryManager] 1855869747 virtual memory requested, 0 released, 1452355584 free
2026-04-29T00:09:48.149+0300 [DEBUG] [org.gradle.cache.internal.DefaultFileLockManager] Waiting to acquire shared lock on daemon addresses registry.
2026-04-29T00:09:48.149+0300 [DEBUG] [org.gradle.cache.internal.DefaultFileLockManager] Lock acquired on daemon addresses registry.
2026-04-29T00:09:48.149+0300 [DEBUG] [org.gradle.cache.internal.DefaultFileLockManager] Releasing lock on daemon addresses registry.
2026-04-29T00:09:48.152+0300 [DEBUG] [org.gradle.cache.internal.DefaultFileLockManager] Waiting to acquire shared lock on daemon addresses registry.
2026-04-29T00:09:48.152+0300 [DEBUG] [org.gradle.cache.internal.DefaultFileLockManager] Lock acquired on daemon addresses registry.
2026-04-29T00:09:48.153+0300 [DEBUG] [org.gradle.cache.internal.DefaultFileLockManager] Releasing lock on daemon addresses registry.
2026-04-29T00:09:48.155+0300 [DEBUG] [org.gradle.cache.internal.DefaultFileLockManager] Waiting to acquire shared lock on daemon addresses registry.
2026-04-29T00:09:48.155+0300 [DEBUG] [org.gradle.cache.internal.DefaultFileLockManager] Lock acquired on daemon addresses registry.
2026-04-29T00:09:48.156+0300 [DEBUG] [org.gradle.cache.internal.DefaultFileLockManager] Releasing lock on daemon addresses registry.
2026-04-29T00:09:49.206+0300 [DEBUG] [org.gradle.process.internal.health.memory.DefaultMemoryManager] 1693924966 physical memory requested, 1442705408 free
2026-04-29T00:09:49.206+0300 [DEBUG] [org.gradle.workers.internal.WorkerDaemonExpiration] Will attempt to release 1615 of memory
2026-04-29T00:09:49.206+0300 [DEBUG] [org.gradle.process.internal.health.memory.DefaultMemoryManager] 1693924966 physical memory requested, 0 released, 1442705408 free
2026-04-29T00:09:49.206+0300 [DEBUG] [org.gradle.process.internal.health.memory.DefaultMemoryManager] 1855869747 virtual memory requested, 1451134976 free
2026-04-29T00:09:49.206+0300 [DEBUG] [org.gradle.workers.internal.WorkerDaemonExpiration] Will attempt to release 1769 of memory
2026-04-29T00:09:49.206+0300 [DEBUG] [org.gradle.process.internal.health.memory.DefaultMemoryManager] 1855869747 virtual memory requested, 0 released, 1451134976 free
2026-04-29T00:09:54.204+0300 [DEBUG] [org.gradle.process.internal.health.memory.DefaultMemoryManager] 1693924966 physical memory requested, 1438617600 free
2026-04-29T00:09:54.205+0300 [DEBUG] [org.gradle.workers.internal.WorkerDaemonExpiration] Will attempt to release 1615 of memory
2026-04-29T00:09:54.205+0300 [DEBUG] [org.gradle.process.internal.health.memory.DefaultMemoryManager] 1693924966 physical memory requested, 0 released, 1438617600 free
2026-04-29T00:09:54.205+0300 [DEBUG] [org.gradle.process.internal.health.memory.DefaultMemoryManager] 1855869747 virtual memory requested, 1457901568 free
2026-04-29T00:09:54.206+0300 [DEBUG] [org.gradle.workers.internal.WorkerDaemonExpiration] Will attempt to release 1769 of memory
2026-04-29T00:09:54.206+0300 [DEBUG] [org.gradle.process.internal.health.memory.DefaultMemoryManager] 1855869747 virtual memory requested, 0 released, 1457901568 free
2026-04-29T00:09:58.140+0300 [DEBUG] [org.gradle.cache.internal.DefaultFileLockManager] Waiting to acquire shared lock on daemon addresses registry.
2026-04-29T00:09:58.140+0300 [DEBUG] [org.gradle.cache.internal.DefaultFileLockManager] Lock acquired on daemon addresses registry.
2026-04-29T00:09:58.141+0300 [DEBUG] [org.gradle.cache.internal.DefaultFileLockManager] Releasing lock on daemon addresses registry.
2026-04-29T00:09:58.143+0300 [DEBUG] [org.gradle.cache.internal.DefaultFileLockManager] Waiting to acquire shared lock on daemon addresses registry.
2026-04-29T00:09:58.143+0300 [DEBUG] [org.gradle.cache.internal.DefaultFileLockManager] Lock acquired on daemon addresses registry.
2026-04-29T00:09:58.144+0300 [DEBUG] [org.gradle.cache.internal.DefaultFileLockManager] Releasing lock on daemon addresses registry.
2026-04-29T00:09:58.147+0300 [DEBUG] [org.gradle.cache.internal.DefaultFileLockManager] Waiting to acquire shared lock on daemon addresses registry.
2026-04-29T00:09:58.149+0300 [DEBUG] [org.gradle.cache.internal.DefaultFileLockManager] Lock acquired on daemon addresses registry.
2026-04-29T00:09:58.150+0300 [DEBUG] [org.gradle.cache.internal.DefaultFileLockManager] Releasing lock on daemon addresses registry.
2026-04-29T00:09:59.204+0300 [DEBUG] [org.gradle.process.internal.health.memory.DefaultMemoryManager] 1693924966 physical memory requested, 1466961920 free
2026-04-29T00:09:59.204+0300 [DEBUG] [org.gradle.workers.internal.WorkerDaemonExpiration] Will attempt to release 1615 of memory
2026-04-29T00:09:59.204+0300 [DEBUG] [org.gradle.process.internal.health.memory.DefaultMemoryManager] 1693924966 physical memory requested, 0 released, 1466961920 free
2026-04-29T00:09:59.204+0300 [DEBUG] [org.gradle.process.internal.health.memory.DefaultMemoryManager] 1855869747 virtual memory requested, 1468477440 free
2026-04-29T00:09:59.204+0300 [DEBUG] [org.gradle.workers.internal.WorkerDaemonExpiration] Will attempt to release 1769 of memory
2026-04-29T00:09:59.204+0300 [DEBUG] [org.gradle.process.internal.health.memory.DefaultMemoryManager] 1855869747 virtual memory requested, 0 released, 1468477440 free
2026-04-29T00:10:04.204+0300 [DEBUG] [org.gradle.process.internal.health.memory.DefaultMemoryManager] 1693924966 physical memory requested, 1398824960 free
2026-04-29T00:10:04.204+0300 [DEBUG] [org.gradle.workers.internal.WorkerDaemonExpiration] Will attempt to release 1615 of memory
2026-04-29T00:10:04.204+0300 [DEBUG] [org.gradle.process.internal.health.memory.DefaultMemoryManager] 1693924966 physical memory requested, 0 released, 1398824960 free
2026-04-29T00:10:04.205+0300 [DEBUG] [org.gradle.process.internal.health.memory.DefaultMemoryManager] 1855869747 virtual memory requested, 1254092800 free
2026-04-29T00:10:04.205+0300 [DEBUG] [org.gradle.workers.internal.WorkerDaemonExpiration] Will attempt to release 1769 of memory
2026-04-29T00:10:04.205+0300 [DEBUG] [org.gradle.process.internal.health.memory.DefaultMemoryManager] 1855869747 virtual memory requested, 0 released, 1254092800 free
2026-04-29T00:10:08.142+0300 [DEBUG] [org.gradle.cache.internal.DefaultFileLockManager] Waiting to acquire shared lock on daemon addresses registry.
2026-04-29T00:10:08.142+0300 [DEBUG] [org.gradle.cache.internal.DefaultFileLockManager] Lock acquired on daemon addresses registry.
2026-04-29T00:10:08.144+0300 [DEBUG] [org.gradle.cache.internal.DefaultFileLockManager] Releasing lock on daemon addresses registry.
2026-04-29T00:10:08.148+0300 [DEBUG] [org.gradle.cache.internal.DefaultFileLockManager] Waiting to acquire shared lock on daemon addresses registry.
2026-04-29T00:10:08.149+0300 [DEBUG] [org.gradle.cache.internal.DefaultFileLockManager] Lock acquired on daemon addresses registry.
2026-04-29T00:10:08.150+0300 [DEBUG] [org.gradle.cache.internal.DefaultFileLockManager] Releasing lock on daemon addresses registry.
2026-04-29T00:10:08.155+0300 [DEBUG] [org.gradle.cache.internal.DefaultFileLockManager] Waiting to acquire shared lock on daemon addresses registry.
2026-04-29T00:10:08.156+0300 [DEBUG] [org.gradle.cache.internal.DefaultFileLockManager] Lock acquired on daemon addresses registry.
2026-04-29T00:10:08.157+0300 [DEBUG] [org.gradle.cache.internal.DefaultFileLockManager] Releasing lock on daemon addresses registry.
2026-04-29T00:10:09.204+0300 [DEBUG] [org.gradle.process.internal.health.memory.DefaultMemoryManager] 1693924966 physical memory requested, 1577897984 free
2026-04-29T00:10:09.204+0300 [DEBUG] [org.gradle.workers.internal.WorkerDaemonExpiration] Will attempt to release 1615 of memory
2026-04-29T00:10:09.204+0300 [DEBUG] [org.gradle.process.internal.health.memory.DefaultMemoryManager] 1693924966 physical memory requested, 0 released, 1577897984 free
2026-04-29T00:10:09.205+0300 [DEBUG] [org.gradle.process.internal.health.memory.DefaultMemoryManager] 1855869747 virtual memory requested, 1688051712 free
2026-04-29T00:10:09.205+0300 [DEBUG] [org.gradle.workers.internal.WorkerDaemonExpiration] Will attempt to release 1769 of memory
2026-04-29T00:10:09.205+0300 [DEBUG] [org.gradle.process.internal.health.memory.DefaultMemoryManager] 1855869747 virtual memory requested, 0 released, 1688051712 free
2026-04-29T00:10:18.140+0300 [DEBUG] [org.gradle.cache.internal.DefaultFileLockManager] Waiting to acquire shared lock on daemon addresses registry.
2026-04-29T00:10:18.140+0300 [DEBUG] [org.gradle.cache.internal.DefaultFileLockManager] Lock acquired on daemon addresses registry.
2026-04-29T00:10:18.141+0300 [DEBUG] [org.gradle.cache.internal.DefaultFileLockManager] Releasing lock on daemon addresses registry.
2026-04-29T00:10:18.143+0300 [DEBUG] [org.gradle.cache.internal.DefaultFileLockManager] Waiting to acquire shared lock on daemon addresses registry.
2026-04-29T00:10:18.143+0300 [DEBUG] [org.gradle.cache.internal.DefaultFileLockManager] Lock acquired on daemon addresses registry.
2026-04-29T00:10:18.144+0300 [DEBUG] [org.gradle.cache.internal.DefaultFileLockManager] Releasing lock on daemon addresses registry.
2026-04-29T00:10:18.146+0300 [DEBUG] [org.gradle.cache.internal.DefaultFileLockManager] Waiting to acquire shared lock on daemon addresses registry.
2026-04-29T00:10:18.146+0300 [DEBUG] [org.gradle.cache.internal.DefaultFileLockManager] Lock acquired on daemon addresses registry.
2026-04-29T00:10:18.147+0300 [DEBUG] [org.gradle.cache.internal.DefaultFileLockManager] Releasing lock on daemon addresses registry.
2026-04-29T00:10:28.142+0300 [DEBUG] [org.gradle.cache.internal.DefaultFileLockManager] Waiting to acquire shared lock on daemon addresses registry.
2026-04-29T00:10:28.143+0300 [DEBUG] [org.gradle.cache.internal.DefaultFileLockManager] Lock acquired on daemon addresses registry.
2026-04-29T00:10:28.144+0300 [DEBUG] [org.gradle.cache.internal.DefaultFileLockManager] Releasing lock on daemon addresses registry.
2026-04-29T00:10:28.150+0300 [DEBUG] [org.gradle.cache.internal.DefaultFileLockManager] Waiting to acquire shared lock on daemon addresses registry.
2026-04-29T00:10:28.151+0300 [DEBUG] [org.gradle.cache.internal.DefaultFileLockManager] Lock acquired on daemon addresses registry.
2026-04-29T00:10:28.152+0300 [DEBUG] [org.gradle.cache.internal.DefaultFileLockManager] Releasing lock on daemon addresses registry.
2026-04-29T00:10:28.155+0300 [DEBUG] [org.gradle.cache.internal.DefaultFileLockManager] Waiting to acquire shared lock on daemon addresses registry.
2026-04-29T00:10:28.156+0300 [DEBUG] [org.gradle.cache.internal.DefaultFileLockManager] Lock acquired on daemon addresses registry.
2026-04-29T00:10:28.157+0300 [DEBUG] [org.gradle.cache.internal.DefaultFileLockManager] Releasing lock on daemon addresses registry.
2026-04-29T00:10:38.141+0300 [DEBUG] [org.gradle.cache.internal.DefaultFileLockManager] Waiting to acquire shared lock on daemon addresses registry.
2026-04-29T00:10:38.141+0300 [DEBUG] [org.gradle.cache.internal.DefaultFileLockManager] Lock acquired on daemon addresses registry.
2026-04-29T00:10:38.142+0300 [DEBUG] [org.gradle.cache.internal.DefaultFileLockManager] Releasing lock on daemon addresses registry.
2026-04-29T00:10:38.145+0300 [DEBUG] [org.gradle.cache.internal.DefaultFileLockManager] Waiting to acquire shared lock on daemon addresses registry.
2026-04-29T00:10:38.145+0300 [DEBUG] [org.gradle.cache.internal.DefaultFileLockManager] Lock acquired on daemon addresses registry.
2026-04-29T00:10:38.146+0300 [DEBUG] [org.gradle.cache.internal.DefaultFileLockManager] Releasing lock on daemon addresses registry.
2026-04-29T00:10:38.149+0300 [DEBUG] [org.gradle.cache.internal.DefaultFileLockManager] Waiting to acquire shared lock on daemon addresses registry.
2026-04-29T00:10:38.149+0300 [DEBUG] [org.gradle.cache.internal.DefaultFileLockManager] Lock acquired on daemon addresses registry.
2026-04-29T00:10:38.150+0300 [DEBUG] [org.gradle.cache.internal.DefaultFileLockManager] Releasing lock on daemon addresses registry.
2026-04-29T00:10:48.143+0300 [DEBUG] [org.gradle.cache.internal.DefaultFileLockManager] Waiting to acquire shared lock on daemon addresses registry.
2026-04-29T00:10:48.144+0300 [DEBUG] [org.gradle.cache.internal.DefaultFileLockManager] Lock acquired on daemon addresses registry.
2026-04-29T00:10:48.144+0300 [DEBUG] [org.gradle.cache.internal.DefaultFileLockManager] Releasing lock on daemon addresses registry.
2026-04-29T00:10:48.149+0300 [DEBUG] [org.gradle.cache.internal.DefaultFileLockManager] Waiting to acquire shared lock on daemon addresses registry.
2026-04-29T00:10:48.150+0300 [DEBUG] [org.gradle.cache.internal.DefaultFileLockManager] Lock acquired on daemon addresses registry.
2026-04-29T00:10:48.151+0300 [DEBUG] [org.gradle.cache.internal.DefaultFileLockManager] Releasing lock on daemon addresses registry.
2026-04-29T00:10:48.155+0300 [DEBUG] [org.gradle.cache.internal.DefaultFileLockManager] Waiting to acquire shared lock on daemon addresses registry.
2026-04-29T00:10:48.156+0300 [DEBUG] [org.gradle.cache.internal.DefaultFileLockManager] Lock acquired on daemon addresses registry.
2026-04-29T00:10:48.156+0300 [DEBUG] [org.gradle.cache.internal.DefaultFileLockManager] Releasing lock on daemon addresses registry.
2026-04-29T00:10:58.141+0300 [DEBUG] [org.gradle.cache.internal.DefaultFileLockManager] Waiting to acquire shared lock on daemon addresses registry.
2026-04-29T00:10:58.142+0300 [DEBUG] [org.gradle.cache.internal.DefaultFileLockManager] Lock acquired on daemon addresses registry.
2026-04-29T00:10:58.143+0300 [DEBUG] [org.gradle.cache.internal.DefaultFileLockManager] Releasing lock on daemon addresses registry.
2026-04-29T00:10:58.147+0300 [DEBUG] [org.gradle.cache.internal.DefaultFileLockManager] Waiting to acquire shared lock on daemon addresses registry.
2026-04-29T00:10:58.147+0300 [DEBUG] [org.gradle.cache.internal.DefaultFileLockManager] Lock acquired on daemon addresses registry.
2026-04-29T00:10:58.148+0300 [DEBUG] [org.gradle.cache.internal.DefaultFileLockManager] Releasing lock on daemon addresses registry.
2026-04-29T00:10:58.151+0300 [DEBUG] [org.gradle.cache.internal.DefaultFileLockManager] Waiting to acquire shared lock on daemon addresses registry.
2026-04-29T00:10:58.152+0300 [DEBUG] [org.gradle.cache.internal.DefaultFileLockManager] Lock acquired on daemon addresses registry.
2026-04-29T00:10:58.153+0300 [DEBUG] [org.gradle.cache.internal.DefaultFileLockManager] Releasing lock on daemon addresses registry.
2026-04-29T00:11:08.141+0300 [DEBUG] [org.gradle.cache.internal.DefaultFileLockManager] Waiting to acquire shared lock on daemon addresses registry.
2026-04-29T00:11:08.141+0300 [DEBUG] [org.gradle.cache.internal.DefaultFileLockManager] Lock acquired on daemon addresses registry.
2026-04-29T00:11:08.142+0300 [DEBUG] [org.gradle.cache.internal.DefaultFileLockManager] Releasing lock on daemon addresses registry.
2026-04-29T00:11:08.144+0300 [DEBUG] [org.gradle.cache.internal.DefaultFileLockManager] Waiting to acquire shared lock on daemon addresses registry.
2026-04-29T00:11:08.145+0300 [DEBUG] [org.gradle.cache.internal.DefaultFileLockManager] Lock acquired on daemon addresses registry.
2026-04-29T00:11:08.145+0300 [DEBUG] [org.gradle.cache.internal.DefaultFileLockManager] Releasing lock on daemon addresses registry.
2026-04-29T00:11:08.147+0300 [DEBUG] [org.gradle.cache.internal.DefaultFileLockManager] Waiting to acquire shared lock on daemon addresses registry.
2026-04-29T00:11:08.148+0300 [DEBUG] [org.gradle.cache.internal.DefaultFileLockManager] Lock acquired on daemon addresses registry.
2026-04-29T00:11:08.148+0300 [DEBUG] [org.gradle.cache.internal.DefaultFileLockManager] Releasing lock on daemon addresses registry.
2026-04-29T00:11:18.141+0300 [DEBUG] [org.gradle.cache.internal.DefaultFileLockManager] Waiting to acquire shared lock on daemon addresses registry.
2026-04-29T00:11:18.141+0300 [DEBUG] [org.gradle.cache.internal.DefaultFileLockManager] Lock acquired on daemon addresses registry.
2026-04-29T00:11:18.142+0300 [DEBUG] [org.gradle.cache.internal.DefaultFileLockManager] Releasing lock on daemon addresses registry.
2026-04-29T00:11:18.145+0300 [DEBUG] [org.gradle.cache.internal.DefaultFileLockManager] Waiting to acquire shared lock on daemon addresses registry.
2026-04-29T00:11:18.145+0300 [DEBUG] [org.gradle.cache.internal.DefaultFileLockManager] Lock acquired on daemon addresses registry.
2026-04-29T00:11:18.146+0300 [DEBUG] [org.gradle.cache.internal.DefaultFileLockManager] Releasing lock on daemon addresses registry.
2026-04-29T00:11:18.147+0300 [DEBUG] [org.gradle.cache.internal.DefaultFileLockManager] Waiting to acquire shared lock on daemon addresses registry.
2026-04-29T00:11:18.148+0300 [DEBUG] [org.gradle.cache.internal.DefaultFileLockManager] Lock acquired on daemon addresses registry.
2026-04-29T00:11:18.148+0300 [DEBUG] [org.gradle.cache.internal.DefaultFileLockManager] Releasing lock on daemon addresses registry.
2026-04-29T00:11:28.140+0300 [DEBUG] [org.gradle.cache.internal.DefaultFileLockManager] Waiting to acquire shared lock on daemon addresses registry.
2026-04-29T00:11:28.140+0300 [DEBUG] [org.gradle.cache.internal.DefaultFileLockManager] Lock acquired on daemon addresses registry.
2026-04-29T00:11:28.141+0300 [DEBUG] [org.gradle.cache.internal.DefaultFileLockManager] Releasing lock on daemon addresses registry.
2026-04-29T00:11:28.145+0300 [DEBUG] [org.gradle.cache.internal.DefaultFileLockManager] Waiting to acquire shared lock on daemon addresses registry.
2026-04-29T00:11:28.146+0300 [DEBUG] [org.gradle.cache.internal.DefaultFileLockManager] Lock acquired on daemon addresses registry.
2026-04-29T00:11:28.146+0300 [DEBUG] [org.gradle.cache.internal.DefaultFileLockManager] Releasing lock on daemon addresses registry.
2026-04-29T00:11:28.149+0300 [DEBUG] [org.gradle.cache.internal.DefaultFileLockManager] Waiting to acquire shared lock on daemon addresses registry.
2026-04-29T00:11:28.149+0300 [DEBUG] [org.gradle.cache.internal.DefaultFileLockManager] Lock acquired on daemon addresses registry.
2026-04-29T00:11:28.150+0300 [DEBUG] [org.gradle.cache.internal.DefaultFileLockManager] Releasing lock on daemon addresses registry.
2026-04-29T00:11:38.142+0300 [DEBUG] [org.gradle.cache.internal.DefaultFileLockManager] Waiting to acquire shared lock on daemon addresses registry.
2026-04-29T00:11:38.142+0300 [DEBUG] [org.gradle.cache.internal.DefaultFileLockManager] Lock acquired on daemon addresses registry.
2026-04-29T00:11:38.143+0300 [DEBUG] [org.gradle.cache.internal.DefaultFileLockManager] Releasing lock on daemon addresses registry.
2026-04-29T00:11:38.146+0300 [DEBUG] [org.gradle.cache.internal.DefaultFileLockManager] Waiting to acquire shared lock on daemon addresses registry.
2026-04-29T00:11:38.146+0300 [DEBUG] [org.gradle.cache.internal.DefaultFileLockManager] Lock acquired on daemon addresses registry.
2026-04-29T00:11:38.147+0300 [DEBUG] [org.gradle.cache.internal.DefaultFileLockManager] Releasing lock on daemon addresses registry.
2026-04-29T00:11:38.150+0300 [DEBUG] [org.gradle.cache.internal.DefaultFileLockManager] Waiting to acquire shared lock on daemon addresses registry.
2026-04-29T00:11:38.150+0300 [DEBUG] [org.gradle.cache.internal.DefaultFileLockManager] Lock acquired on daemon addresses registry.
2026-04-29T00:11:38.151+0300 [DEBUG] [org.gradle.cache.internal.DefaultFileLockManager] Releasing lock on daemon addresses registry.
2026-04-29T00:11:39.206+0300 [DEBUG] [org.gradle.process.internal.health.memory.DefaultMemoryManager] 1693924966 physical memory requested, 1629622272 free
2026-04-29T00:11:39.206+0300 [DEBUG] [org.gradle.workers.internal.WorkerDaemonExpiration] Will attempt to release 1615 of memory
2026-04-29T00:11:39.206+0300 [DEBUG] [org.gradle.process.internal.health.memory.DefaultMemoryManager] 1693924966 physical memory requested, 0 released, 1629622272 free
2026-04-29T00:11:39.206+0300 [DEBUG] [org.gradle.process.internal.health.memory.DefaultMemoryManager] 1855869747 virtual memory requested, 1699270656 free
2026-04-29T00:11:39.207+0300 [DEBUG] [org.gradle.workers.internal.WorkerDaemonExpiration] Will attempt to release 1769 of memory
2026-04-29T00:11:39.207+0300 [DEBUG] [org.gradle.process.internal.health.memory.DefaultMemoryManager] 1855869747 virtual memory requested, 0 released, 1699270656 free
2026-04-29T00:11:44.205+0300 [DEBUG] [org.gradle.process.internal.health.memory.DefaultMemoryManager] 1693924966 physical memory requested, 1532706816 free
2026-04-29T00:11:44.205+0300 [DEBUG] [org.gradle.workers.internal.WorkerDaemonExpiration] Will attempt to release 1615 of memory
2026-04-29T00:11:44.205+0300 [DEBUG] [org.gradle.process.internal.health.memory.DefaultMemoryManager] 1693924966 physical memory requested, 0 released, 1532706816 free
2026-04-29T00:11:44.205+0300 [DEBUG] [org.gradle.process.internal.health.memory.DefaultMemoryManager] 1855869747 virtual memory requested, 1608814592 free
2026-04-29T00:11:44.205+0300 [DEBUG] [org.gradle.workers.internal.WorkerDaemonExpiration] Will attempt to release 1769 of memory
2026-04-29T00:11:44.205+0300 [DEBUG] [org.gradle.process.internal.health.memory.DefaultMemoryManager] 1855869747 virtual memory requested, 0 released, 1608814592 free
2026-04-29T00:11:48.142+0300 [DEBUG] [org.gradle.cache.internal.DefaultFileLockManager] Waiting to acquire shared lock on daemon addresses registry.
2026-04-29T00:11:48.143+0300 [DEBUG] [org.gradle.cache.internal.DefaultFileLockManager] Lock acquired on daemon addresses registry.
2026-04-29T00:11:48.144+0300 [DEBUG] [org.gradle.cache.internal.DefaultFileLockManager] Releasing lock on daemon addresses registry.
2026-04-29T00:11:48.149+0300 [DEBUG] [org.gradle.cache.internal.DefaultFileLockManager] Waiting to acquire shared lock on daemon addresses registry.
2026-04-29T00:11:48.150+0300 [DEBUG] [org.gradle.cache.internal.DefaultFileLockManager] Lock acquired on daemon addresses registry.
2026-04-29T00:11:48.151+0300 [DEBUG] [org.gradle.cache.internal.DefaultFileLockManager] Releasing lock on daemon addresses registry.
2026-04-29T00:11:48.154+0300 [DEBUG] [org.gradle.cache.internal.DefaultFileLockManager] Waiting to acquire shared lock on daemon addresses registry.
2026-04-29T00:11:48.154+0300 [DEBUG] [org.gradle.cache.internal.DefaultFileLockManager] Lock acquired on daemon addresses registry.
2026-04-29T00:11:48.155+0300 [DEBUG] [org.gradle.cache.internal.DefaultFileLockManager] Releasing lock on daemon addresses registry.
2026-04-29T00:11:49.207+0300 [DEBUG] [org.gradle.process.internal.health.memory.DefaultMemoryManager] 1693924966 physical memory requested, 1551519744 free
2026-04-29T00:11:49.207+0300 [DEBUG] [org.gradle.workers.internal.WorkerDaemonExpiration] Will attempt to release 1615 of memory
2026-04-29T00:11:49.207+0300 [DEBUG] [org.gradle.process.internal.health.memory.DefaultMemoryManager] 1693924966 physical memory requested, 0 released, 1551519744 free
2026-04-29T00:11:49.207+0300 [DEBUG] [org.gradle.process.internal.health.memory.DefaultMemoryManager] 1855869747 virtual memory requested, 1619668992 free
2026-04-29T00:11:49.207+0300 [DEBUG] [org.gradle.workers.internal.WorkerDaemonExpiration] Will attempt to release 1769 of memory
2026-04-29T00:11:49.207+0300 [DEBUG] [org.gradle.process.internal.health.memory.DefaultMemoryManager] 1855869747 virtual memory requested, 0 released, 1619668992 free
2026-04-29T00:11:54.206+0300 [DEBUG] [org.gradle.process.internal.health.memory.DefaultMemoryManager] 1693924966 physical memory requested, 1556389888 free
2026-04-29T00:11:54.207+0300 [DEBUG] [org.gradle.workers.internal.WorkerDaemonExpiration] Will attempt to release 1615 of memory
2026-04-29T00:11:54.207+0300 [DEBUG] [org.gradle.process.internal.health.memory.DefaultMemoryManager] 1693924966 physical memory requested, 0 released, 1556389888 free
2026-04-29T00:11:54.207+0300 [DEBUG] [org.gradle.process.internal.health.memory.DefaultMemoryManager] 1855869747 virtual memory requested, 1634185216 free
2026-04-29T00:11:54.207+0300 [DEBUG] [org.gradle.workers.internal.WorkerDaemonExpiration] Will attempt to release 1769 of memory
2026-04-29T00:11:54.207+0300 [DEBUG] [org.gradle.process.internal.health.memory.DefaultMemoryManager] 1855869747 virtual memory requested, 0 released, 1634185216 free
2026-04-29T00:11:58.142+0300 [DEBUG] [org.gradle.cache.internal.DefaultFileLockManager] Waiting to acquire shared lock on daemon addresses registry.
2026-04-29T00:11:58.143+0300 [DEBUG] [org.gradle.cache.internal.DefaultFileLockManager] Lock acquired on daemon addresses registry.
2026-04-29T00:11:58.144+0300 [DEBUG] [org.gradle.cache.internal.DefaultFileLockManager] Releasing lock on daemon addresses registry.
2026-04-29T00:11:58.149+0300 [DEBUG] [org.gradle.cache.internal.DefaultFileLockManager] Waiting to acquire shared lock on daemon addresses registry.
2026-04-29T00:11:58.149+0300 [DEBUG] [org.gradle.cache.internal.DefaultFileLockManager] Lock acquired on daemon addresses registry.
2026-04-29T00:11:58.150+0300 [DEBUG] [org.gradle.cache.internal.DefaultFileLockManager] Releasing lock on daemon addresses registry.
2026-04-29T00:11:58.154+0300 [DEBUG] [org.gradle.cache.internal.DefaultFileLockManager] Waiting to acquire shared lock on daemon addresses registry.
2026-04-29T00:11:58.154+0300 [DEBUG] [org.gradle.cache.internal.DefaultFileLockManager] Lock acquired on daemon addresses registry.
2026-04-29T00:11:58.155+0300 [DEBUG] [org.gradle.cache.internal.DefaultFileLockManager] Releasing lock on daemon addresses registry.
2026-04-29T00:11:59.207+0300 [DEBUG] [org.gradle.process.internal.health.memory.DefaultMemoryManager] 1693924966 physical memory requested, 1563516928 free
2026-04-29T00:11:59.207+0300 [DEBUG] [org.gradle.workers.internal.WorkerDaemonExpiration] Will attempt to release 1615 of memory
2026-04-29T00:11:59.208+0300 [DEBUG] [org.gradle.process.internal.health.memory.DefaultMemoryManager] 1693924966 physical memory requested, 0 released, 1563516928 free
2026-04-29T00:11:59.208+0300 [DEBUG] [org.gradle.process.internal.health.memory.DefaultMemoryManager] 1855869747 virtual memory requested, 1630203904 free
2026-04-29T00:11:59.208+0300 [DEBUG] [org.gradle.workers.internal.WorkerDaemonExpiration] Will attempt to release 1769 of memory
2026-04-29T00:11:59.208+0300 [DEBUG] [org.gradle.process.internal.health.memory.DefaultMemoryManager] 1855869747 virtual memory requested, 0 released, 1630203904 free
2026-04-29T00:12:04.206+0300 [DEBUG] [org.gradle.process.internal.health.memory.DefaultMemoryManager] 1693924966 physical memory requested, 1557942272 free
2026-04-29T00:12:04.207+0300 [DEBUG] [org.gradle.workers.internal.WorkerDaemonExpiration] Will attempt to release 1615 of memory
2026-04-29T00:12:04.207+0300 [DEBUG] [org.gradle.process.internal.health.memory.DefaultMemoryManager] 1693924966 physical memory requested, 0 released, 1557942272 free
2026-04-29T00:12:04.207+0300 [DEBUG] [org.gradle.process.internal.health.memory.DefaultMemoryManager] 1855869747 virtual memory requested, 1633218560 free
2026-04-29T00:12:04.207+0300 [DEBUG] [org.gradle.workers.internal.WorkerDaemonExpiration] Will attempt to release 1769 of memory
2026-04-29T00:12:04.208+0300 [DEBUG] [org.gradle.process.internal.health.memory.DefaultMemoryManager] 1855869747 virtual memory requested, 0 released, 1633218560 free
2026-04-29T00:12:08.144+0300 [DEBUG] [org.gradle.cache.internal.DefaultFileLockManager] Waiting to acquire shared lock on daemon addresses registry.
2026-04-29T00:12:08.144+0300 [DEBUG] [org.gradle.cache.internal.DefaultFileLockManager] Lock acquired on daemon addresses registry.
2026-04-29T00:12:08.145+0300 [DEBUG] [org.gradle.cache.internal.DefaultFileLockManager] Releasing lock on daemon addresses registry.
2026-04-29T00:12:08.148+0300 [DEBUG] [org.gradle.cache.internal.DefaultFileLockManager] Waiting to acquire shared lock on daemon addresses registry.
2026-04-29T00:12:08.149+0300 [DEBUG] [org.gradle.cache.internal.DefaultFileLockManager] Lock acquired on daemon addresses registry.
2026-04-29T00:12:08.150+0300 [DEBUG] [org.gradle.cache.internal.DefaultFileLockManager] Releasing lock on daemon addresses registry.
2026-04-29T00:12:08.153+0300 [DEBUG] [org.gradle.cache.internal.DefaultFileLockManager] Waiting to acquire shared lock on daemon addresses registry.
2026-04-29T00:12:08.154+0300 [DEBUG] [org.gradle.cache.internal.DefaultFileLockManager] Lock acquired on daemon addresses registry.
2026-04-29T00:12:08.155+0300 [DEBUG] [org.gradle.cache.internal.DefaultFileLockManager] Releasing lock on daemon addresses registry.
2026-04-29T00:12:09.206+0300 [DEBUG] [org.gradle.process.internal.health.memory.DefaultMemoryManager] 1693924966 physical memory requested, 1556529152 free
2026-04-29T00:12:09.206+0300 [DEBUG] [org.gradle.workers.internal.WorkerDaemonExpiration] Will attempt to release 1615 of memory
2026-04-29T00:12:09.206+0300 [DEBUG] [org.gradle.process.internal.health.memory.DefaultMemoryManager] 1693924966 physical memory requested, 0 released, 1556529152 free
2026-04-29T00:12:09.207+0300 [DEBUG] [org.gradle.process.internal.health.memory.DefaultMemoryManager] 1855869747 virtual memory requested, 1634603008 free
2026-04-29T00:12:09.207+0300 [DEBUG] [org.gradle.workers.internal.WorkerDaemonExpiration] Will attempt to release 1769 of memory
2026-04-29T00:12:09.207+0300 [DEBUG] [org.gradle.process.internal.health.memory.DefaultMemoryManager] 1855869747 virtual memory requested, 0 released, 1634603008 free
2026-04-29T00:12:14.206+0300 [DEBUG] [org.gradle.process.internal.health.memory.DefaultMemoryManager] 1693924966 physical memory requested, 1555369984 free
2026-04-29T00:12:14.206+0300 [DEBUG] [org.gradle.workers.internal.WorkerDaemonExpiration] Will attempt to release 1615 of memory
2026-04-29T00:12:14.206+0300 [DEBUG] [org.gradle.process.internal.health.memory.DefaultMemoryManager] 1693924966 physical memory requested, 0 released, 1555369984 free
2026-04-29T00:12:14.206+0300 [DEBUG] [org.gradle.process.internal.health.memory.DefaultMemoryManager] 1855869747 virtual memory requested, 1633632256 free
2026-04-29T00:12:14.206+0300 [DEBUG] [org.gradle.workers.internal.WorkerDaemonExpiration] Will attempt to release 1769 of memory
2026-04-29T00:12:14.207+0300 [DEBUG] [org.gradle.process.internal.health.memory.DefaultMemoryManager] 1855869747 virtual memory requested, 0 released, 1633632256 free
2026-04-29T00:12:18.142+0300 [DEBUG] [org.gradle.cache.internal.DefaultFileLockManager] Waiting to acquire shared lock on daemon addresses registry.
2026-04-29T00:12:18.142+0300 [DEBUG] [org.gradle.cache.internal.DefaultFileLockManager] Lock acquired on daemon addresses registry.
2026-04-29T00:12:18.143+0300 [DEBUG] [org.gradle.cache.internal.DefaultFileLockManager] Releasing lock on daemon addresses registry.
2026-04-29T00:12:18.146+0300 [DEBUG] [org.gradle.cache.internal.DefaultFileLockManager] Waiting to acquire shared lock on daemon addresses registry.
2026-04-29T00:12:18.147+0300 [DEBUG] [org.gradle.cache.internal.DefaultFileLockManager] Lock acquired on daemon addresses registry.
2026-04-29T00:12:18.148+0300 [DEBUG] [org.gradle.cache.internal.DefaultFileLockManager] Releasing lock on daemon addresses registry.
2026-04-29T00:12:18.151+0300 [DEBUG] [org.gradle.cache.internal.DefaultFileLockManager] Waiting to acquire shared lock on daemon addresses registry.
2026-04-29T00:12:18.152+0300 [DEBUG] [org.gradle.cache.internal.DefaultFileLockManager] Lock acquired on daemon addresses registry.
2026-04-29T00:12:18.152+0300 [DEBUG] [org.gradle.cache.internal.DefaultFileLockManager] Releasing lock on daemon addresses registry.
2026-04-29T00:12:19.205+0300 [DEBUG] [org.gradle.process.internal.health.memory.DefaultMemoryManager] 1693924966 physical memory requested, 1554563072 free
2026-04-29T00:12:19.206+0300 [DEBUG] [org.gradle.workers.internal.WorkerDaemonExpiration] Will attempt to release 1615 of memory
2026-04-29T00:12:19.206+0300 [DEBUG] [org.gradle.process.internal.health.memory.DefaultMemoryManager] 1693924966 physical memory requested, 0 released, 1554563072 free
2026-04-29T00:12:19.206+0300 [DEBUG] [org.gradle.process.internal.health.memory.DefaultMemoryManager] 1855869747 virtual memory requested, 1635373056 free
2026-04-29T00:12:19.206+0300 [DEBUG] [org.gradle.workers.internal.WorkerDaemonExpiration] Will attempt to release 1769 of memory
2026-04-29T00:12:19.206+0300 [DEBUG] [org.gradle.process.internal.health.memory.DefaultMemoryManager] 1855869747 virtual memory requested, 0 released, 1635373056 free
2026-04-29T00:12:24.205+0300 [DEBUG] [org.gradle.process.internal.health.memory.DefaultMemoryManager] 1693924966 physical memory requested, 1558007808 free
2026-04-29T00:12:24.205+0300 [DEBUG] [org.gradle.workers.internal.WorkerDaemonExpiration] Will attempt to release 1615 of memory
2026-04-29T00:12:24.206+0300 [DEBUG] [org.gradle.process.internal.health.memory.DefaultMemoryManager] 1693924966 physical memory requested, 0 released, 1558007808 free
2026-04-29T00:12:24.206+0300 [DEBUG] [org.gradle.process.internal.health.memory.DefaultMemoryManager] 1855869747 virtual memory requested, 1630613504 free
2026-04-29T00:12:24.206+0300 [DEBUG] [org.gradle.workers.internal.WorkerDaemonExpiration] Will attempt to release 1769 of memory
2026-04-29T00:12:24.206+0300 [DEBUG] [org.gradle.process.internal.health.memory.DefaultMemoryManager] 1855869747 virtual memory requested, 0 released, 1630613504 free
2026-04-29T00:12:28.142+0300 [DEBUG] [org.gradle.cache.internal.DefaultFileLockManager] Waiting to acquire shared lock on daemon addresses registry.
2026-04-29T00:12:28.142+0300 [DEBUG] [org.gradle.cache.internal.DefaultFileLockManager] Lock acquired on daemon addresses registry.
2026-04-29T00:12:28.143+0300 [DEBUG] [org.gradle.cache.internal.DefaultFileLockManager] Releasing lock on daemon addresses registry.
2026-04-29T00:12:28.148+0300 [DEBUG] [org.gradle.cache.internal.DefaultFileLockManager] Waiting to acquire shared lock on daemon addresses registry.
2026-04-29T00:12:28.148+0300 [DEBUG] [org.gradle.cache.internal.DefaultFileLockManager] Lock acquired on daemon addresses registry.
2026-04-29T00:12:28.149+0300 [DEBUG] [org.gradle.cache.internal.DefaultFileLockManager] Releasing lock on daemon addresses registry.
2026-04-29T00:12:28.153+0300 [DEBUG] [org.gradle.cache.internal.DefaultFileLockManager] Waiting to acquire shared lock on daemon addresses registry.
2026-04-29T00:12:28.153+0300 [DEBUG] [org.gradle.cache.internal.DefaultFileLockManager] Lock acquired on daemon addresses registry.
2026-04-29T00:12:28.154+0300 [DEBUG] [org.gradle.cache.internal.DefaultFileLockManager] Releasing lock on daemon addresses registry.
2026-04-29T00:12:29.207+0300 [DEBUG] [org.gradle.process.internal.health.memory.DefaultMemoryManager] 1693924966 physical memory requested, 1561714688 free
2026-04-29T00:12:29.207+0300 [DEBUG] [org.gradle.workers.internal.WorkerDaemonExpiration] Will attempt to release 1615 of memory
2026-04-29T00:12:29.207+0300 [DEBUG] [org.gradle.process.internal.health.memory.DefaultMemoryManager] 1693924966 physical memory requested, 0 released, 1561714688 free
2026-04-29T00:12:29.207+0300 [DEBUG] [org.gradle.process.internal.health.memory.DefaultMemoryManager] 1855869747 virtual memory requested, 1630175232 free
2026-04-29T00:12:29.207+0300 [DEBUG] [org.gradle.workers.internal.WorkerDaemonExpiration] Will attempt to release 1769 of memory
2026-04-29T00:12:29.207+0300 [DEBUG] [org.gradle.process.internal.health.memory.DefaultMemoryManager] 1855869747 virtual memory requested, 0 released, 1630175232 free
2026-04-29T00:12:32.141+0300 [DEBUG] [sun.rmi.client.ref] RMI RenewClean-[127.0.0.1:17764,org.jetbrains.kotlin.daemon.common.LoopbackNetworkInterface$ClientLoopbackSocketFactory@6ad31d9c]: get connection
2026-04-29T00:12:32.142+0300 [DEBUG] [sun.rmi.transport.tcp] RMI RenewClean-[127.0.0.1:17764,org.jetbrains.kotlin.daemon.common.LoopbackNetworkInterface$ClientLoopbackSocketFactory@6ad31d9c]: create connection
2026-04-29T00:12:32.149+0300 [DEBUG] [sun.rmi.loader] RMI RenewClean-[127.0.0.1:17764,org.jetbrains.kotlin.daemon.common.LoopbackNetworkInterface$ClientLoopbackSocketFactory@6ad31d9c]: name = "java.rmi.dgc.Lease", codebase = "", defaultLoader = jdk.internal.loader.ClassLoaders$PlatformClassLoader@2b21322
2026-04-29T00:12:32.149+0300 [DEBUG] [sun.rmi.loader] RMI RenewClean-[127.0.0.1:17764,org.jetbrains.kotlin.daemon.common.LoopbackNetworkInterface$ClientLoopbackSocketFactory@6ad31d9c]: name = "java.rmi.dgc.VMID", codebase = "", defaultLoader = jdk.internal.loader.ClassLoaders$PlatformClassLoader@2b21322
2026-04-29T00:12:32.149+0300 [DEBUG] [sun.rmi.loader] RMI RenewClean-[127.0.0.1:17764,org.jetbrains.kotlin.daemon.common.LoopbackNetworkInterface$ClientLoopbackSocketFactory@6ad31d9c]: name = "[B", codebase = "", defaultLoader = jdk.internal.loader.ClassLoaders$PlatformClassLoader@2b21322
2026-04-29T00:12:32.150+0300 [DEBUG] [sun.rmi.loader] RMI RenewClean-[127.0.0.1:17764,org.jetbrains.kotlin.daemon.common.LoopbackNetworkInterface$ClientLoopbackSocketFactory@6ad31d9c]: name = "java.rmi.server.UID", codebase = "", defaultLoader = jdk.internal.loader.ClassLoaders$PlatformClassLoader@2b21322
2026-04-29T00:12:32.150+0300 [DEBUG] [sun.rmi.client.ref] RMI RenewClean-[127.0.0.1:17764,org.jetbrains.kotlin.daemon.common.LoopbackNetworkInterface$ClientLoopbackSocketFactory@6ad31d9c]: free connection (reuse = true)
2026-04-29T00:12:32.151+0300 [DEBUG] [sun.rmi.transport.tcp] RMI RenewClean-[127.0.0.1:17764,org.jetbrains.kotlin.daemon.common.LoopbackNetworkInterface$ClientLoopbackSocketFactory@6ad31d9c]: reuse connection
2026-04-29T00:12:32.151+0300 [DEBUG] [sun.rmi.transport.tcp] RMI RenewClean-[127.0.0.1:17764,org.jetbrains.kotlin.daemon.common.LoopbackNetworkInterface$ClientLoopbackSocketFactory@6ad31d9c]: create reaper
2026-04-29T00:12:32.174+0300 [DEBUG] [sun.rmi.transport.tcp] RMI TCP Connection(12)-127.0.0.1: accepted socket from [127.0.0.1:57868]
2026-04-29T00:12:32.175+0300 [DEBUG] [sun.rmi.transport.tcp] RMI TCP Connection(12)-127.0.0.1: (port 56662) op = 80
2026-04-29T00:12:32.176+0300 [DEBUG] [sun.rmi.loader] RMI TCP Connection(12)-127.0.0.1: name = "[Ljava.rmi.server.ObjID;", codebase = "", defaultLoader = jdk.internal.loader.ClassLoaders$PlatformClassLoader@2b21322
2026-04-29T00:12:32.176+0300 [DEBUG] [sun.rmi.loader] RMI TCP Connection(12)-127.0.0.1: name = "java.rmi.dgc.Lease", codebase = "", defaultLoader = jdk.internal.loader.ClassLoaders$PlatformClassLoader@2b21322
2026-04-29T00:12:32.177+0300 [DEBUG] [sun.rmi.loader] RMI TCP Connection(12)-127.0.0.1: name = "java.rmi.dgc.VMID", codebase = "", defaultLoader = jdk.internal.loader.ClassLoaders$PlatformClassLoader@2b21322
2026-04-29T00:12:32.177+0300 [DEBUG] [sun.rmi.loader] RMI TCP Connection(12)-127.0.0.1: name = "[B", codebase = "", defaultLoader = jdk.internal.loader.ClassLoaders$PlatformClassLoader@2b21322
2026-04-29T00:12:32.177+0300 [DEBUG] [sun.rmi.loader] RMI TCP Connection(12)-127.0.0.1: name = "java.rmi.server.UID", codebase = "", defaultLoader = jdk.internal.loader.ClassLoaders$PlatformClassLoader@2b21322
2026-04-29T00:12:34.207+0300 [DEBUG] [org.gradle.process.internal.health.memory.DefaultMemoryManager] 1693924966 physical memory requested, 1664024576 free
2026-04-29T00:12:34.207+0300 [DEBUG] [org.gradle.workers.internal.WorkerDaemonExpiration] Will attempt to release 1615 of memory
2026-04-29T00:12:34.207+0300 [DEBUG] [org.gradle.process.internal.health.memory.DefaultMemoryManager] 1693924966 physical memory requested, 0 released, 1664024576 free
2026-04-29T00:12:34.207+0300 [DEBUG] [org.gradle.process.internal.health.memory.DefaultMemoryManager] 1855869747 virtual memory requested, 1628299264 free
2026-04-29T00:12:34.207+0300 [DEBUG] [org.gradle.workers.internal.WorkerDaemonExpiration] Will attempt to release 1769 of memory
2026-04-29T00:12:34.207+0300 [DEBUG] [org.gradle.process.internal.health.memory.DefaultMemoryManager] 1855869747 virtual memory requested, 0 released, 1628299264 free
2026-04-29T00:12:38.141+0300 [DEBUG] [org.gradle.cache.internal.DefaultFileLockManager] Waiting to acquire shared lock on daemon addresses registry.
2026-04-29T00:12:38.141+0300 [DEBUG] [org.gradle.cache.internal.DefaultFileLockManager] Lock acquired on daemon addresses registry.
2026-04-29T00:12:38.141+0300 [DEBUG] [org.gradle.cache.internal.DefaultFileLockManager] Releasing lock on daemon addresses registry.
2026-04-29T00:12:38.143+0300 [DEBUG] [org.gradle.cache.internal.DefaultFileLockManager] Waiting to acquire shared lock on daemon addresses registry.
2026-04-29T00:12:38.143+0300 [DEBUG] [org.gradle.cache.internal.DefaultFileLockManager] Lock acquired on daemon addresses registry.
2026-04-29T00:12:38.143+0300 [DEBUG] [org.gradle.cache.internal.DefaultFileLockManager] Releasing lock on daemon addresses registry.
2026-04-29T00:12:38.145+0300 [DEBUG] [org.gradle.cache.internal.DefaultFileLockManager] Waiting to acquire shared lock on daemon addresses registry.
2026-04-29T00:12:38.145+0300 [DEBUG] [org.gradle.cache.internal.DefaultFileLockManager] Lock acquired on daemon addresses registry.
2026-04-29T00:12:38.146+0300 [DEBUG] [org.gradle.cache.internal.DefaultFileLockManager] Releasing lock on daemon addresses registry.
2026-04-29T00:12:39.206+0300 [DEBUG] [org.gradle.process.internal.health.memory.DefaultMemoryManager] 1693924966 physical memory requested, 1669160960 free
2026-04-29T00:12:39.206+0300 [DEBUG] [org.gradle.workers.internal.WorkerDaemonExpiration] Will attempt to release 1615 of memory
2026-04-29T00:12:39.206+0300 [DEBUG] [org.gradle.process.internal.health.memory.DefaultMemoryManager] 1693924966 physical memory requested, 0 released, 1669160960 free
2026-04-29T00:12:39.207+0300 [DEBUG] [org.gradle.process.internal.health.memory.DefaultMemoryManager] 1855869747 virtual memory requested, 1632960512 free
2026-04-29T00:12:39.207+0300 [DEBUG] [org.gradle.workers.internal.WorkerDaemonExpiration] Will attempt to release 1769 of memory
2026-04-29T00:12:39.207+0300 [DEBUG] [org.gradle.process.internal.health.memory.DefaultMemoryManager] 1855869747 virtual memory requested, 0 released, 1632960512 free
2026-04-29T00:12:44.206+0300 [DEBUG] [org.gradle.process.internal.health.memory.DefaultMemoryManager] 1693924966 physical memory requested, 1669337088 free
2026-04-29T00:12:44.206+0300 [DEBUG] [org.gradle.workers.internal.WorkerDaemonExpiration] Will attempt to release 1615 of memory
2026-04-29T00:12:44.206+0300 [DEBUG] [org.gradle.process.internal.health.memory.DefaultMemoryManager] 1693924966 physical memory requested, 0 released, 1669337088 free
2026-04-29T00:12:44.206+0300 [DEBUG] [org.gradle.process.internal.health.memory.DefaultMemoryManager] 1855869747 virtual memory requested, 1634496512 free
2026-04-29T00:12:44.206+0300 [DEBUG] [org.gradle.workers.internal.WorkerDaemonExpiration] Will attempt to release 1769 of memory
2026-04-29T00:12:44.206+0300 [DEBUG] [org.gradle.process.internal.health.memory.DefaultMemoryManager] 1855869747 virtual memory requested, 0 released, 1634496512 free
2026-04-29T00:12:47.152+0300 [DEBUG] [sun.rmi.transport.tcp] RMI Scheduler(0): close connection, socket: Socket[addr=localhost/127.0.0.1,port=17764,localport=57867]
2026-04-29T00:12:47.180+0300 [DEBUG] [sun.rmi.transport.tcp] RMI TCP Connection(12)-127.0.0.1: (port 56662) connection closed
2026-04-29T00:12:47.180+0300 [DEBUG] [sun.rmi.transport.tcp] RMI TCP Connection(12)-127.0.0.1: close connection, socket: Socket[addr=/127.0.0.1,port=57868,localport=56662]
2026-04-29T00:12:47.180+0300 [DEBUG] [sun.rmi.transport.tcp] RMI TCP Connection(12)-127.0.0.1: socket close: Socket[addr=/127.0.0.1,port=57868,localport=56662]
2026-04-29T00:12:48.142+0300 [DEBUG] [org.gradle.cache.internal.DefaultFileLockManager] Waiting to acquire shared lock on daemon addresses registry.
2026-04-29T00:12:48.142+0300 [DEBUG] [org.gradle.cache.internal.DefaultFileLockManager] Lock acquired on daemon addresses registry.
2026-04-29T00:12:48.143+0300 [DEBUG] [org.gradle.cache.internal.DefaultFileLockManager] Releasing lock on daemon addresses registry.
2026-04-29T00:12:48.146+0300 [DEBUG] [org.gradle.cache.internal.DefaultFileLockManager] Waiting to acquire shared lock on daemon addresses registry.
2026-04-29T00:12:48.146+0300 [DEBUG] [org.gradle.cache.internal.DefaultFileLockManager] Lock acquired on daemon addresses registry.
2026-04-29T00:12:48.147+0300 [DEBUG] [org.gradle.cache.internal.DefaultFileLockManager] Releasing lock on daemon addresses registry.
2026-04-29T00:12:48.150+0300 [DEBUG] [org.gradle.cache.internal.DefaultFileLockManager] Waiting to acquire shared lock on daemon addresses registry.
2026-04-29T00:12:48.151+0300 [DEBUG] [org.gradle.cache.internal.DefaultFileLockManager] Lock acquired on daemon addresses registry.
2026-04-29T00:12:48.151+0300 [DEBUG] [org.gradle.cache.internal.DefaultFileLockManager] Releasing lock on daemon addresses registry.
2026-04-29T00:12:49.206+0300 [DEBUG] [org.gradle.process.internal.health.memory.DefaultMemoryManager] 1693924966 physical memory requested, 1676300288 free
2026-04-29T00:12:49.207+0300 [DEBUG] [org.gradle.workers.internal.WorkerDaemonExpiration] Will attempt to release 1615 of memory
2026-04-29T00:12:49.207+0300 [DEBUG] [org.gradle.process.internal.health.memory.DefaultMemoryManager] 1693924966 physical memory requested, 0 released, 1676300288 free
2026-04-29T00:12:49.207+0300 [DEBUG] [org.gradle.process.internal.health.memory.DefaultMemoryManager] 1855869747 virtual memory requested, 1639759872 free
2026-04-29T00:12:49.207+0300 [DEBUG] [org.gradle.workers.internal.WorkerDaemonExpiration] Will attempt to release 1769 of memory
2026-04-29T00:12:49.208+0300 [DEBUG] [org.gradle.process.internal.health.memory.DefaultMemoryManager] 1855869747 virtual memory requested, 0 released, 1639759872 free
2026-04-29T00:12:54.206+0300 [DEBUG] [org.gradle.process.internal.health.memory.DefaultMemoryManager] 1693924966 physical memory requested, 1682444288 free
2026-04-29T00:12:54.206+0300 [DEBUG] [org.gradle.workers.internal.WorkerDaemonExpiration] Will attempt to release 1615 of memory
2026-04-29T00:12:54.206+0300 [DEBUG] [org.gradle.process.internal.health.memory.DefaultMemoryManager] 1693924966 physical memory requested, 0 released, 1682444288 free
2026-04-29T00:12:54.206+0300 [DEBUG] [org.gradle.process.internal.health.memory.DefaultMemoryManager] 1855869747 virtual memory requested, 1642823680 free
2026-04-29T00:12:54.206+0300 [DEBUG] [org.gradle.workers.internal.WorkerDaemonExpiration] Will attempt to release 1769 of memory
2026-04-29T00:12:54.207+0300 [DEBUG] [org.gradle.process.internal.health.memory.DefaultMemoryManager] 1855869747 virtual memory requested, 0 released, 1642823680 free
2026-04-29T00:12:58.143+0300 [DEBUG] [org.gradle.cache.internal.DefaultFileLockManager] Waiting to acquire shared lock on daemon addresses registry.
2026-04-29T00:12:58.143+0300 [DEBUG] [org.gradle.cache.internal.DefaultFileLockManager] Lock acquired on daemon addresses registry.
2026-04-29T00:12:58.143+0300 [DEBUG] [org.gradle.cache.internal.DefaultFileLockManager] Releasing lock on daemon addresses registry.
2026-04-29T00:12:58.147+0300 [DEBUG] [org.gradle.cache.internal.DefaultFileLockManager] Waiting to acquire shared lock on daemon addresses registry.
2026-04-29T00:12:58.148+0300 [DEBUG] [org.gradle.cache.internal.DefaultFileLockManager] Lock acquired on daemon addresses registry.
2026-04-29T00:12:58.148+0300 [DEBUG] [org.gradle.cache.internal.DefaultFileLockManager] Releasing lock on daemon addresses registry.
2026-04-29T00:12:58.150+0300 [DEBUG] [org.gradle.cache.internal.DefaultFileLockManager] Waiting to acquire shared lock on daemon addresses registry.
2026-04-29T00:12:58.150+0300 [DEBUG] [org.gradle.cache.internal.DefaultFileLockManager] Lock acquired on daemon addresses registry.
2026-04-29T00:12:58.151+0300 [DEBUG] [org.gradle.cache.internal.DefaultFileLockManager] Releasing lock on daemon addresses registry.
2026-04-29T00:12:59.206+0300 [DEBUG] [org.gradle.process.internal.health.memory.DefaultMemoryManager] 1693924966 physical memory requested, 1681526784 free
2026-04-29T00:12:59.206+0300 [DEBUG] [org.gradle.workers.internal.WorkerDaemonExpiration] Will attempt to release 1615 of memory
2026-04-29T00:12:59.207+0300 [DEBUG] [org.gradle.process.internal.health.memory.DefaultMemoryManager] 1693924966 physical memory requested, 0 released, 1681526784 free
2026-04-29T00:12:59.207+0300 [DEBUG] [org.gradle.process.internal.health.memory.DefaultMemoryManager] 1855869747 virtual memory requested, 1646354432 free
2026-04-29T00:12:59.207+0300 [DEBUG] [org.gradle.workers.internal.WorkerDaemonExpiration] Will attempt to release 1769 of memory
2026-04-29T00:12:59.207+0300 [DEBUG] [org.gradle.process.internal.health.memory.DefaultMemoryManager] 1855869747 virtual memory requested, 0 released, 1646354432 free
2026-04-29T00:13:04.207+0300 [DEBUG] [org.gradle.process.internal.health.memory.DefaultMemoryManager] 1693924966 physical memory requested, 1685004288 free
2026-04-29T00:13:04.207+0300 [DEBUG] [org.gradle.workers.internal.WorkerDaemonExpiration] Will attempt to release 1615 of memory
2026-04-29T00:13:04.207+0300 [DEBUG] [org.gradle.process.internal.health.memory.DefaultMemoryManager] 1693924966 physical memory requested, 0 released, 1685004288 free
2026-04-29T00:13:04.207+0300 [DEBUG] [org.gradle.process.internal.health.memory.DefaultMemoryManager] 1855869747 virtual memory requested, 1646497792 free
2026-04-29T00:13:04.207+0300 [DEBUG] [org.gradle.workers.internal.WorkerDaemonExpiration] Will attempt to release 1769 of memory
2026-04-29T00:13:04.207+0300 [DEBUG] [org.gradle.process.internal.health.memory.DefaultMemoryManager] 1855869747 virtual memory requested, 0 released, 1646497792 free
2026-04-29T00:13:08.142+0300 [DEBUG] [org.gradle.cache.internal.DefaultFileLockManager] Waiting to acquire shared lock on daemon addresses registry.
2026-04-29T00:13:08.142+0300 [DEBUG] [org.gradle.cache.internal.DefaultFileLockManager] Lock acquired on daemon addresses registry.
2026-04-29T00:13:08.143+0300 [DEBUG] [org.gradle.cache.internal.DefaultFileLockManager] Releasing lock on daemon addresses registry.
2026-04-29T00:13:08.146+0300 [DEBUG] [org.gradle.cache.internal.DefaultFileLockManager] Waiting to acquire shared lock on daemon addresses registry.
2026-04-29T00:13:08.147+0300 [DEBUG] [org.gradle.cache.internal.DefaultFileLockManager] Lock acquired on daemon addresses registry.
2026-04-29T00:13:08.147+0300 [DEBUG] [org.gradle.cache.internal.DefaultFileLockManager] Releasing lock on daemon addresses registry.
2026-04-29T00:13:08.150+0300 [DEBUG] [org.gradle.cache.internal.DefaultFileLockManager] Waiting to acquire shared lock on daemon addresses registry.
2026-04-29T00:13:08.150+0300 [DEBUG] [org.gradle.cache.internal.DefaultFileLockManager] Lock acquired on daemon addresses registry.
2026-04-29T00:13:08.151+0300 [DEBUG] [org.gradle.cache.internal.DefaultFileLockManager] Releasing lock on daemon addresses registry.
2026-04-29T00:13:09.206+0300 [DEBUG] [org.gradle.process.internal.health.memory.DefaultMemoryManager] 1693924966 physical memory requested, 1688846336 free
2026-04-29T00:13:09.206+0300 [DEBUG] [org.gradle.workers.internal.WorkerDaemonExpiration] Will attempt to release 1615 of memory
2026-04-29T00:13:09.206+0300 [DEBUG] [org.gradle.process.internal.health.memory.DefaultMemoryManager] 1693924966 physical memory requested, 0 released, 1688846336 free
2026-04-29T00:13:09.207+0300 [DEBUG] [org.gradle.process.internal.health.memory.DefaultMemoryManager] 1855869747 virtual memory requested, 1647869952 free
2026-04-29T00:13:09.207+0300 [DEBUG] [org.gradle.workers.internal.WorkerDaemonExpiration] Will attempt to release 1769 of memory
2026-04-29T00:13:09.207+0300 [DEBUG] [org.gradle.process.internal.health.memory.DefaultMemoryManager] 1855869747 virtual memory requested, 0 released, 1647869952 free
2026-04-29T00:13:14.208+0300 [DEBUG] [org.gradle.process.internal.health.memory.DefaultMemoryManager] 1693924966 physical memory requested, 1612218368 free
2026-04-29T00:13:14.208+0300 [DEBUG] [org.gradle.workers.internal.WorkerDaemonExpiration] Will attempt to release 1615 of memory
2026-04-29T00:13:14.208+0300 [DEBUG] [org.gradle.process.internal.health.memory.DefaultMemoryManager] 1693924966 physical memory requested, 0 released, 1612218368 free
2026-04-29T00:13:14.208+0300 [DEBUG] [org.gradle.process.internal.health.memory.DefaultMemoryManager] 1855869747 virtual memory requested, 1569210368 free
2026-04-29T00:13:14.208+0300 [DEBUG] [org.gradle.workers.internal.WorkerDaemonExpiration] Will attempt to release 1769 of memory
2026-04-29T00:13:14.208+0300 [DEBUG] [org.gradle.process.internal.health.memory.DefaultMemoryManager] 1855869747 virtual memory requested, 0 released, 1569210368 free
2026-04-29T00:13:18.144+0300 [DEBUG] [org.gradle.cache.internal.DefaultFileLockManager] Waiting to acquire shared lock on daemon addresses registry.
2026-04-29T00:13:18.144+0300 [DEBUG] [org.gradle.cache.internal.DefaultFileLockManager] Lock acquired on daemon addresses registry.
2026-04-29T00:13:18.145+0300 [DEBUG] [org.gradle.cache.internal.DefaultFileLockManager] Releasing lock on daemon addresses registry.
2026-04-29T00:13:18.150+0300 [DEBUG] [org.gradle.cache.internal.DefaultFileLockManager] Waiting to acquire shared lock on daemon addresses registry.
2026-04-29T00:13:18.151+0300 [DEBUG] [org.gradle.cache.internal.DefaultFileLockManager] Lock acquired on daemon addresses registry.
2026-04-29T00:13:18.152+0300 [DEBUG] [org.gradle.cache.internal.DefaultFileLockManager] Releasing lock on daemon addresses registry.
2026-04-29T00:13:18.156+0300 [DEBUG] [org.gradle.cache.internal.DefaultFileLockManager] Waiting to acquire shared lock on daemon addresses registry.
2026-04-29T00:13:18.157+0300 [DEBUG] [org.gradle.cache.internal.DefaultFileLockManager] Lock acquired on daemon addresses registry.
2026-04-29T00:13:18.158+0300 [DEBUG] [org.gradle.cache.internal.DefaultFileLockManager] Releasing lock on daemon addresses registry.
2026-04-29T00:13:19.205+0300 [DEBUG] [org.gradle.process.internal.health.memory.DefaultMemoryManager] 1693924966 physical memory requested, 1612324864 free
2026-04-29T00:13:19.205+0300 [DEBUG] [org.gradle.workers.internal.WorkerDaemonExpiration] Will attempt to release 1615 of memory
2026-04-29T00:13:19.205+0300 [DEBUG] [org.gradle.process.internal.health.memory.DefaultMemoryManager] 1693924966 physical memory requested, 0 released, 1612324864 free
2026-04-29T00:13:19.206+0300 [DEBUG] [org.gradle.process.internal.health.memory.DefaultMemoryManager] 1855869747 virtual memory requested, 1569488896 free
2026-04-29T00:13:19.206+0300 [DEBUG] [org.gradle.workers.internal.WorkerDaemonExpiration] Will attempt to release 1769 of memory
2026-04-29T00:13:19.206+0300 [DEBUG] [org.gradle.process.internal.health.memory.DefaultMemoryManager] 1855869747 virtual memory requested, 0 released, 1569488896 free
2026-04-29T00:13:24.208+0300 [DEBUG] [org.gradle.process.internal.health.memory.DefaultMemoryManager] 1693924966 physical memory requested, 1614094336 free
2026-04-29T00:13:24.208+0300 [DEBUG] [org.gradle.workers.internal.WorkerDaemonExpiration] Will attempt to release 1615 of memory
2026-04-29T00:13:24.208+0300 [DEBUG] [org.gradle.process.internal.health.memory.DefaultMemoryManager] 1693924966 physical memory requested, 0 released, 1614094336 free
2026-04-29T00:13:24.208+0300 [DEBUG] [org.gradle.process.internal.health.memory.DefaultMemoryManager] 1855869747 virtual memory requested, 1573990400 free
2026-04-29T00:13:24.208+0300 [DEBUG] [org.gradle.workers.internal.WorkerDaemonExpiration] Will attempt to release 1769 of memory
2026-04-29T00:13:24.208+0300 [DEBUG] [org.gradle.process.internal.health.memory.DefaultMemoryManager] 1855869747 virtual memory requested, 0 released, 1573990400 free
2026-04-29T00:13:28.144+0300 [DEBUG] [org.gradle.cache.internal.DefaultFileLockManager] Waiting to acquire shared lock on daemon addresses registry.
2026-04-29T00:13:28.144+0300 [DEBUG] [org.gradle.cache.internal.DefaultFileLockManager] Lock acquired on daemon addresses registry.
2026-04-29T00:13:28.145+0300 [DEBUG] [org.gradle.cache.internal.DefaultFileLockManager] Releasing lock on daemon addresses registry.
2026-04-29T00:13:28.150+0300 [DEBUG] [org.gradle.cache.internal.DefaultFileLockManager] Waiting to acquire shared lock on daemon addresses registry.
2026-04-29T00:13:28.150+0300 [DEBUG] [org.gradle.cache.internal.DefaultFileLockManager] Lock acquired on daemon addresses registry.
2026-04-29T00:13:28.151+0300 [DEBUG] [org.gradle.cache.internal.DefaultFileLockManager] Releasing lock on daemon addresses registry.
2026-04-29T00:13:28.155+0300 [DEBUG] [org.gradle.cache.internal.DefaultFileLockManager] Waiting to acquire shared lock on daemon addresses registry.
2026-04-29T00:13:28.155+0300 [DEBUG] [org.gradle.cache.internal.DefaultFileLockManager] Lock acquired on daemon addresses registry.
2026-04-29T00:13:28.156+0300 [DEBUG] [org.gradle.cache.internal.DefaultFileLockManager] Releasing lock on daemon addresses registry.
2026-04-29T00:13:29.206+0300 [DEBUG] [org.gradle.process.internal.health.memory.DefaultMemoryManager] 1693924966 physical memory requested, 1616171008 free
2026-04-29T00:13:29.207+0300 [DEBUG] [org.gradle.workers.internal.WorkerDaemonExpiration] Will attempt to release 1615 of memory
2026-04-29T00:13:29.207+0300 [DEBUG] [org.gradle.process.internal.health.memory.DefaultMemoryManager] 1693924966 physical memory requested, 0 released, 1616171008 free
2026-04-29T00:13:29.207+0300 [DEBUG] [org.gradle.process.internal.health.memory.DefaultMemoryManager] 1855869747 virtual memory requested, 1578373120 free
2026-04-29T00:13:29.207+0300 [DEBUG] [org.gradle.workers.internal.WorkerDaemonExpiration] Will attempt to release 1769 of memory
2026-04-29T00:13:29.207+0300 [DEBUG] [org.gradle.process.internal.health.memory.DefaultMemoryManager] 1855869747 virtual memory requested, 0 released, 1578373120 free
2026-04-29T00:13:34.207+0300 [DEBUG] [org.gradle.process.internal.health.memory.DefaultMemoryManager] 1693924966 physical memory requested, 1615917056 free
2026-04-29T00:13:34.207+0300 [DEBUG] [org.gradle.workers.internal.WorkerDaemonExpiration] Will attempt to release 1615 of memory
2026-04-29T00:13:34.207+0300 [DEBUG] [org.gradle.process.internal.health.memory.DefaultMemoryManager] 1693924966 physical memory requested, 0 released, 1615917056 free
2026-04-29T00:13:34.208+0300 [DEBUG] [org.gradle.process.internal.health.memory.DefaultMemoryManager] 1855869747 virtual memory requested, 1578340352 free
2026-04-29T00:13:34.208+0300 [DEBUG] [org.gradle.workers.internal.WorkerDaemonExpiration] Will attempt to release 1769 of memory
2026-04-29T00:13:34.208+0300 [DEBUG] [org.gradle.process.internal.health.memory.DefaultMemoryManager] 1855869747 virtual memory requested, 0 released, 1578340352 free
2026-04-29T00:13:38.142+0300 [DEBUG] [org.gradle.cache.internal.DefaultFileLockManager] Waiting to acquire shared lock on daemon addresses registry.
2026-04-29T00:13:38.142+0300 [DEBUG] [org.gradle.cache.internal.DefaultFileLockManager] Lock acquired on daemon addresses registry.
2026-04-29T00:13:38.142+0300 [DEBUG] [org.gradle.cache.internal.DefaultFileLockManager] Releasing lock on daemon addresses registry.
2026-04-29T00:13:38.145+0300 [DEBUG] [org.gradle.cache.internal.DefaultFileLockManager] Waiting to acquire shared lock on daemon addresses registry.
2026-04-29T00:13:38.145+0300 [DEBUG] [org.gradle.cache.internal.DefaultFileLockManager] Lock acquired on daemon addresses registry.
2026-04-29T00:13:38.146+0300 [DEBUG] [org.gradle.cache.internal.DefaultFileLockManager] Releasing lock on daemon addresses registry.
2026-04-29T00:13:38.148+0300 [DEBUG] [org.gradle.cache.internal.DefaultFileLockManager] Waiting to acquire shared lock on daemon addresses registry.
2026-04-29T00:13:38.148+0300 [DEBUG] [org.gradle.cache.internal.DefaultFileLockManager] Lock acquired on daemon addresses registry.
2026-04-29T00:13:38.149+0300 [DEBUG] [org.gradle.cache.internal.DefaultFileLockManager] Releasing lock on daemon addresses registry.
2026-04-29T00:13:39.208+0300 [DEBUG] [org.gradle.process.internal.health.memory.DefaultMemoryManager] 1693924966 physical memory requested, 1611669504 free
2026-04-29T00:13:39.208+0300 [DEBUG] [org.gradle.workers.internal.WorkerDaemonExpiration] Will attempt to release 1615 of memory
2026-04-29T00:13:39.208+0300 [DEBUG] [org.gradle.process.internal.health.memory.DefaultMemoryManager] 1693924966 physical memory requested, 0 released, 1611669504 free
2026-04-29T00:13:39.209+0300 [DEBUG] [org.gradle.process.internal.health.memory.DefaultMemoryManager] 1855869747 virtual memory requested, 1573339136 free
2026-04-29T00:13:39.209+0300 [DEBUG] [org.gradle.workers.internal.WorkerDaemonExpiration] Will attempt to release 1769 of memory
2026-04-29T00:13:39.209+0300 [DEBUG] [org.gradle.process.internal.health.memory.DefaultMemoryManager] 1855869747 virtual memory requested, 0 released, 1573339136 free
2026-04-29T00:13:44.207+0300 [DEBUG] [org.gradle.process.internal.health.memory.DefaultMemoryManager] 1693924966 physical memory requested, 1612062720 free
2026-04-29T00:13:44.207+0300 [DEBUG] [org.gradle.workers.internal.WorkerDaemonExpiration] Will attempt to release 1615 of memory
2026-04-29T00:13:44.208+0300 [DEBUG] [org.gradle.process.internal.health.memory.DefaultMemoryManager] 1693924966 physical memory requested, 0 released, 1612062720 free
2026-04-29T00:13:44.208+0300 [DEBUG] [org.gradle.process.internal.health.memory.DefaultMemoryManager] 1855869747 virtual memory requested, 1574715392 free
2026-04-29T00:13:44.208+0300 [DEBUG] [org.gradle.workers.internal.WorkerDaemonExpiration] Will attempt to release 1769 of memory
2026-04-29T00:13:44.208+0300 [DEBUG] [org.gradle.process.internal.health.memory.DefaultMemoryManager] 1855869747 virtual memory requested, 0 released, 1574715392 free
2026-04-29T00:13:48.143+0300 [DEBUG] [org.gradle.cache.internal.DefaultFileLockManager] Waiting to acquire shared lock on daemon addresses registry.
2026-04-29T00:13:48.144+0300 [DEBUG] [org.gradle.cache.internal.DefaultFileLockManager] Lock acquired on daemon addresses registry.
2026-04-29T00:13:48.145+0300 [DEBUG] [org.gradle.cache.internal.DefaultFileLockManager] Releasing lock on daemon addresses registry.
2026-04-29T00:13:48.149+0300 [DEBUG] [org.gradle.cache.internal.DefaultFileLockManager] Waiting to acquire shared lock on daemon addresses registry.
2026-04-29T00:13:48.150+0300 [DEBUG] [org.gradle.cache.internal.DefaultFileLockManager] Lock acquired on daemon addresses registry.
2026-04-29T00:13:48.151+0300 [DEBUG] [org.gradle.cache.internal.DefaultFileLockManager] Releasing lock on daemon addresses registry.
2026-04-29T00:13:48.154+0300 [DEBUG] [org.gradle.cache.internal.DefaultFileLockManager] Waiting to acquire shared lock on daemon addresses registry.
2026-04-29T00:13:48.154+0300 [DEBUG] [org.gradle.cache.internal.DefaultFileLockManager] Lock acquired on daemon addresses registry.
2026-04-29T00:13:48.155+0300 [DEBUG] [org.gradle.cache.internal.DefaultFileLockManager] Releasing lock on daemon addresses registry.
2026-04-29T00:13:49.206+0300 [DEBUG] [org.gradle.process.internal.health.memory.DefaultMemoryManager] 1693924966 physical memory requested, 1615294464 free
2026-04-29T00:13:49.206+0300 [DEBUG] [org.gradle.workers.internal.WorkerDaemonExpiration] Will attempt to release 1615 of memory
2026-04-29T00:13:49.207+0300 [DEBUG] [org.gradle.process.internal.health.memory.DefaultMemoryManager] 1693924966 physical memory requested, 0 released, 1615294464 free
2026-04-29T00:13:49.207+0300 [DEBUG] [org.gradle.process.internal.health.memory.DefaultMemoryManager] 1855869747 virtual memory requested, 1574469632 free
2026-04-29T00:13:49.207+0300 [DEBUG] [org.gradle.workers.internal.WorkerDaemonExpiration] Will attempt to release 1769 of memory
2026-04-29T00:13:49.207+0300 [DEBUG] [org.gradle.process.internal.health.memory.DefaultMemoryManager] 1855869747 virtual memory requested, 0 released, 1574469632 free
2026-04-29T00:13:54.207+0300 [DEBUG] [org.gradle.process.internal.health.memory.DefaultMemoryManager] 1693924966 physical memory requested, 1612759040 free
2026-04-29T00:13:54.208+0300 [DEBUG] [org.gradle.workers.internal.WorkerDaemonExpiration] Will attempt to release 1615 of memory
2026-04-29T00:13:54.208+0300 [DEBUG] [org.gradle.process.internal.health.memory.DefaultMemoryManager] 1693924966 physical memory requested, 0 released, 1612759040 free
2026-04-29T00:13:54.208+0300 [DEBUG] [org.gradle.process.internal.health.memory.DefaultMemoryManager] 1855869747 virtual memory requested, 1579028480 free
2026-04-29T00:13:54.208+0300 [DEBUG] [org.gradle.workers.internal.WorkerDaemonExpiration] Will attempt to release 1769 of memory
2026-04-29T00:13:54.208+0300 [DEBUG] [org.gradle.process.internal.health.memory.DefaultMemoryManager] 1855869747 virtual memory requested, 0 released, 1579028480 free
2026-04-29T00:13:58.144+0300 [DEBUG] [org.gradle.cache.internal.DefaultFileLockManager] Waiting to acquire shared lock on daemon addresses registry.
2026-04-29T00:13:58.145+0300 [DEBUG] [org.gradle.cache.internal.DefaultFileLockManager] Lock acquired on daemon addresses registry.
2026-04-29T00:13:58.146+0300 [DEBUG] [org.gradle.cache.internal.DefaultFileLockManager] Releasing lock on daemon addresses registry.
2026-04-29T00:13:58.150+0300 [DEBUG] [org.gradle.cache.internal.DefaultFileLockManager] Waiting to acquire shared lock on daemon addresses registry.
2026-04-29T00:13:58.151+0300 [DEBUG] [org.gradle.cache.internal.DefaultFileLockManager] Lock acquired on daemon addresses registry.
2026-04-29T00:13:58.152+0300 [DEBUG] [org.gradle.cache.internal.DefaultFileLockManager] Releasing lock on daemon addresses registry.
2026-04-29T00:13:58.156+0300 [DEBUG] [org.gradle.cache.internal.DefaultFileLockManager] Waiting to acquire shared lock on daemon addresses registry.
2026-04-29T00:13:58.157+0300 [DEBUG] [org.gradle.cache.internal.DefaultFileLockManager] Lock acquired on daemon addresses registry.
2026-04-29T00:13:58.157+0300 [DEBUG] [org.gradle.cache.internal.DefaultFileLockManager] Releasing lock on daemon addresses registry.
2026-04-29T00:13:59.208+0300 [DEBUG] [org.gradle.process.internal.health.memory.DefaultMemoryManager] 1693924966 physical memory requested, 1613389824 free
2026-04-29T00:13:59.209+0300 [DEBUG] [org.gradle.workers.internal.WorkerDaemonExpiration] Will attempt to release 1615 of memory
2026-04-29T00:13:59.209+0300 [DEBUG] [org.gradle.process.internal.health.memory.DefaultMemoryManager] 1693924966 physical memory requested, 0 released, 1613389824 free
2026-04-29T00:13:59.209+0300 [DEBUG] [org.gradle.process.internal.health.memory.DefaultMemoryManager] 1855869747 virtual memory requested, 1579622400 free
2026-04-29T00:13:59.209+0300 [DEBUG] [org.gradle.workers.internal.WorkerDaemonExpiration] Will attempt to release 1769 of memory
2026-04-29T00:13:59.210+0300 [DEBUG] [org.gradle.process.internal.health.memory.DefaultMemoryManager] 1855869747 virtual memory requested, 0 released, 1579622400 free
2026-04-29T00:14:04.208+0300 [DEBUG] [org.gradle.process.internal.health.memory.DefaultMemoryManager] 1693924966 physical memory requested, 1614934016 free
2026-04-29T00:14:04.208+0300 [DEBUG] [org.gradle.workers.internal.WorkerDaemonExpiration] Will attempt to release 1615 of memory
2026-04-29T00:14:04.208+0300 [DEBUG] [org.gradle.process.internal.health.memory.DefaultMemoryManager] 1693924966 physical memory requested, 0 released, 1614934016 free
2026-04-29T00:14:04.208+0300 [DEBUG] [org.gradle.process.internal.health.memory.DefaultMemoryManager] 1855869747 virtual memory requested, 1581092864 free
2026-04-29T00:14:04.208+0300 [DEBUG] [org.gradle.workers.internal.WorkerDaemonExpiration] Will attempt to release 1769 of memory
2026-04-29T00:14:04.209+0300 [DEBUG] [org.gradle.process.internal.health.memory.DefaultMemoryManager] 1855869747 virtual memory requested, 0 released, 1581092864 free
2026-04-29T00:14:08.142+0300 [DEBUG] [org.gradle.cache.internal.DefaultFileLockManager] Waiting to acquire shared lock on daemon addresses registry.
2026-04-29T00:14:08.142+0300 [DEBUG] [org.gradle.cache.internal.DefaultFileLockManager] Lock acquired on daemon addresses registry.
2026-04-29T00:14:08.142+0300 [DEBUG] [org.gradle.cache.internal.DefaultFileLockManager] Releasing lock on daemon addresses registry.
2026-04-29T00:14:08.145+0300 [DEBUG] [org.gradle.cache.internal.DefaultFileLockManager] Waiting to acquire shared lock on daemon addresses registry.
2026-04-29T00:14:08.146+0300 [DEBUG] [org.gradle.cache.internal.DefaultFileLockManager] Lock acquired on daemon addresses registry.
2026-04-29T00:14:08.146+0300 [DEBUG] [org.gradle.cache.internal.DefaultFileLockManager] Releasing lock on daemon addresses registry.
2026-04-29T00:14:08.149+0300 [DEBUG] [org.gradle.cache.internal.DefaultFileLockManager] Waiting to acquire shared lock on daemon addresses registry.
2026-04-29T00:14:08.149+0300 [DEBUG] [org.gradle.cache.internal.DefaultFileLockManager] Lock acquired on daemon addresses registry.
2026-04-29T00:14:08.150+0300 [DEBUG] [org.gradle.cache.internal.DefaultFileLockManager] Releasing lock on daemon addresses registry.
2026-04-29T00:14:09.206+0300 [DEBUG] [org.gradle.process.internal.health.memory.DefaultMemoryManager] 1693924966 physical memory requested, 1619255296 free
2026-04-29T00:14:09.207+0300 [DEBUG] [org.gradle.workers.internal.WorkerDaemonExpiration] Will attempt to release 1615 of memory
2026-04-29T00:14:09.207+0300 [DEBUG] [org.gradle.process.internal.health.memory.DefaultMemoryManager] 1693924966 physical memory requested, 0 released, 1619255296 free
2026-04-29T00:14:09.207+0300 [DEBUG] [org.gradle.process.internal.health.memory.DefaultMemoryManager] 1855869747 virtual memory requested, 1582592000 free
2026-04-29T00:14:09.207+0300 [DEBUG] [org.gradle.workers.internal.WorkerDaemonExpiration] Will attempt to release 1769 of memory
2026-04-29T00:14:09.207+0300 [DEBUG] [org.gradle.process.internal.health.memory.DefaultMemoryManager] 1855869747 virtual memory requested, 0 released, 1582592000 free
2026-04-29T00:14:14.208+0300 [DEBUG] [org.gradle.process.internal.health.memory.DefaultMemoryManager] 1693924966 physical memory requested, 1614905344 free
2026-04-29T00:14:14.208+0300 [DEBUG] [org.gradle.workers.internal.WorkerDaemonExpiration] Will attempt to release 1615 of memory
2026-04-29T00:14:14.209+0300 [DEBUG] [org.gradle.process.internal.health.memory.DefaultMemoryManager] 1693924966 physical memory requested, 0 released, 1614905344 free
2026-04-29T00:14:14.209+0300 [DEBUG] [org.gradle.process.internal.health.memory.DefaultMemoryManager] 1855869747 virtual memory requested, 1582665728 free
2026-04-29T00:14:14.209+0300 [DEBUG] [org.gradle.workers.internal.WorkerDaemonExpiration] Will attempt to release 1769 of memory
2026-04-29T00:14:14.209+0300 [DEBUG] [org.gradle.process.internal.health.memory.DefaultMemoryManager] 1855869747 virtual memory requested, 0 released, 1582665728 free
2026-04-29T00:14:18.143+0300 [DEBUG] [org.gradle.cache.internal.DefaultFileLockManager] Waiting to acquire shared lock on daemon addresses registry.
2026-04-29T00:14:18.144+0300 [DEBUG] [org.gradle.cache.internal.DefaultFileLockManager] Lock acquired on daemon addresses registry.
2026-04-29T00:14:18.145+0300 [DEBUG] [org.gradle.cache.internal.DefaultFileLockManager] Releasing lock on daemon addresses registry.
2026-04-29T00:14:18.148+0300 [DEBUG] [org.gradle.cache.internal.DefaultFileLockManager] Waiting to acquire shared lock on daemon addresses registry.
2026-04-29T00:14:18.149+0300 [DEBUG] [org.gradle.cache.internal.DefaultFileLockManager] Lock acquired on daemon addresses registry.
2026-04-29T00:14:18.149+0300 [DEBUG] [org.gradle.cache.internal.DefaultFileLockManager] Releasing lock on daemon addresses registry.
2026-04-29T00:14:18.153+0300 [DEBUG] [org.gradle.cache.internal.DefaultFileLockManager] Waiting to acquire shared lock on daemon addresses registry.
2026-04-29T00:14:18.154+0300 [DEBUG] [org.gradle.cache.internal.DefaultFileLockManager] Lock acquired on daemon addresses registry.
2026-04-29T00:14:18.155+0300 [DEBUG] [org.gradle.cache.internal.DefaultFileLockManager] Releasing lock on daemon addresses registry.
2026-04-29T00:14:19.207+0300 [DEBUG] [org.gradle.process.internal.health.memory.DefaultMemoryManager] 1693924966 physical memory requested, 1616281600 free
2026-04-29T00:14:19.207+0300 [DEBUG] [org.gradle.workers.internal.WorkerDaemonExpiration] Will attempt to release 1615 of memory
2026-04-29T00:14:19.208+0300 [DEBUG] [org.gradle.process.internal.health.memory.DefaultMemoryManager] 1693924966 physical memory requested, 0 released, 1616281600 free
2026-04-29T00:14:19.208+0300 [DEBUG] [org.gradle.process.internal.health.memory.DefaultMemoryManager] 1855869747 virtual memory requested, 1585008640 free
2026-04-29T00:14:19.208+0300 [DEBUG] [org.gradle.workers.internal.WorkerDaemonExpiration] Will attempt to release 1769 of memory
2026-04-29T00:14:19.208+0300 [DEBUG] [org.gradle.process.internal.health.memory.DefaultMemoryManager] 1855869747 virtual memory requested, 0 released, 1585008640 free
2026-04-29T00:14:24.208+0300 [DEBUG] [org.gradle.process.internal.health.memory.DefaultMemoryManager] 1693924966 physical memory requested, 1622880256 free
2026-04-29T00:14:24.208+0300 [DEBUG] [org.gradle.workers.internal.WorkerDaemonExpiration] Will attempt to release 1615 of memory
2026-04-29T00:14:24.208+0300 [DEBUG] [org.gradle.process.internal.health.memory.DefaultMemoryManager] 1693924966 physical memory requested, 0 released, 1622880256 free
2026-04-29T00:14:24.208+0300 [DEBUG] [org.gradle.process.internal.health.memory.DefaultMemoryManager] 1855869747 virtual memory requested, 1584738304 free
2026-04-29T00:14:24.208+0300 [DEBUG] [org.gradle.workers.internal.WorkerDaemonExpiration] Will attempt to release 1769 of memory
2026-04-29T00:14:24.208+0300 [DEBUG] [org.gradle.process.internal.health.memory.DefaultMemoryManager] 1855869747 virtual memory requested, 0 released, 1584738304 free
2026-04-29T00:14:28.146+0300 [DEBUG] [org.gradle.cache.internal.DefaultFileLockManager] Waiting to acquire shared lock on daemon addresses registry.
2026-04-29T00:14:28.146+0300 [DEBUG] [org.gradle.cache.internal.DefaultFileLockManager] Lock acquired on daemon addresses registry.
2026-04-29T00:14:28.147+0300 [DEBUG] [org.gradle.cache.internal.DefaultFileLockManager] Releasing lock on daemon addresses registry.
2026-04-29T00:14:28.151+0300 [DEBUG] [org.gradle.cache.internal.DefaultFileLockManager] Waiting to acquire shared lock on daemon addresses registry.
2026-04-29T00:14:28.152+0300 [DEBUG] [org.gradle.cache.internal.DefaultFileLockManager] Lock acquired on daemon addresses registry.
2026-04-29T00:14:28.153+0300 [DEBUG] [org.gradle.cache.internal.DefaultFileLockManager] Releasing lock on daemon addresses registry.
2026-04-29T00:14:28.156+0300 [DEBUG] [org.gradle.cache.internal.DefaultFileLockManager] Waiting to acquire shared lock on daemon addresses registry.
2026-04-29T00:14:28.157+0300 [DEBUG] [org.gradle.cache.internal.DefaultFileLockManager] Lock acquired on daemon addresses registry.
2026-04-29T00:14:28.158+0300 [DEBUG] [org.gradle.cache.internal.DefaultFileLockManager] Releasing lock on daemon addresses registry.
2026-04-29T00:14:29.207+0300 [DEBUG] [org.gradle.process.internal.health.memory.DefaultMemoryManager] 1693924966 physical memory requested, 1652011008 free
2026-04-29T00:14:29.208+0300 [DEBUG] [org.gradle.workers.internal.WorkerDaemonExpiration] Will attempt to release 1615 of memory
2026-04-29T00:14:29.208+0300 [DEBUG] [org.gradle.process.internal.health.memory.DefaultMemoryManager] 1693924966 physical memory requested, 0 released, 1652011008 free
2026-04-29T00:14:29.208+0300 [DEBUG] [org.gradle.process.internal.health.memory.DefaultMemoryManager] 1855869747 virtual memory requested, 1580277760 free
2026-04-29T00:14:29.208+0300 [DEBUG] [org.gradle.workers.internal.WorkerDaemonExpiration] Will attempt to release 1769 of memory
2026-04-29T00:14:29.208+0300 [DEBUG] [org.gradle.process.internal.health.memory.DefaultMemoryManager] 1855869747 virtual memory requested, 0 released, 1580277760 free
2026-04-29T00:14:34.208+0300 [DEBUG] [org.gradle.process.internal.health.memory.DefaultMemoryManager] 1693924966 physical memory requested, 1657733120 free
2026-04-29T00:14:34.209+0300 [DEBUG] [org.gradle.workers.internal.WorkerDaemonExpiration] Will attempt to release 1615 of memory
2026-04-29T00:14:34.209+0300 [DEBUG] [org.gradle.process.internal.health.memory.DefaultMemoryManager] 1693924966 physical memory requested, 0 released, 1657733120 free
2026-04-29T00:14:34.209+0300 [DEBUG] [org.gradle.process.internal.health.memory.DefaultMemoryManager] 1855869747 virtual memory requested, 1590149120 free
2026-04-29T00:14:34.209+0300 [DEBUG] [org.gradle.workers.internal.WorkerDaemonExpiration] Will attempt to release 1769 of memory
2026-04-29T00:14:34.209+0300 [DEBUG] [org.gradle.process.internal.health.memory.DefaultMemoryManager] 1855869747 virtual memory requested, 0 released, 1590149120 free
2026-04-29T00:14:38.143+0300 [DEBUG] [org.gradle.cache.internal.DefaultFileLockManager] Waiting to acquire shared lock on daemon addresses registry.
2026-04-29T00:14:38.144+0300 [DEBUG] [org.gradle.cache.internal.DefaultFileLockManager] Lock acquired on daemon addresses registry.
2026-04-29T00:14:38.145+0300 [DEBUG] [org.gradle.cache.internal.DefaultFileLockManager] Releasing lock on daemon addresses registry.
2026-04-29T00:14:38.148+0300 [DEBUG] [org.gradle.cache.internal.DefaultFileLockManager] Waiting to acquire shared lock on daemon addresses registry.
2026-04-29T00:14:38.148+0300 [DEBUG] [org.gradle.cache.internal.DefaultFileLockManager] Lock acquired on daemon addresses registry.
2026-04-29T00:14:38.149+0300 [DEBUG] [org.gradle.cache.internal.DefaultFileLockManager] Releasing lock on daemon addresses registry.
2026-04-29T00:14:38.151+0300 [DEBUG] [org.gradle.cache.internal.DefaultFileLockManager] Waiting to acquire shared lock on daemon addresses registry.
2026-04-29T00:14:38.151+0300 [DEBUG] [org.gradle.cache.internal.DefaultFileLockManager] Lock acquired on daemon addresses registry.
2026-04-29T00:14:38.152+0300 [DEBUG] [org.gradle.cache.internal.DefaultFileLockManager] Releasing lock on daemon addresses registry.
2026-04-29T00:14:39.208+0300 [DEBUG] [org.gradle.process.internal.health.memory.DefaultMemoryManager] 1693924966 physical memory requested, 1657679872 free
2026-04-29T00:14:39.208+0300 [DEBUG] [org.gradle.workers.internal.WorkerDaemonExpiration] Will attempt to release 1615 of memory
2026-04-29T00:14:39.209+0300 [DEBUG] [org.gradle.process.internal.health.memory.DefaultMemoryManager] 1693924966 physical memory requested, 0 released, 1657679872 free
2026-04-29T00:14:39.209+0300 [DEBUG] [org.gradle.process.internal.health.memory.DefaultMemoryManager] 1855869747 virtual memory requested, 1591156736 free
2026-04-29T00:14:39.209+0300 [DEBUG] [org.gradle.workers.internal.WorkerDaemonExpiration] Will attempt to release 1769 of memory
2026-04-29T00:14:39.209+0300 [DEBUG] [org.gradle.process.internal.health.memory.DefaultMemoryManager] 1855869747 virtual memory requested, 0 released, 1591156736 free
2026-04-29T00:14:44.208+0300 [DEBUG] [org.gradle.process.internal.health.memory.DefaultMemoryManager] 1693924966 physical memory requested, 1657765888 free
2026-04-29T00:14:44.208+0300 [DEBUG] [org.gradle.workers.internal.WorkerDaemonExpiration] Will attempt to release 1615 of memory
2026-04-29T00:14:44.208+0300 [DEBUG] [org.gradle.process.internal.health.memory.DefaultMemoryManager] 1693924966 physical memory requested, 0 released, 1657765888 free
2026-04-29T00:14:44.209+0300 [DEBUG] [org.gradle.process.internal.health.memory.DefaultMemoryManager] 1855869747 virtual memory requested, 1591537664 free
2026-04-29T00:14:44.209+0300 [DEBUG] [org.gradle.workers.internal.WorkerDaemonExpiration] Will attempt to release 1769 of memory
2026-04-29T00:14:44.209+0300 [DEBUG] [org.gradle.process.internal.health.memory.DefaultMemoryManager] 1855869747 virtual memory requested, 0 released, 1591537664 free
2026-04-29T00:14:48.143+0300 [DEBUG] [org.gradle.cache.internal.DefaultFileLockManager] Waiting to acquire shared lock on daemon addresses registry.
2026-04-29T00:14:48.143+0300 [DEBUG] [org.gradle.cache.internal.DefaultFileLockManager] Lock acquired on daemon addresses registry.
2026-04-29T00:14:48.144+0300 [DEBUG] [org.gradle.cache.internal.DefaultFileLockManager] Releasing lock on daemon addresses registry.
2026-04-29T00:14:48.147+0300 [DEBUG] [org.gradle.cache.internal.DefaultFileLockManager] Waiting to acquire shared lock on daemon addresses registry.
2026-04-29T00:14:48.147+0300 [DEBUG] [org.gradle.cache.internal.DefaultFileLockManager] Lock acquired on daemon addresses registry.
2026-04-29T00:14:48.148+0300 [DEBUG] [org.gradle.cache.internal.DefaultFileLockManager] Releasing lock on daemon addresses registry.
2026-04-29T00:14:48.150+0300 [DEBUG] [org.gradle.cache.internal.DefaultFileLockManager] Waiting to acquire shared lock on daemon addresses registry.
2026-04-29T00:14:48.151+0300 [DEBUG] [org.gradle.cache.internal.DefaultFileLockManager] Lock acquired on daemon addresses registry.
2026-04-29T00:14:48.152+0300 [DEBUG] [org.gradle.cache.internal.DefaultFileLockManager] Releasing lock on daemon addresses registry.
2026-04-29T00:14:49.207+0300 [DEBUG] [org.gradle.process.internal.health.memory.DefaultMemoryManager] 1693924966 physical memory requested, 1659015168 free
2026-04-29T00:14:49.207+0300 [DEBUG] [org.gradle.workers.internal.WorkerDaemonExpiration] Will attempt to release 1615 of memory
2026-04-29T00:14:49.208+0300 [DEBUG] [org.gradle.process.internal.health.memory.DefaultMemoryManager] 1693924966 physical memory requested, 0 released, 1659015168 free
2026-04-29T00:14:49.208+0300 [DEBUG] [org.gradle.process.internal.health.memory.DefaultMemoryManager] 1855869747 virtual memory requested, 1592279040 free
2026-04-29T00:14:49.208+0300 [DEBUG] [org.gradle.workers.internal.WorkerDaemonExpiration] Will attempt to release 1769 of memory
2026-04-29T00:14:49.208+0300 [DEBUG] [org.gradle.process.internal.health.memory.DefaultMemoryManager] 1855869747 virtual memory requested, 0 released, 1592279040 free
2026-04-29T00:14:54.210+0300 [DEBUG] [org.gradle.process.internal.health.memory.DefaultMemoryManager] 1693924966 physical memory requested, 1658777600 free
2026-04-29T00:14:54.210+0300 [DEBUG] [org.gradle.workers.internal.WorkerDaemonExpiration] Will attempt to release 1615 of memory
2026-04-29T00:14:54.210+0300 [DEBUG] [org.gradle.process.internal.health.memory.DefaultMemoryManager] 1693924966 physical memory requested, 0 released, 1658777600 free
2026-04-29T00:14:54.211+0300 [DEBUG] [org.gradle.process.internal.health.memory.DefaultMemoryManager] 1855869747 virtual memory requested, 1586397184 free
2026-04-29T00:14:54.211+0300 [DEBUG] [org.gradle.workers.internal.WorkerDaemonExpiration] Will attempt to release 1769 of memory
2026-04-29T00:14:54.211+0300 [DEBUG] [org.gradle.process.internal.health.memory.DefaultMemoryManager] 1855869747 virtual memory requested, 0 released, 1586397184 free
2026-04-29T00:14:58.144+0300 [DEBUG] [org.gradle.cache.internal.DefaultFileLockManager] Waiting to acquire shared lock on daemon addresses registry.
2026-04-29T00:14:58.144+0300 [DEBUG] [org.gradle.cache.internal.DefaultFileLockManager] Lock acquired on daemon addresses registry.
2026-04-29T00:14:58.144+0300 [DEBUG] [org.gradle.cache.internal.DefaultFileLockManager] Releasing lock on daemon addresses registry.
2026-04-29T00:14:58.148+0300 [DEBUG] [org.gradle.cache.internal.DefaultFileLockManager] Waiting to acquire shared lock on daemon addresses registry.
2026-04-29T00:14:58.148+0300 [DEBUG] [org.gradle.cache.internal.DefaultFileLockManager] Lock acquired on daemon addresses registry.
2026-04-29T00:14:58.149+0300 [DEBUG] [org.gradle.cache.internal.DefaultFileLockManager] Releasing lock on daemon addresses registry.
2026-04-29T00:14:58.153+0300 [DEBUG] [org.gradle.cache.internal.DefaultFileLockManager] Waiting to acquire shared lock on daemon addresses registry.
2026-04-29T00:14:58.153+0300 [DEBUG] [org.gradle.cache.internal.DefaultFileLockManager] Lock acquired on daemon addresses registry.
2026-04-29T00:14:58.154+0300 [DEBUG] [org.gradle.cache.internal.DefaultFileLockManager] Releasing lock on daemon addresses registry.
2026-04-29T00:14:59.208+0300 [DEBUG] [org.gradle.process.internal.health.memory.DefaultMemoryManager] 1693924966 physical memory requested, 1658818560 free
2026-04-29T00:14:59.208+0300 [DEBUG] [org.gradle.workers.internal.WorkerDaemonExpiration] Will attempt to release 1615 of memory
2026-04-29T00:14:59.209+0300 [DEBUG] [org.gradle.process.internal.health.memory.DefaultMemoryManager] 1693924966 physical memory requested, 0 released, 1658818560 free
2026-04-29T00:14:59.209+0300 [DEBUG] [org.gradle.process.internal.health.memory.DefaultMemoryManager] 1855869747 virtual memory requested, 1581453312 free
2026-04-29T00:14:59.209+0300 [DEBUG] [org.gradle.workers.internal.WorkerDaemonExpiration] Will attempt to release 1769 of memory
2026-04-29T00:14:59.210+0300 [DEBUG] [org.gradle.process.internal.health.memory.DefaultMemoryManager] 1855869747 virtual memory requested, 0 released, 1581453312 free
2026-04-29T00:15:04.209+0300 [DEBUG] [org.gradle.process.internal.health.memory.DefaultMemoryManager] 1693924966 physical memory requested, 1649770496 free
2026-04-29T00:15:04.209+0300 [DEBUG] [org.gradle.workers.internal.WorkerDaemonExpiration] Will attempt to release 1615 of memory
2026-04-29T00:15:04.209+0300 [DEBUG] [org.gradle.process.internal.health.memory.DefaultMemoryManager] 1693924966 physical memory requested, 0 released, 1649770496 free
2026-04-29T00:15:04.209+0300 [DEBUG] [org.gradle.process.internal.health.memory.DefaultMemoryManager] 1855869747 virtual memory requested, 1582465024 free
2026-04-29T00:15:04.210+0300 [DEBUG] [org.gradle.workers.internal.WorkerDaemonExpiration] Will attempt to release 1769 of memory
2026-04-29T00:15:04.210+0300 [DEBUG] [org.gradle.process.internal.health.memory.DefaultMemoryManager] 1855869747 virtual memory requested, 0 released, 1582465024 free
2026-04-29T00:15:08.145+0300 [DEBUG] [org.gradle.cache.internal.DefaultFileLockManager] Waiting to acquire shared lock on daemon addresses registry.
2026-04-29T00:15:08.145+0300 [DEBUG] [org.gradle.cache.internal.DefaultFileLockManager] Lock acquired on daemon addresses registry.
2026-04-29T00:15:08.146+0300 [DEBUG] [org.gradle.cache.internal.DefaultFileLockManager] Releasing lock on daemon addresses registry.
2026-04-29T00:15:08.150+0300 [DEBUG] [org.gradle.cache.internal.DefaultFileLockManager] Waiting to acquire shared lock on daemon addresses registry.
2026-04-29T00:15:08.151+0300 [DEBUG] [org.gradle.cache.internal.DefaultFileLockManager] Lock acquired on daemon addresses registry.
2026-04-29T00:15:08.152+0300 [DEBUG] [org.gradle.cache.internal.DefaultFileLockManager] Releasing lock on daemon addresses registry.
2026-04-29T00:15:08.155+0300 [DEBUG] [org.gradle.cache.internal.DefaultFileLockManager] Waiting to acquire shared lock on daemon addresses registry.
2026-04-29T00:15:08.156+0300 [DEBUG] [org.gradle.cache.internal.DefaultFileLockManager] Lock acquired on daemon addresses registry.
2026-04-29T00:15:08.157+0300 [DEBUG] [org.gradle.cache.internal.DefaultFileLockManager] Releasing lock on daemon addresses registry.
2026-04-29T00:15:09.209+0300 [DEBUG] [org.gradle.process.internal.health.memory.DefaultMemoryManager] 1693924966 physical memory requested, 1649868800 free
2026-04-29T00:15:09.209+0300 [DEBUG] [org.gradle.workers.internal.WorkerDaemonExpiration] Will attempt to release 1615 of memory
2026-04-29T00:15:09.209+0300 [DEBUG] [org.gradle.process.internal.health.memory.DefaultMemoryManager] 1693924966 physical memory requested, 0 released, 1649868800 free
2026-04-29T00:15:09.209+0300 [DEBUG] [org.gradle.process.internal.health.memory.DefaultMemoryManager] 1855869747 virtual memory requested, 1580879872 free
2026-04-29T00:15:09.209+0300 [DEBUG] [org.gradle.workers.internal.WorkerDaemonExpiration] Will attempt to release 1769 of memory
2026-04-29T00:15:09.209+0300 [DEBUG] [org.gradle.process.internal.health.memory.DefaultMemoryManager] 1855869747 virtual memory requested, 0 released, 1580879872 free
2026-04-29T00:15:14.208+0300 [DEBUG] [org.gradle.process.internal.health.memory.DefaultMemoryManager] 1693924966 physical memory requested, 1650061312 free
2026-04-29T00:15:14.208+0300 [DEBUG] [org.gradle.workers.internal.WorkerDaemonExpiration] Will attempt to release 1615 of memory
2026-04-29T00:15:14.208+0300 [DEBUG] [org.gradle.process.internal.health.memory.DefaultMemoryManager] 1693924966 physical memory requested, 0 released, 1650061312 free
2026-04-29T00:15:14.208+0300 [DEBUG] [org.gradle.process.internal.health.memory.DefaultMemoryManager] 1855869747 virtual memory requested, 1584898048 free
2026-04-29T00:15:14.209+0300 [DEBUG] [org.gradle.workers.internal.WorkerDaemonExpiration] Will attempt to release 1769 of memory
2026-04-29T00:15:14.209+0300 [DEBUG] [org.gradle.process.internal.health.memory.DefaultMemoryManager] 1855869747 virtual memory requested, 0 released, 1584898048 free
2026-04-29T00:15:18.144+0300 [DEBUG] [org.gradle.cache.internal.DefaultFileLockManager] Waiting to acquire shared lock on daemon addresses registry.
2026-04-29T00:15:18.144+0300 [DEBUG] [org.gradle.cache.internal.DefaultFileLockManager] Lock acquired on daemon addresses registry.
2026-04-29T00:15:18.145+0300 [DEBUG] [org.gradle.cache.internal.DefaultFileLockManager] Releasing lock on daemon addresses registry.
2026-04-29T00:15:18.148+0300 [DEBUG] [org.gradle.cache.internal.DefaultFileLockManager] Waiting to acquire shared lock on daemon addresses registry.
2026-04-29T00:15:18.148+0300 [DEBUG] [org.gradle.cache.internal.DefaultFileLockManager] Lock acquired on daemon addresses registry.
2026-04-29T00:15:18.149+0300 [DEBUG] [org.gradle.cache.internal.DefaultFileLockManager] Releasing lock on daemon addresses registry.
2026-04-29T00:15:18.151+0300 [DEBUG] [org.gradle.cache.internal.DefaultFileLockManager] Waiting to acquire shared lock on daemon addresses registry.
2026-04-29T00:15:18.152+0300 [DEBUG] [org.gradle.cache.internal.DefaultFileLockManager] Lock acquired on daemon addresses registry.
2026-04-29T00:15:18.152+0300 [DEBUG] [org.gradle.cache.internal.DefaultFileLockManager] Releasing lock on daemon addresses registry.
2026-04-29T00:15:19.208+0300 [DEBUG] [org.gradle.process.internal.health.memory.DefaultMemoryManager] 1693924966 physical memory requested, 1650229248 free
2026-04-29T00:15:19.208+0300 [DEBUG] [org.gradle.workers.internal.WorkerDaemonExpiration] Will attempt to release 1615 of memory
2026-04-29T00:15:19.208+0300 [DEBUG] [org.gradle.process.internal.health.memory.DefaultMemoryManager] 1693924966 physical memory requested, 0 released, 1650229248 free
2026-04-29T00:15:19.209+0300 [DEBUG] [org.gradle.process.internal.health.memory.DefaultMemoryManager] 1855869747 virtual memory requested, 1522085888 free
2026-04-29T00:15:19.209+0300 [DEBUG] [org.gradle.workers.internal.WorkerDaemonExpiration] Will attempt to release 1769 of memory
2026-04-29T00:15:19.209+0300 [DEBUG] [org.gradle.process.internal.health.memory.DefaultMemoryManager] 1855869747 virtual memory requested, 0 released, 1522085888 free
2026-04-29T00:15:24.209+0300 [DEBUG] [org.gradle.process.internal.health.memory.DefaultMemoryManager] 1693924966 physical memory requested, 1598230528 free
2026-04-29T00:15:24.209+0300 [DEBUG] [org.gradle.workers.internal.WorkerDaemonExpiration] Will attempt to release 1615 of memory
2026-04-29T00:15:24.209+0300 [DEBUG] [org.gradle.process.internal.health.memory.DefaultMemoryManager] 1693924966 physical memory requested, 0 released, 1598230528 free
2026-04-29T00:15:24.209+0300 [DEBUG] [org.gradle.process.internal.health.memory.DefaultMemoryManager] 1855869747 virtual memory requested, 1521475584 free
2026-04-29T00:15:24.209+0300 [DEBUG] [org.gradle.workers.internal.WorkerDaemonExpiration] Will attempt to release 1769 of memory
2026-04-29T00:15:24.209+0300 [DEBUG] [org.gradle.process.internal.health.memory.DefaultMemoryManager] 1855869747 virtual memory requested, 0 released, 1521475584 free
2026-04-29T00:15:28.144+0300 [DEBUG] [org.gradle.cache.internal.DefaultFileLockManager] Waiting to acquire shared lock on daemon addresses registry.
2026-04-29T00:15:28.144+0300 [DEBUG] [org.gradle.cache.internal.DefaultFileLockManager] Lock acquired on daemon addresses registry.
2026-04-29T00:15:28.144+0300 [DEBUG] [org.gradle.cache.internal.DefaultFileLockManager] Releasing lock on daemon addresses registry.
2026-04-29T00:15:28.147+0300 [DEBUG] [org.gradle.cache.internal.DefaultFileLockManager] Waiting to acquire shared lock on daemon addresses registry.
2026-04-29T00:15:28.147+0300 [DEBUG] [org.gradle.cache.internal.DefaultFileLockManager] Lock acquired on daemon addresses registry.
2026-04-29T00:15:28.148+0300 [DEBUG] [org.gradle.cache.internal.DefaultFileLockManager] Releasing lock on daemon addresses registry.
2026-04-29T00:15:28.150+0300 [DEBUG] [org.gradle.cache.internal.DefaultFileLockManager] Waiting to acquire shared lock on daemon addresses registry.
2026-04-29T00:15:28.150+0300 [DEBUG] [org.gradle.cache.internal.DefaultFileLockManager] Lock acquired on daemon addresses registry.
2026-04-29T00:15:28.151+0300 [DEBUG] [org.gradle.cache.internal.DefaultFileLockManager] Releasing lock on daemon addresses registry.
2026-04-29T00:15:29.208+0300 [DEBUG] [org.gradle.process.internal.health.memory.DefaultMemoryManager] 1693924966 physical memory requested, 1598816256 free
2026-04-29T00:15:29.209+0300 [DEBUG] [org.gradle.workers.internal.WorkerDaemonExpiration] Will attempt to release 1615 of memory
2026-04-29T00:15:29.209+0300 [DEBUG] [org.gradle.process.internal.health.memory.DefaultMemoryManager] 1693924966 physical memory requested, 0 released, 1598816256 free
2026-04-29T00:15:29.209+0300 [DEBUG] [org.gradle.process.internal.health.memory.DefaultMemoryManager] 1855869747 virtual memory requested, 1526657024 free
2026-04-29T00:15:29.209+0300 [DEBUG] [org.gradle.workers.internal.WorkerDaemonExpiration] Will attempt to release 1769 of memory
2026-04-29T00:15:29.209+0300 [DEBUG] [org.gradle.process.internal.health.memory.DefaultMemoryManager] 1855869747 virtual memory requested, 0 released, 1526657024 free
2026-04-29T00:15:34.210+0300 [DEBUG] [org.gradle.process.internal.health.memory.DefaultMemoryManager] 1693924966 physical memory requested, 1598787584 free
2026-04-29T00:15:34.210+0300 [DEBUG] [org.gradle.workers.internal.WorkerDaemonExpiration] Will attempt to release 1615 of memory
2026-04-29T00:15:34.210+0300 [DEBUG] [org.gradle.process.internal.health.memory.DefaultMemoryManager] 1693924966 physical memory requested, 0 released, 1598787584 free
2026-04-29T00:15:34.210+0300 [DEBUG] [org.gradle.process.internal.health.memory.DefaultMemoryManager] 1855869747 virtual memory requested, 1525604352 free
2026-04-29T00:15:34.210+0300 [DEBUG] [org.gradle.workers.internal.WorkerDaemonExpiration] Will attempt to release 1769 of memory
2026-04-29T00:15:34.210+0300 [DEBUG] [org.gradle.process.internal.health.memory.DefaultMemoryManager] 1855869747 virtual memory requested, 0 released, 1525604352 free
2026-04-29T00:15:38.145+0300 [DEBUG] [org.gradle.cache.internal.DefaultFileLockManager] Waiting to acquire shared lock on daemon addresses registry.
2026-04-29T00:15:38.145+0300 [DEBUG] [org.gradle.cache.internal.DefaultFileLockManager] Lock acquired on daemon addresses registry.
2026-04-29T00:15:38.145+0300 [DEBUG] [org.gradle.cache.internal.DefaultFileLockManager] Releasing lock on daemon addresses registry.
2026-04-29T00:15:38.148+0300 [DEBUG] [org.gradle.cache.internal.DefaultFileLockManager] Waiting to acquire shared lock on daemon addresses registry.
2026-04-29T00:15:38.149+0300 [DEBUG] [org.gradle.cache.internal.DefaultFileLockManager] Lock acquired on daemon addresses registry.
2026-04-29T00:15:38.149+0300 [DEBUG] [org.gradle.cache.internal.DefaultFileLockManager] Releasing lock on daemon addresses registry.
2026-04-29T00:15:38.152+0300 [DEBUG] [org.gradle.cache.internal.DefaultFileLockManager] Waiting to acquire shared lock on daemon addresses registry.
2026-04-29T00:15:38.153+0300 [DEBUG] [org.gradle.cache.internal.DefaultFileLockManager] Lock acquired on daemon addresses registry.
2026-04-29T00:15:38.153+0300 [DEBUG] [org.gradle.cache.internal.DefaultFileLockManager] Releasing lock on daemon addresses registry.
2026-04-29T00:15:39.209+0300 [DEBUG] [org.gradle.process.internal.health.memory.DefaultMemoryManager] 1693924966 physical memory requested, 1598906368 free
2026-04-29T00:15:39.209+0300 [DEBUG] [org.gradle.workers.internal.WorkerDaemonExpiration] Will attempt to release 1615 of memory
2026-04-29T00:15:39.210+0300 [DEBUG] [org.gradle.process.internal.health.memory.DefaultMemoryManager] 1693924966 physical memory requested, 0 released, 1598906368 free
2026-04-29T00:15:39.210+0300 [DEBUG] [org.gradle.process.internal.health.memory.DefaultMemoryManager] 1855869747 virtual memory requested, 1528508416 free
2026-04-29T00:15:39.210+0300 [DEBUG] [org.gradle.workers.internal.WorkerDaemonExpiration] Will attempt to release 1769 of memory
2026-04-29T00:15:39.211+0300 [DEBUG] [org.gradle.process.internal.health.memory.DefaultMemoryManager] 1855869747 virtual memory requested, 0 released, 1528508416 free
2026-04-29T00:15:44.209+0300 [DEBUG] [org.gradle.process.internal.health.memory.DefaultMemoryManager] 1693924966 physical memory requested, 1598881792 free
2026-04-29T00:15:44.209+0300 [DEBUG] [org.gradle.workers.internal.WorkerDaemonExpiration] Will attempt to release 1615 of memory
2026-04-29T00:15:44.209+0300 [DEBUG] [org.gradle.process.internal.health.memory.DefaultMemoryManager] 1693924966 physical memory requested, 0 released, 1598881792 free
2026-04-29T00:15:44.209+0300 [DEBUG] [org.gradle.process.internal.health.memory.DefaultMemoryManager] 1855869747 virtual memory requested, 1529442304 free
2026-04-29T00:15:44.210+0300 [DEBUG] [org.gradle.workers.internal.WorkerDaemonExpiration] Will attempt to release 1769 of memory
2026-04-29T00:15:44.210+0300 [DEBUG] [org.gradle.process.internal.health.memory.DefaultMemoryManager] 1855869747 virtual memory requested, 0 released, 1529442304 free
2026-04-29T00:15:48.145+0300 [DEBUG] [org.gradle.cache.internal.DefaultFileLockManager] Waiting to acquire shared lock on daemon addresses registry.
2026-04-29T00:15:48.145+0300 [DEBUG] [org.gradle.cache.internal.DefaultFileLockManager] Lock acquired on daemon addresses registry.
2026-04-29T00:15:48.146+0300 [DEBUG] [org.gradle.cache.internal.DefaultFileLockManager] Releasing lock on daemon addresses registry.
2026-04-29T00:15:48.149+0300 [DEBUG] [org.gradle.cache.internal.DefaultFileLockManager] Waiting to acquire shared lock on daemon addresses registry.
2026-04-29T00:15:48.150+0300 [DEBUG] [org.gradle.cache.internal.DefaultFileLockManager] Lock acquired on daemon addresses registry.
2026-04-29T00:15:48.151+0300 [DEBUG] [org.gradle.cache.internal.DefaultFileLockManager] Releasing lock on daemon addresses registry.
2026-04-29T00:15:48.154+0300 [DEBUG] [org.gradle.cache.internal.DefaultFileLockManager] Waiting to acquire shared lock on daemon addresses registry.
2026-04-29T00:15:48.154+0300 [DEBUG] [org.gradle.cache.internal.DefaultFileLockManager] Lock acquired on daemon addresses registry.
2026-04-29T00:15:48.155+0300 [DEBUG] [org.gradle.cache.internal.DefaultFileLockManager] Releasing lock on daemon addresses registry.
2026-04-29T00:15:49.208+0300 [DEBUG] [org.gradle.process.internal.health.memory.DefaultMemoryManager] 1693924966 physical memory requested, 1582116864 free
2026-04-29T00:15:49.208+0300 [DEBUG] [org.gradle.workers.internal.WorkerDaemonExpiration] Will attempt to release 1615 of memory
2026-04-29T00:15:49.208+0300 [DEBUG] [org.gradle.process.internal.health.memory.DefaultMemoryManager] 1693924966 physical memory requested, 0 released, 1582116864 free
2026-04-29T00:15:49.208+0300 [DEBUG] [org.gradle.process.internal.health.memory.DefaultMemoryManager] 1855869747 virtual memory requested, 1513299968 free
2026-04-29T00:15:49.209+0300 [DEBUG] [org.gradle.workers.internal.WorkerDaemonExpiration] Will attempt to release 1769 of memory
2026-04-29T00:15:49.209+0300 [DEBUG] [org.gradle.process.internal.health.memory.DefaultMemoryManager] 1855869747 virtual memory requested, 0 released, 1513299968 free
2026-04-29T00:15:54.209+0300 [DEBUG] [org.gradle.process.internal.health.memory.DefaultMemoryManager] 1693924966 physical memory requested, 1545900032 free
2026-04-29T00:15:54.209+0300 [DEBUG] [org.gradle.workers.internal.WorkerDaemonExpiration] Will attempt to release 1615 of memory
2026-04-29T00:15:54.209+0300 [DEBUG] [org.gradle.process.internal.health.memory.DefaultMemoryManager] 1693924966 physical memory requested, 0 released, 1545900032 free
2026-04-29T00:15:54.210+0300 [DEBUG] [org.gradle.process.internal.health.memory.DefaultMemoryManager] 1855869747 virtual memory requested, 1476112384 free
2026-04-29T00:15:54.210+0300 [DEBUG] [org.gradle.workers.internal.WorkerDaemonExpiration] Will attempt to release 1769 of memory
2026-04-29T00:15:54.210+0300 [DEBUG] [org.gradle.process.internal.health.memory.DefaultMemoryManager] 1855869747 virtual memory requested, 0 released, 1476112384 free
2026-04-29T00:15:58.145+0300 [DEBUG] [org.gradle.cache.internal.DefaultFileLockManager] Waiting to acquire shared lock on daemon addresses registry.
2026-04-29T00:15:58.145+0300 [DEBUG] [org.gradle.cache.internal.DefaultFileLockManager] Lock acquired on daemon addresses registry.
2026-04-29T00:15:58.145+0300 [DEBUG] [org.gradle.cache.internal.DefaultFileLockManager] Releasing lock on daemon addresses registry.
2026-04-29T00:15:58.148+0300 [DEBUG] [org.gradle.cache.internal.DefaultFileLockManager] Waiting to acquire shared lock on daemon addresses registry.
2026-04-29T00:15:58.148+0300 [DEBUG] [org.gradle.cache.internal.DefaultFileLockManager] Lock acquired on daemon addresses registry.
2026-04-29T00:15:58.149+0300 [DEBUG] [org.gradle.cache.internal.DefaultFileLockManager] Releasing lock on daemon addresses registry.
2026-04-29T00:15:58.151+0300 [DEBUG] [org.gradle.cache.internal.DefaultFileLockManager] Waiting to acquire shared lock on daemon addresses registry.
2026-04-29T00:15:58.152+0300 [DEBUG] [org.gradle.cache.internal.DefaultFileLockManager] Lock acquired on daemon addresses registry.
2026-04-29T00:15:58.152+0300 [DEBUG] [org.gradle.cache.internal.DefaultFileLockManager] Releasing lock on daemon addresses registry.
2026-04-29T00:15:59.209+0300 [DEBUG] [org.gradle.process.internal.health.memory.DefaultMemoryManager] 1693924966 physical memory requested, 1538609152 free
2026-04-29T00:15:59.209+0300 [DEBUG] [org.gradle.workers.internal.WorkerDaemonExpiration] Will attempt to release 1615 of memory
2026-04-29T00:15:59.209+0300 [DEBUG] [org.gradle.process.internal.health.memory.DefaultMemoryManager] 1693924966 physical memory requested, 0 released, 1538609152 free
2026-04-29T00:15:59.209+0300 [DEBUG] [org.gradle.process.internal.health.memory.DefaultMemoryManager] 1855869747 virtual memory requested, 1482047488 free
2026-04-29T00:15:59.209+0300 [DEBUG] [org.gradle.workers.internal.WorkerDaemonExpiration] Will attempt to release 1769 of memory
2026-04-29T00:15:59.209+0300 [DEBUG] [org.gradle.process.internal.health.memory.DefaultMemoryManager] 1855869747 virtual memory requested, 0 released, 1482047488 free
2026-04-29T00:16:04.211+0300 [DEBUG] [org.gradle.process.internal.health.memory.DefaultMemoryManager] 1693924966 physical memory requested, 1473581056 free
2026-04-29T00:16:04.211+0300 [DEBUG] [org.gradle.workers.internal.WorkerDaemonExpiration] Will attempt to release 1615 of memory
2026-04-29T00:16:04.211+0300 [DEBUG] [org.gradle.process.internal.health.memory.DefaultMemoryManager] 1693924966 physical memory requested, 0 released, 1473581056 free
2026-04-29T00:16:04.212+0300 [DEBUG] [org.gradle.process.internal.health.memory.DefaultMemoryManager] 1855869747 virtual memory requested, 1381158912 free
2026-04-29T00:16:04.212+0300 [DEBUG] [org.gradle.workers.internal.WorkerDaemonExpiration] Will attempt to release 1769 of memory
2026-04-29T00:16:04.212+0300 [DEBUG] [org.gradle.process.internal.health.memory.DefaultMemoryManager] 1855869747 virtual memory requested, 0 released, 1381158912 free
2026-04-29T00:16:08.146+0300 [DEBUG] [org.gradle.cache.internal.DefaultFileLockManager] Waiting to acquire shared lock on daemon addresses registry.
2026-04-29T00:16:08.146+0300 [DEBUG] [org.gradle.cache.internal.DefaultFileLockManager] Lock acquired on daemon addresses registry.
2026-04-29T00:16:08.147+0300 [DEBUG] [org.gradle.cache.internal.DefaultFileLockManager] Releasing lock on daemon addresses registry.
2026-04-29T00:16:08.151+0300 [DEBUG] [org.gradle.cache.internal.DefaultFileLockManager] Waiting to acquire shared lock on daemon addresses registry.
2026-04-29T00:16:08.152+0300 [DEBUG] [org.gradle.cache.internal.DefaultFileLockManager] Lock acquired on daemon addresses registry.
2026-04-29T00:16:08.152+0300 [DEBUG] [org.gradle.cache.internal.DefaultFileLockManager] Releasing lock on daemon addresses registry.
2026-04-29T00:16:08.155+0300 [DEBUG] [org.gradle.cache.internal.DefaultFileLockManager] Waiting to acquire shared lock on daemon addresses registry.
2026-04-29T00:16:08.156+0300 [DEBUG] [org.gradle.cache.internal.DefaultFileLockManager] Lock acquired on daemon addresses registry.
2026-04-29T00:16:08.156+0300 [DEBUG] [org.gradle.cache.internal.DefaultFileLockManager] Releasing lock on daemon addresses registry.
2026-04-29T00:16:09.209+0300 [DEBUG] [org.gradle.process.internal.health.memory.DefaultMemoryManager] 1855869747 virtual memory requested, 1485209600 free
2026-04-29T00:16:09.210+0300 [DEBUG] [org.gradle.workers.internal.WorkerDaemonExpiration] Will attempt to release 1769 of memory
2026-04-29T00:16:09.210+0300 [DEBUG] [org.gradle.process.internal.health.memory.DefaultMemoryManager] 1855869747 virtual memory requested, 0 released, 1485209600 free
2026-04-29T00:16:14.211+0300 [DEBUG] [org.gradle.process.internal.health.memory.DefaultMemoryManager] 1855869747 virtual memory requested, 1489334272 free
2026-04-29T00:16:14.211+0300 [DEBUG] [org.gradle.workers.internal.WorkerDaemonExpiration] Will attempt to release 1769 of memory
2026-04-29T00:16:14.211+0300 [DEBUG] [org.gradle.process.internal.health.memory.DefaultMemoryManager] 1855869747 virtual memory requested, 0 released, 1489334272 free
2026-04-29T00:16:18.145+0300 [DEBUG] [org.gradle.cache.internal.DefaultFileLockManager] Waiting to acquire shared lock on daemon addresses registry.
2026-04-29T00:16:18.145+0300 [DEBUG] [org.gradle.cache.internal.DefaultFileLockManager] Lock acquired on daemon addresses registry.
2026-04-29T00:16:18.145+0300 [DEBUG] [org.gradle.cache.internal.DefaultFileLockManager] Releasing lock on daemon addresses registry.
2026-04-29T00:16:18.148+0300 [DEBUG] [org.gradle.cache.internal.DefaultFileLockManager] Waiting to acquire shared lock on daemon addresses registry.
2026-04-29T00:16:18.149+0300 [DEBUG] [org.gradle.cache.internal.DefaultFileLockManager] Lock acquired on daemon addresses registry.
2026-04-29T00:16:18.149+0300 [DEBUG] [org.gradle.cache.internal.DefaultFileLockManager] Releasing lock on daemon addresses registry.
2026-04-29T00:16:18.151+0300 [DEBUG] [org.gradle.cache.internal.DefaultFileLockManager] Waiting to acquire shared lock on daemon addresses registry.
2026-04-29T00:16:18.152+0300 [DEBUG] [org.gradle.cache.internal.DefaultFileLockManager] Lock acquired on daemon addresses registry.
2026-04-29T00:16:18.152+0300 [DEBUG] [org.gradle.cache.internal.DefaultFileLockManager] Releasing lock on daemon addresses registry.
2026-04-29T00:16:19.209+0300 [DEBUG] [org.gradle.process.internal.health.memory.DefaultMemoryManager] 1855869747 virtual memory requested, 1494315008 free
2026-04-29T00:16:19.210+0300 [DEBUG] [org.gradle.workers.internal.WorkerDaemonExpiration] Will attempt to release 1769 of memory
2026-04-29T00:16:19.210+0300 [DEBUG] [org.gradle.process.internal.health.memory.DefaultMemoryManager] 1855869747 virtual memory requested, 0 released, 1494315008 free
2026-04-29T00:16:24.210+0300 [DEBUG] [org.gradle.process.internal.health.memory.DefaultMemoryManager] 1855869747 virtual memory requested, 1497206784 free
2026-04-29T00:16:24.211+0300 [DEBUG] [org.gradle.workers.internal.WorkerDaemonExpiration] Will attempt to release 1769 of memory
2026-04-29T00:16:24.211+0300 [DEBUG] [org.gradle.process.internal.health.memory.DefaultMemoryManager] 1855869747 virtual memory requested, 0 released, 1497206784 free
2026-04-29T00:16:28.146+0300 [DEBUG] [org.gradle.cache.internal.DefaultFileLockManager] Waiting to acquire shared lock on daemon addresses registry.
2026-04-29T00:16:28.147+0300 [DEBUG] [org.gradle.cache.internal.DefaultFileLockManager] Lock acquired on daemon addresses registry.
2026-04-29T00:16:28.148+0300 [DEBUG] [org.gradle.cache.internal.DefaultFileLockManager] Releasing lock on daemon addresses registry.
2026-04-29T00:16:28.152+0300 [DEBUG] [org.gradle.cache.internal.DefaultFileLockManager] Waiting to acquire shared lock on daemon addresses registry.
2026-04-29T00:16:28.153+0300 [DEBUG] [org.gradle.cache.internal.DefaultFileLockManager] Lock acquired on daemon addresses registry.
2026-04-29T00:16:28.154+0300 [DEBUG] [org.gradle.cache.internal.DefaultFileLockManager] Releasing lock on daemon addresses registry.
2026-04-29T00:16:28.158+0300 [DEBUG] [org.gradle.cache.internal.DefaultFileLockManager] Waiting to acquire shared lock on daemon addresses registry.
2026-04-29T00:16:28.158+0300 [DEBUG] [org.gradle.cache.internal.DefaultFileLockManager] Lock acquired on daemon addresses registry.
2026-04-29T00:16:28.159+0300 [DEBUG] [org.gradle.cache.internal.DefaultFileLockManager] Releasing lock on daemon addresses registry.
2026-04-29T00:16:29.211+0300 [DEBUG] [org.gradle.process.internal.health.memory.DefaultMemoryManager] 1855869747 virtual memory requested, 1504460800 free
2026-04-29T00:16:29.211+0300 [DEBUG] [org.gradle.workers.internal.WorkerDaemonExpiration] Will attempt to release 1769 of memory
2026-04-29T00:16:29.211+0300 [DEBUG] [org.gradle.process.internal.health.memory.DefaultMemoryManager] 1855869747 virtual memory requested, 0 released, 1504460800 free
2026-04-29T00:16:34.209+0300 [DEBUG] [org.gradle.process.internal.health.memory.DefaultMemoryManager] 1855869747 virtual memory requested, 1509670912 free
2026-04-29T00:16:34.209+0300 [DEBUG] [org.gradle.workers.internal.WorkerDaemonExpiration] Will attempt to release 1769 of memory
2026-04-29T00:16:34.209+0300 [DEBUG] [org.gradle.process.internal.health.memory.DefaultMemoryManager] 1855869747 virtual memory requested, 0 released, 1509670912 free
2026-04-29T00:16:38.146+0300 [DEBUG] [org.gradle.cache.internal.DefaultFileLockManager] Waiting to acquire shared lock on daemon addresses registry.
2026-04-29T00:16:38.147+0300 [DEBUG] [org.gradle.cache.internal.DefaultFileLockManager] Lock acquired on daemon addresses registry.
2026-04-29T00:16:38.148+0300 [DEBUG] [org.gradle.cache.internal.DefaultFileLockManager] Releasing lock on daemon addresses registry.
2026-04-29T00:16:38.153+0300 [DEBUG] [org.gradle.cache.internal.DefaultFileLockManager] Waiting to acquire shared lock on daemon addresses registry.
2026-04-29T00:16:38.153+0300 [DEBUG] [org.gradle.cache.internal.DefaultFileLockManager] Lock acquired on daemon addresses registry.
2026-04-29T00:16:38.154+0300 [DEBUG] [org.gradle.cache.internal.DefaultFileLockManager] Releasing lock on daemon addresses registry.
2026-04-29T00:16:38.157+0300 [DEBUG] [org.gradle.cache.internal.DefaultFileLockManager] Waiting to acquire shared lock on daemon addresses registry.
2026-04-29T00:16:38.158+0300 [DEBUG] [org.gradle.cache.internal.DefaultFileLockManager] Lock acquired on daemon addresses registry.
2026-04-29T00:16:38.159+0300 [DEBUG] [org.gradle.cache.internal.DefaultFileLockManager] Releasing lock on daemon addresses registry.
2026-04-29T00:16:39.210+0300 [DEBUG] [org.gradle.process.internal.health.memory.DefaultMemoryManager] 1855869747 virtual memory requested, 1511735296 free
2026-04-29T00:16:39.210+0300 [DEBUG] [org.gradle.workers.internal.WorkerDaemonExpiration] Will attempt to release 1769 of memory
2026-04-29T00:16:39.210+0300 [DEBUG] [org.gradle.process.internal.health.memory.DefaultMemoryManager] 1855869747 virtual memory requested, 0 released, 1511735296 free
2026-04-29T00:16:44.210+0300 [DEBUG] [org.gradle.process.internal.health.memory.DefaultMemoryManager] 1855869747 virtual memory requested, 1508470784 free
2026-04-29T00:16:44.211+0300 [DEBUG] [org.gradle.workers.internal.WorkerDaemonExpiration] Will attempt to release 1769 of memory
2026-04-29T00:16:44.211+0300 [DEBUG] [org.gradle.process.internal.health.memory.DefaultMemoryManager] 1855869747 virtual memory requested, 0 released, 1508470784 free
2026-04-29T00:16:48.146+0300 [DEBUG] [org.gradle.cache.internal.DefaultFileLockManager] Waiting to acquire shared lock on daemon addresses registry.
2026-04-29T00:16:48.146+0300 [DEBUG] [org.gradle.cache.internal.DefaultFileLockManager] Lock acquired on daemon addresses registry.
2026-04-29T00:16:48.146+0300 [DEBUG] [org.gradle.cache.internal.DefaultFileLockManager] Releasing lock on daemon addresses registry.
2026-04-29T00:16:48.148+0300 [DEBUG] [org.gradle.cache.internal.DefaultFileLockManager] Waiting to acquire shared lock on daemon addresses registry.
2026-04-29T00:16:48.149+0300 [DEBUG] [org.gradle.cache.internal.DefaultFileLockManager] Lock acquired on daemon addresses registry.
2026-04-29T00:16:48.149+0300 [DEBUG] [org.gradle.cache.internal.DefaultFileLockManager] Releasing lock on daemon addresses registry.
2026-04-29T00:16:48.152+0300 [DEBUG] [org.gradle.cache.internal.DefaultFileLockManager] Waiting to acquire shared lock on daemon addresses registry.
2026-04-29T00:16:48.152+0300 [DEBUG] [org.gradle.cache.internal.DefaultFileLockManager] Lock acquired on daemon addresses registry.
2026-04-29T00:16:48.153+0300 [DEBUG] [org.gradle.cache.internal.DefaultFileLockManager] Releasing lock on daemon addresses registry.
2026-04-29T00:16:49.211+0300 [DEBUG] [org.gradle.process.internal.health.memory.DefaultMemoryManager] 1855869747 virtual memory requested, 1495158784 free
2026-04-29T00:16:49.211+0300 [DEBUG] [org.gradle.workers.internal.WorkerDaemonExpiration] Will attempt to release 1769 of memory
2026-04-29T00:16:49.211+0300 [DEBUG] [org.gradle.process.internal.health.memory.DefaultMemoryManager] 1855869747 virtual memory requested, 0 released, 1495158784 free
2026-04-29T00:16:54.212+0300 [DEBUG] [org.gradle.process.internal.health.memory.DefaultMemoryManager] 1855869747 virtual memory requested, 1499033600 free
2026-04-29T00:16:54.212+0300 [DEBUG] [org.gradle.workers.internal.WorkerDaemonExpiration] Will attempt to release 1769 of memory
2026-04-29T00:16:54.212+0300 [DEBUG] [org.gradle.process.internal.health.memory.DefaultMemoryManager] 1855869747 virtual memory requested, 0 released, 1499033600 free
2026-04-29T00:16:58.145+0300 [DEBUG] [org.gradle.cache.internal.DefaultFileLockManager] Waiting to acquire shared lock on daemon addresses registry.
2026-04-29T00:16:58.145+0300 [DEBUG] [org.gradle.cache.internal.DefaultFileLockManager] Lock acquired on daemon addresses registry.
2026-04-29T00:16:58.145+0300 [DEBUG] [org.gradle.cache.internal.DefaultFileLockManager] Releasing lock on daemon addresses registry.
2026-04-29T00:16:58.149+0300 [DEBUG] [org.gradle.cache.internal.DefaultFileLockManager] Waiting to acquire shared lock on daemon addresses registry.
2026-04-29T00:16:58.149+0300 [DEBUG] [org.gradle.cache.internal.DefaultFileLockManager] Lock acquired on daemon addresses registry.
2026-04-29T00:16:58.151+0300 [DEBUG] [org.gradle.cache.internal.DefaultFileLockManager] Releasing lock on daemon addresses registry.
2026-04-29T00:16:58.154+0300 [DEBUG] [org.gradle.cache.internal.DefaultFileLockManager] Waiting to acquire shared lock on daemon addresses registry.
2026-04-29T00:16:58.154+0300 [DEBUG] [org.gradle.cache.internal.DefaultFileLockManager] Lock acquired on daemon addresses registry.
2026-04-29T00:16:58.155+0300 [DEBUG] [org.gradle.cache.internal.DefaultFileLockManager] Releasing lock on daemon addresses registry.
2026-04-29T00:16:59.209+0300 [DEBUG] [org.gradle.process.internal.health.memory.DefaultMemoryManager] 1855869747 virtual memory requested, 1508216832 free
2026-04-29T00:16:59.209+0300 [DEBUG] [org.gradle.workers.internal.WorkerDaemonExpiration] Will attempt to release 1769 of memory
2026-04-29T00:16:59.209+0300 [DEBUG] [org.gradle.process.internal.health.memory.DefaultMemoryManager] 1855869747 virtual memory requested, 0 released, 1508216832 free
2026-04-29T00:17:04.211+0300 [DEBUG] [org.gradle.process.internal.health.memory.DefaultMemoryManager] 1855869747 virtual memory requested, 1524457472 free
2026-04-29T00:17:04.211+0300 [DEBUG] [org.gradle.workers.internal.WorkerDaemonExpiration] Will attempt to release 1769 of memory
2026-04-29T00:17:04.211+0300 [DEBUG] [org.gradle.process.internal.health.memory.DefaultMemoryManager] 1855869747 virtual memory requested, 0 released, 1524457472 free
2026-04-29T00:17:08.147+0300 [DEBUG] [org.gradle.cache.internal.DefaultFileLockManager] Waiting to acquire shared lock on daemon addresses registry.
2026-04-29T00:17:08.147+0300 [DEBUG] [org.gradle.cache.internal.DefaultFileLockManager] Lock acquired on daemon addresses registry.
2026-04-29T00:17:08.148+0300 [DEBUG] [org.gradle.cache.internal.DefaultFileLockManager] Releasing lock on daemon addresses registry.
2026-04-29T00:17:08.152+0300 [DEBUG] [org.gradle.cache.internal.DefaultFileLockManager] Waiting to acquire shared lock on daemon addresses registry.
2026-04-29T00:17:08.153+0300 [DEBUG] [org.gradle.cache.internal.DefaultFileLockManager] Lock acquired on daemon addresses registry.
2026-04-29T00:17:08.154+0300 [DEBUG] [org.gradle.cache.internal.DefaultFileLockManager] Releasing lock on daemon addresses registry.
2026-04-29T00:17:08.157+0300 [DEBUG] [org.gradle.cache.internal.DefaultFileLockManager] Waiting to acquire shared lock on daemon addresses registry.
2026-04-29T00:17:08.157+0300 [DEBUG] [org.gradle.cache.internal.DefaultFileLockManager] Lock acquired on daemon addresses registry.
2026-04-29T00:17:08.158+0300 [DEBUG] [org.gradle.cache.internal.DefaultFileLockManager] Releasing lock on daemon addresses registry.
2026-04-29T00:17:09.210+0300 [DEBUG] [org.gradle.process.internal.health.memory.DefaultMemoryManager] 1855869747 virtual memory requested, 1524752384 free
2026-04-29T00:17:09.210+0300 [DEBUG] [org.gradle.workers.internal.WorkerDaemonExpiration] Will attempt to release 1769 of memory
2026-04-29T00:17:09.210+0300 [DEBUG] [org.gradle.process.internal.health.memory.DefaultMemoryManager] 1855869747 virtual memory requested, 0 released, 1524752384 free
2026-04-29T00:17:14.211+0300 [DEBUG] [org.gradle.process.internal.health.memory.DefaultMemoryManager] 1855869747 virtual memory requested, 1527500800 free
2026-04-29T00:17:14.211+0300 [DEBUG] [org.gradle.workers.internal.WorkerDaemonExpiration] Will attempt to release 1769 of memory
2026-04-29T00:17:14.211+0300 [DEBUG] [org.gradle.process.internal.health.memory.DefaultMemoryManager] 1855869747 virtual memory requested, 0 released, 1527500800 free
2026-04-29T00:17:18.146+0300 [DEBUG] [org.gradle.cache.internal.DefaultFileLockManager] Waiting to acquire shared lock on daemon addresses registry.
2026-04-29T00:17:18.146+0300 [DEBUG] [org.gradle.cache.internal.DefaultFileLockManager] Lock acquired on daemon addresses registry.
2026-04-29T00:17:18.146+0300 [DEBUG] [org.gradle.cache.internal.DefaultFileLockManager] Releasing lock on daemon addresses registry.
2026-04-29T00:17:18.148+0300 [DEBUG] [org.gradle.cache.internal.DefaultFileLockManager] Waiting to acquire shared lock on daemon addresses registry.
2026-04-29T00:17:18.148+0300 [DEBUG] [org.gradle.cache.internal.DefaultFileLockManager] Lock acquired on daemon addresses registry.
2026-04-29T00:17:18.149+0300 [DEBUG] [org.gradle.cache.internal.DefaultFileLockManager] Releasing lock on daemon addresses registry.
2026-04-29T00:17:18.151+0300 [DEBUG] [org.gradle.cache.internal.DefaultFileLockManager] Waiting to acquire shared lock on daemon addresses registry.
2026-04-29T00:17:18.151+0300 [DEBUG] [org.gradle.cache.internal.DefaultFileLockManager] Lock acquired on daemon addresses registry.
2026-04-29T00:17:18.152+0300 [DEBUG] [org.gradle.cache.internal.DefaultFileLockManager] Releasing lock on daemon addresses registry.
2026-04-29T00:17:19.210+0300 [DEBUG] [org.gradle.process.internal.health.memory.DefaultMemoryManager] 1855869747 virtual memory requested, 1510735872 free
2026-04-29T00:17:19.210+0300 [DEBUG] [org.gradle.workers.internal.WorkerDaemonExpiration] Will attempt to release 1769 of memory
2026-04-29T00:17:19.211+0300 [DEBUG] [org.gradle.process.internal.health.memory.DefaultMemoryManager] 1855869747 virtual memory requested, 0 released, 1510735872 free
2026-04-29T00:17:24.210+0300 [DEBUG] [org.gradle.process.internal.health.memory.DefaultMemoryManager] 1855869747 virtual memory requested, 1511391232 free
2026-04-29T00:17:24.210+0300 [DEBUG] [org.gradle.workers.internal.WorkerDaemonExpiration] Will attempt to release 1769 of memory
2026-04-29T00:17:24.210+0300 [DEBUG] [org.gradle.process.internal.health.memory.DefaultMemoryManager] 1855869747 virtual memory requested, 0 released, 1511391232 free
2026-04-29T00:17:28.148+0300 [DEBUG] [org.gradle.cache.internal.DefaultFileLockManager] Waiting to acquire shared lock on daemon addresses registry.
2026-04-29T00:17:28.148+0300 [DEBUG] [org.gradle.cache.internal.DefaultFileLockManager] Lock acquired on daemon addresses registry.
2026-04-29T00:17:28.149+0300 [DEBUG] [org.gradle.cache.internal.DefaultFileLockManager] Releasing lock on daemon addresses registry.
2026-04-29T00:17:28.154+0300 [DEBUG] [org.gradle.cache.internal.DefaultFileLockManager] Waiting to acquire shared lock on daemon addresses registry.
2026-04-29T00:17:28.154+0300 [DEBUG] [org.gradle.cache.internal.DefaultFileLockManager] Lock acquired on daemon addresses registry.
2026-04-29T00:17:28.155+0300 [DEBUG] [org.gradle.cache.internal.DefaultFileLockManager] Releasing lock on daemon addresses registry.
2026-04-29T00:17:28.159+0300 [DEBUG] [org.gradle.cache.internal.DefaultFileLockManager] Waiting to acquire shared lock on daemon addresses registry.
2026-04-29T00:17:28.160+0300 [DEBUG] [org.gradle.cache.internal.DefaultFileLockManager] Lock acquired on daemon addresses registry.
2026-04-29T00:17:28.161+0300 [DEBUG] [org.gradle.cache.internal.DefaultFileLockManager] Releasing lock on daemon addresses registry.
2026-04-29T00:17:29.210+0300 [DEBUG] [org.gradle.process.internal.health.memory.DefaultMemoryManager] 1855869747 virtual memory requested, 1505632256 free
2026-04-29T00:17:29.210+0300 [DEBUG] [org.gradle.workers.internal.WorkerDaemonExpiration] Will attempt to release 1769 of memory
2026-04-29T00:17:29.210+0300 [DEBUG] [org.gradle.process.internal.health.memory.DefaultMemoryManager] 1855869747 virtual memory requested, 0 released, 1505632256 free
2026-04-29T00:17:32.145+0300 [DEBUG] [sun.rmi.client.ref] RMI RenewClean-[127.0.0.1:17764,org.jetbrains.kotlin.daemon.common.LoopbackNetworkInterface$ClientLoopbackSocketFactory@6ad31d9c]: get connection
2026-04-29T00:17:32.146+0300 [DEBUG] [sun.rmi.transport.tcp] RMI RenewClean-[127.0.0.1:17764,org.jetbrains.kotlin.daemon.common.LoopbackNetworkInterface$ClientLoopbackSocketFactory@6ad31d9c]: create connection
2026-04-29T00:17:32.149+0300 [DEBUG] [sun.rmi.loader] RMI RenewClean-[127.0.0.1:17764,org.jetbrains.kotlin.daemon.common.LoopbackNetworkInterface$ClientLoopbackSocketFactory@6ad31d9c]: name = "java.rmi.dgc.Lease", codebase = "", defaultLoader = jdk.internal.loader.ClassLoaders$PlatformClassLoader@2b21322
2026-04-29T00:17:32.150+0300 [DEBUG] [sun.rmi.loader] RMI RenewClean-[127.0.0.1:17764,org.jetbrains.kotlin.daemon.common.LoopbackNetworkInterface$ClientLoopbackSocketFactory@6ad31d9c]: name = "java.rmi.dgc.VMID", codebase = "", defaultLoader = jdk.internal.loader.ClassLoaders$PlatformClassLoader@2b21322
2026-04-29T00:17:32.150+0300 [DEBUG] [sun.rmi.loader] RMI RenewClean-[127.0.0.1:17764,org.jetbrains.kotlin.daemon.common.LoopbackNetworkInterface$ClientLoopbackSocketFactory@6ad31d9c]: name = "[B", codebase = "", defaultLoader = jdk.internal.loader.ClassLoaders$PlatformClassLoader@2b21322
2026-04-29T00:17:32.150+0300 [DEBUG] [sun.rmi.loader] RMI RenewClean-[127.0.0.1:17764,org.jetbrains.kotlin.daemon.common.LoopbackNetworkInterface$ClientLoopbackSocketFactory@6ad31d9c]: name = "java.rmi.server.UID", codebase = "", defaultLoader = jdk.internal.loader.ClassLoaders$PlatformClassLoader@2b21322
2026-04-29T00:17:32.151+0300 [DEBUG] [sun.rmi.client.ref] RMI RenewClean-[127.0.0.1:17764,org.jetbrains.kotlin.daemon.common.LoopbackNetworkInterface$ClientLoopbackSocketFactory@6ad31d9c]: free connection (reuse = true)
2026-04-29T00:17:32.151+0300 [DEBUG] [sun.rmi.transport.tcp] RMI RenewClean-[127.0.0.1:17764,org.jetbrains.kotlin.daemon.common.LoopbackNetworkInterface$ClientLoopbackSocketFactory@6ad31d9c]: reuse connection
2026-04-29T00:17:32.151+0300 [DEBUG] [sun.rmi.transport.tcp] RMI RenewClean-[127.0.0.1:17764,org.jetbrains.kotlin.daemon.common.LoopbackNetworkInterface$ClientLoopbackSocketFactory@6ad31d9c]: create reaper
2026-04-29T00:17:32.177+0300 [DEBUG] [sun.rmi.transport.tcp] RMI TCP Connection(13)-127.0.0.1: accepted socket from [127.0.0.1:57890]
2026-04-29T00:17:32.178+0300 [DEBUG] [sun.rmi.transport.tcp] RMI TCP Connection(13)-127.0.0.1: (port 56662) op = 80
2026-04-29T00:17:32.178+0300 [DEBUG] [sun.rmi.loader] RMI TCP Connection(13)-127.0.0.1: name = "[Ljava.rmi.server.ObjID;", codebase = "", defaultLoader = jdk.internal.loader.ClassLoaders$PlatformClassLoader@2b21322
2026-04-29T00:17:32.178+0300 [DEBUG] [sun.rmi.loader] RMI TCP Connection(13)-127.0.0.1: name = "java.rmi.dgc.Lease", codebase = "", defaultLoader = jdk.internal.loader.ClassLoaders$PlatformClassLoader@2b21322
2026-04-29T00:17:32.179+0300 [DEBUG] [sun.rmi.loader] RMI TCP Connection(13)-127.0.0.1: name = "java.rmi.dgc.VMID", codebase = "", defaultLoader = jdk.internal.loader.ClassLoaders$PlatformClassLoader@2b21322
2026-04-29T00:17:32.179+0300 [DEBUG] [sun.rmi.loader] RMI TCP Connection(13)-127.0.0.1: name = "[B", codebase = "", defaultLoader = jdk.internal.loader.ClassLoaders$PlatformClassLoader@2b21322
2026-04-29T00:17:32.179+0300 [DEBUG] [sun.rmi.loader] RMI TCP Connection(13)-127.0.0.1: name = "java.rmi.server.UID", codebase = "", defaultLoader = jdk.internal.loader.ClassLoaders$PlatformClassLoader@2b21322
2026-04-29T00:17:34.210+0300 [DEBUG] [org.gradle.process.internal.health.memory.DefaultMemoryManager] 1855869747 virtual memory requested, 1509703680 free
2026-04-29T00:17:34.210+0300 [DEBUG] [org.gradle.workers.internal.WorkerDaemonExpiration] Will attempt to release 1769 of memory
2026-04-29T00:17:34.210+0300 [DEBUG] [org.gradle.process.internal.health.memory.DefaultMemoryManager] 1855869747 virtual memory requested, 0 released, 1509703680 free
2026-04-29T00:17:38.146+0300 [DEBUG] [org.gradle.cache.internal.DefaultFileLockManager] Waiting to acquire shared lock on daemon addresses registry.
2026-04-29T00:17:38.146+0300 [DEBUG] [org.gradle.cache.internal.DefaultFileLockManager] Lock acquired on daemon addresses registry.
2026-04-29T00:17:38.146+0300 [DEBUG] [org.gradle.cache.internal.DefaultFileLockManager] Releasing lock on daemon addresses registry.
2026-04-29T00:17:38.149+0300 [DEBUG] [org.gradle.cache.internal.DefaultFileLockManager] Waiting to acquire shared lock on daemon addresses registry.
2026-04-29T00:17:38.149+0300 [DEBUG] [org.gradle.cache.internal.DefaultFileLockManager] Lock acquired on daemon addresses registry.
2026-04-29T00:17:38.150+0300 [DEBUG] [org.gradle.cache.internal.DefaultFileLockManager] Releasing lock on daemon addresses registry.
2026-04-29T00:17:38.153+0300 [DEBUG] [org.gradle.cache.internal.DefaultFileLockManager] Waiting to acquire shared lock on daemon addresses registry.
2026-04-29T00:17:38.153+0300 [DEBUG] [org.gradle.cache.internal.DefaultFileLockManager] Lock acquired on daemon addresses registry.
2026-04-29T00:17:38.154+0300 [DEBUG] [org.gradle.cache.internal.DefaultFileLockManager] Releasing lock on daemon addresses registry.
2026-04-29T00:17:39.210+0300 [DEBUG] [org.gradle.process.internal.health.memory.DefaultMemoryManager] 1855869747 virtual memory requested, 1503068160 free
2026-04-29T00:17:39.210+0300 [DEBUG] [org.gradle.workers.internal.WorkerDaemonExpiration] Will attempt to release 1769 of memory
2026-04-29T00:17:39.211+0300 [DEBUG] [org.gradle.process.internal.health.memory.DefaultMemoryManager] 1855869747 virtual memory requested, 0 released, 1503068160 free
2026-04-29T00:17:44.211+0300 [DEBUG] [org.gradle.process.internal.health.memory.DefaultMemoryManager] 1855869747 virtual memory requested, 1506222080 free
2026-04-29T00:17:44.211+0300 [DEBUG] [org.gradle.workers.internal.WorkerDaemonExpiration] Will attempt to release 1769 of memory
2026-04-29T00:17:44.211+0300 [DEBUG] [org.gradle.process.internal.health.memory.DefaultMemoryManager] 1855869747 virtual memory requested, 0 released, 1506222080 free
2026-04-29T00:17:47.153+0300 [DEBUG] [sun.rmi.transport.tcp] RMI Scheduler(0): close connection, socket: Socket[addr=localhost/127.0.0.1,port=17764,localport=57889]
2026-04-29T00:17:47.183+0300 [DEBUG] [sun.rmi.transport.tcp] RMI TCP Connection(13)-127.0.0.1: (port 56662) connection closed
2026-04-29T00:17:47.183+0300 [DEBUG] [sun.rmi.transport.tcp] RMI TCP Connection(13)-127.0.0.1: close connection, socket: Socket[addr=/127.0.0.1,port=57890,localport=56662]
2026-04-29T00:17:47.184+0300 [DEBUG] [sun.rmi.transport.tcp] RMI TCP Connection(13)-127.0.0.1: socket close: Socket[addr=/127.0.0.1,port=57890,localport=56662]
2026-04-29T00:17:48.146+0300 [DEBUG] [org.gradle.cache.internal.DefaultFileLockManager] Waiting to acquire shared lock on daemon addresses registry.
2026-04-29T00:17:48.146+0300 [DEBUG] [org.gradle.cache.internal.DefaultFileLockManager] Lock acquired on daemon addresses registry.
2026-04-29T00:17:48.147+0300 [DEBUG] [org.gradle.cache.internal.DefaultFileLockManager] Releasing lock on daemon addresses registry.
2026-04-29T00:17:48.150+0300 [DEBUG] [org.gradle.cache.internal.DefaultFileLockManager] Waiting to acquire shared lock on daemon addresses registry.
2026-04-29T00:17:48.150+0300 [DEBUG] [org.gradle.cache.internal.DefaultFileLockManager] Lock acquired on daemon addresses registry.
2026-04-29T00:17:48.151+0300 [DEBUG] [org.gradle.cache.internal.DefaultFileLockManager] Releasing lock on daemon addresses registry.
2026-04-29T00:17:48.154+0300 [DEBUG] [org.gradle.cache.internal.DefaultFileLockManager] Waiting to acquire shared lock on daemon addresses registry.
2026-04-29T00:17:48.154+0300 [DEBUG] [org.gradle.cache.internal.DefaultFileLockManager] Lock acquired on daemon addresses registry.
2026-04-29T00:17:48.155+0300 [DEBUG] [org.gradle.cache.internal.DefaultFileLockManager] Releasing lock on daemon addresses registry.
2026-04-29T00:17:49.211+0300 [DEBUG] [org.gradle.process.internal.health.memory.DefaultMemoryManager] 1855869747 virtual memory requested, 1499934720 free
2026-04-29T00:17:49.211+0300 [DEBUG] [org.gradle.workers.internal.WorkerDaemonExpiration] Will attempt to release 1769 of memory
2026-04-29T00:17:49.211+0300 [DEBUG] [org.gradle.process.internal.health.memory.DefaultMemoryManager] 1855869747 virtual memory requested, 0 released, 1499934720 free
2026-04-29T00:17:54.212+0300 [DEBUG] [org.gradle.process.internal.health.memory.DefaultMemoryManager] 1855869747 virtual memory requested, 1431932928 free
2026-04-29T00:17:54.212+0300 [DEBUG] [org.gradle.workers.internal.WorkerDaemonExpiration] Will attempt to release 1769 of memory
2026-04-29T00:17:54.212+0300 [DEBUG] [org.gradle.process.internal.health.memory.DefaultMemoryManager] 1855869747 virtual memory requested, 0 released, 1431932928 free
2026-04-29T00:17:58.147+0300 [DEBUG] [org.gradle.cache.internal.DefaultFileLockManager] Waiting to acquire shared lock on daemon addresses registry.
2026-04-29T00:17:58.147+0300 [DEBUG] [org.gradle.cache.internal.DefaultFileLockManager] Lock acquired on daemon addresses registry.
2026-04-29T00:17:58.148+0300 [DEBUG] [org.gradle.cache.internal.DefaultFileLockManager] Releasing lock on daemon addresses registry.
2026-04-29T00:17:58.150+0300 [DEBUG] [org.gradle.cache.internal.DefaultFileLockManager] Waiting to acquire shared lock on daemon addresses registry.
2026-04-29T00:17:58.151+0300 [DEBUG] [org.gradle.cache.internal.DefaultFileLockManager] Lock acquired on daemon addresses registry.
2026-04-29T00:17:58.151+0300 [DEBUG] [org.gradle.cache.internal.DefaultFileLockManager] Releasing lock on daemon addresses registry.
2026-04-29T00:17:58.154+0300 [DEBUG] [org.gradle.cache.internal.DefaultFileLockManager] Waiting to acquire shared lock on daemon addresses registry.
2026-04-29T00:17:58.154+0300 [DEBUG] [org.gradle.cache.internal.DefaultFileLockManager] Lock acquired on daemon addresses registry.
2026-04-29T00:17:58.155+0300 [DEBUG] [org.gradle.cache.internal.DefaultFileLockManager] Releasing lock on daemon addresses registry.
2026-04-29T00:17:59.211+0300 [DEBUG] [org.gradle.process.internal.health.memory.DefaultMemoryManager] 1855869747 virtual memory requested, 1431404544 free
2026-04-29T00:17:59.211+0300 [DEBUG] [org.gradle.workers.internal.WorkerDaemonExpiration] Will attempt to release 1769 of memory
2026-04-29T00:17:59.211+0300 [DEBUG] [org.gradle.process.internal.health.memory.DefaultMemoryManager] 1855869747 virtual memory requested, 0 released, 1431404544 free
2026-04-29T00:18:04.211+0300 [DEBUG] [org.gradle.process.internal.health.memory.DefaultMemoryManager] 1855869747 virtual memory requested, 1428611072 free
2026-04-29T00:18:04.211+0300 [DEBUG] [org.gradle.workers.internal.WorkerDaemonExpiration] Will attempt to release 1769 of memory
2026-04-29T00:18:04.211+0300 [DEBUG] [org.gradle.process.internal.health.memory.DefaultMemoryManager] 1855869747 virtual memory requested, 0 released, 1428611072 free
2026-04-29T00:18:08.146+0300 [DEBUG] [org.gradle.cache.internal.DefaultFileLockManager] Waiting to acquire shared lock on daemon addresses registry.
2026-04-29T00:18:08.146+0300 [DEBUG] [org.gradle.cache.internal.DefaultFileLockManager] Lock acquired on daemon addresses registry.
2026-04-29T00:18:08.146+0300 [DEBUG] [org.gradle.cache.internal.DefaultFileLockManager] Releasing lock on daemon addresses registry.
2026-04-29T00:18:08.149+0300 [DEBUG] [org.gradle.cache.internal.DefaultFileLockManager] Waiting to acquire shared lock on daemon addresses registry.
2026-04-29T00:18:08.149+0300 [DEBUG] [org.gradle.cache.internal.DefaultFileLockManager] Lock acquired on daemon addresses registry.
2026-04-29T00:18:08.150+0300 [DEBUG] [org.gradle.cache.internal.DefaultFileLockManager] Releasing lock on daemon addresses registry.
2026-04-29T00:18:08.152+0300 [DEBUG] [org.gradle.cache.internal.DefaultFileLockManager] Waiting to acquire shared lock on daemon addresses registry.
2026-04-29T00:18:08.152+0300 [DEBUG] [org.gradle.cache.internal.DefaultFileLockManager] Lock acquired on daemon addresses registry.
2026-04-29T00:18:08.152+0300 [DEBUG] [org.gradle.cache.internal.DefaultFileLockManager] Releasing lock on daemon addresses registry.
2026-04-29T00:18:09.210+0300 [DEBUG] [org.gradle.process.internal.health.memory.DefaultMemoryManager] 1855869747 virtual memory requested, 1421496320 free
2026-04-29T00:18:09.210+0300 [DEBUG] [org.gradle.workers.internal.WorkerDaemonExpiration] Will attempt to release 1769 of memory
2026-04-29T00:18:09.210+0300 [DEBUG] [org.gradle.process.internal.health.memory.DefaultMemoryManager] 1855869747 virtual memory requested, 0 released, 1421496320 free
2026-04-29T00:18:14.211+0300 [DEBUG] [org.gradle.process.internal.health.memory.DefaultMemoryManager] 1855869747 virtual memory requested, 1418715136 free
2026-04-29T00:18:14.211+0300 [DEBUG] [org.gradle.workers.internal.WorkerDaemonExpiration] Will attempt to release 1769 of memory
2026-04-29T00:18:14.211+0300 [DEBUG] [org.gradle.process.internal.health.memory.DefaultMemoryManager] 1855869747 virtual memory requested, 0 released, 1418715136 free
2026-04-29T00:18:18.147+0300 [DEBUG] [org.gradle.cache.internal.DefaultFileLockManager] Waiting to acquire shared lock on daemon addresses registry.
2026-04-29T00:18:18.147+0300 [DEBUG] [org.gradle.cache.internal.DefaultFileLockManager] Lock acquired on daemon addresses registry.
2026-04-29T00:18:18.148+0300 [DEBUG] [org.gradle.cache.internal.DefaultFileLockManager] Releasing lock on daemon addresses registry.
2026-04-29T00:18:18.152+0300 [DEBUG] [org.gradle.cache.internal.DefaultFileLockManager] Waiting to acquire shared lock on daemon addresses registry.
2026-04-29T00:18:18.153+0300 [DEBUG] [org.gradle.cache.internal.DefaultFileLockManager] Lock acquired on daemon addresses registry.
2026-04-29T00:18:18.153+0300 [DEBUG] [org.gradle.cache.internal.DefaultFileLockManager] Releasing lock on daemon addresses registry.
2026-04-29T00:18:18.156+0300 [DEBUG] [org.gradle.cache.internal.DefaultFileLockManager] Waiting to acquire shared lock on daemon addresses registry.
2026-04-29T00:18:18.156+0300 [DEBUG] [org.gradle.cache.internal.DefaultFileLockManager] Lock acquired on daemon addresses registry.
2026-04-29T00:18:18.157+0300 [DEBUG] [org.gradle.cache.internal.DefaultFileLockManager] Releasing lock on daemon addresses registry.
2026-04-29T00:18:19.212+0300 [DEBUG] [org.gradle.process.internal.health.memory.DefaultMemoryManager] 1855869747 virtual memory requested, 1417838592 free
2026-04-29T00:18:19.212+0300 [DEBUG] [org.gradle.workers.internal.WorkerDaemonExpiration] Will attempt to release 1769 of memory
2026-04-29T00:18:19.212+0300 [DEBUG] [org.gradle.process.internal.health.memory.DefaultMemoryManager] 1855869747 virtual memory requested, 0 released, 1417838592 free
2026-04-29T00:18:24.212+0300 [DEBUG] [org.gradle.process.internal.health.memory.DefaultMemoryManager] 1855869747 virtual memory requested, 1424248832 free
2026-04-29T00:18:24.212+0300 [DEBUG] [org.gradle.workers.internal.WorkerDaemonExpiration] Will attempt to release 1769 of memory
2026-04-29T00:18:24.212+0300 [DEBUG] [org.gradle.process.internal.health.memory.DefaultMemoryManager] 1855869747 virtual memory requested, 0 released, 1424248832 free
2026-04-29T00:18:28.148+0300 [DEBUG] [org.gradle.cache.internal.DefaultFileLockManager] Waiting to acquire shared lock on daemon addresses registry.
2026-04-29T00:18:28.148+0300 [DEBUG] [org.gradle.cache.internal.DefaultFileLockManager] Lock acquired on daemon addresses registry.
2026-04-29T00:18:28.148+0300 [DEBUG] [org.gradle.cache.internal.DefaultFileLockManager] Releasing lock on daemon addresses registry.
2026-04-29T00:18:28.151+0300 [DEBUG] [org.gradle.cache.internal.DefaultFileLockManager] Waiting to acquire shared lock on daemon addresses registry.
2026-04-29T00:18:28.152+0300 [DEBUG] [org.gradle.cache.internal.DefaultFileLockManager] Lock acquired on daemon addresses registry.
2026-04-29T00:18:28.152+0300 [DEBUG] [org.gradle.cache.internal.DefaultFileLockManager] Releasing lock on daemon addresses registry.
2026-04-29T00:18:28.155+0300 [DEBUG] [org.gradle.cache.internal.DefaultFileLockManager] Waiting to acquire shared lock on daemon addresses registry.
2026-04-29T00:18:28.155+0300 [DEBUG] [org.gradle.cache.internal.DefaultFileLockManager] Lock acquired on daemon addresses registry.
2026-04-29T00:18:28.156+0300 [DEBUG] [org.gradle.cache.internal.DefaultFileLockManager] Releasing lock on daemon addresses registry.
2026-04-29T00:18:29.211+0300 [DEBUG] [org.gradle.process.internal.health.memory.DefaultMemoryManager] 1855869747 virtual memory requested, 1424211968 free
2026-04-29T00:18:29.212+0300 [DEBUG] [org.gradle.workers.internal.WorkerDaemonExpiration] Will attempt to release 1769 of memory
2026-04-29T00:18:29.212+0300 [DEBUG] [org.gradle.process.internal.health.memory.DefaultMemoryManager] 1855869747 virtual memory requested, 0 released, 1424211968 free
2026-04-29T00:18:34.211+0300 [DEBUG] [org.gradle.process.internal.health.memory.DefaultMemoryManager] 1855869747 virtual memory requested, 1421709312 free
2026-04-29T00:18:34.211+0300 [DEBUG] [org.gradle.workers.internal.WorkerDaemonExpiration] Will attempt to release 1769 of memory
2026-04-29T00:18:34.211+0300 [DEBUG] [org.gradle.process.internal.health.memory.DefaultMemoryManager] 1855869747 virtual memory requested, 0 released, 1421709312 free
2026-04-29T00:18:38.148+0300 [DEBUG] [org.gradle.cache.internal.DefaultFileLockManager] Waiting to acquire shared lock on daemon addresses registry.
2026-04-29T00:18:38.148+0300 [DEBUG] [org.gradle.cache.internal.DefaultFileLockManager] Lock acquired on daemon addresses registry.
2026-04-29T00:18:38.149+0300 [DEBUG] [org.gradle.cache.internal.DefaultFileLockManager] Releasing lock on daemon addresses registry.
2026-04-29T00:18:38.154+0300 [DEBUG] [org.gradle.cache.internal.DefaultFileLockManager] Waiting to acquire shared lock on daemon addresses registry.
2026-04-29T00:18:38.155+0300 [DEBUG] [org.gradle.cache.internal.DefaultFileLockManager] Lock acquired on daemon addresses registry.
2026-04-29T00:18:38.155+0300 [DEBUG] [org.gradle.cache.internal.DefaultFileLockManager] Releasing lock on daemon addresses registry.
2026-04-29T00:18:38.160+0300 [DEBUG] [org.gradle.cache.internal.DefaultFileLockManager] Waiting to acquire shared lock on daemon addresses registry.
2026-04-29T00:18:38.160+0300 [DEBUG] [org.gradle.cache.internal.DefaultFileLockManager] Lock acquired on daemon addresses registry.
2026-04-29T00:18:38.161+0300 [DEBUG] [org.gradle.cache.internal.DefaultFileLockManager] Releasing lock on daemon addresses registry.
2026-04-29T00:18:39.212+0300 [DEBUG] [org.gradle.process.internal.health.memory.DefaultMemoryManager] 1855869747 virtual memory requested, 1425068032 free
2026-04-29T00:18:39.212+0300 [DEBUG] [org.gradle.workers.internal.WorkerDaemonExpiration] Will attempt to release 1769 of memory
2026-04-29T00:18:39.212+0300 [DEBUG] [org.gradle.process.internal.health.memory.DefaultMemoryManager] 1855869747 virtual memory requested, 0 released, 1425068032 free
2026-04-29T00:18:44.212+0300 [DEBUG] [org.gradle.process.internal.health.memory.DefaultMemoryManager] 1855869747 virtual memory requested, 1455325184 free
2026-04-29T00:18:44.212+0300 [DEBUG] [org.gradle.workers.internal.WorkerDaemonExpiration] Will attempt to release 1769 of memory
2026-04-29T00:18:44.212+0300 [DEBUG] [org.gradle.process.internal.health.memory.DefaultMemoryManager] 1855869747 virtual memory requested, 0 released, 1455325184 free
2026-04-29T00:18:48.147+0300 [DEBUG] [org.gradle.cache.internal.DefaultFileLockManager] Waiting to acquire shared lock on daemon addresses registry.
2026-04-29T00:18:48.147+0300 [DEBUG] [org.gradle.cache.internal.DefaultFileLockManager] Lock acquired on daemon addresses registry.
2026-04-29T00:18:48.148+0300 [DEBUG] [org.gradle.cache.internal.DefaultFileLockManager] Releasing lock on daemon addresses registry.
2026-04-29T00:18:48.151+0300 [DEBUG] [org.gradle.cache.internal.DefaultFileLockManager] Waiting to acquire shared lock on daemon addresses registry.
2026-04-29T00:18:48.151+0300 [DEBUG] [org.gradle.cache.internal.DefaultFileLockManager] Lock acquired on daemon addresses registry.
2026-04-29T00:18:48.152+0300 [DEBUG] [org.gradle.cache.internal.DefaultFileLockManager] Releasing lock on daemon addresses registry.
2026-04-29T00:18:48.155+0300 [DEBUG] [org.gradle.cache.internal.DefaultFileLockManager] Waiting to acquire shared lock on daemon addresses registry.
2026-04-29T00:18:48.156+0300 [DEBUG] [org.gradle.cache.internal.DefaultFileLockManager] Lock acquired on daemon addresses registry.
2026-04-29T00:18:48.157+0300 [DEBUG] [org.gradle.cache.internal.DefaultFileLockManager] Releasing lock on daemon addresses registry.
2026-04-29T00:18:49.211+0300 [DEBUG] [org.gradle.process.internal.health.memory.DefaultMemoryManager] 1855869747 virtual memory requested, 1458626560 free
2026-04-29T00:18:49.212+0300 [DEBUG] [org.gradle.workers.internal.WorkerDaemonExpiration] Will attempt to release 1769 of memory
2026-04-29T00:18:49.212+0300 [DEBUG] [org.gradle.process.internal.health.memory.DefaultMemoryManager] 1855869747 virtual memory requested, 0 released, 1458626560 free
2026-04-29T00:18:54.211+0300 [DEBUG] [org.gradle.process.internal.health.memory.DefaultMemoryManager] 1855869747 virtual memory requested, 1456619520 free
2026-04-29T00:18:54.211+0300 [DEBUG] [org.gradle.workers.internal.WorkerDaemonExpiration] Will attempt to release 1769 of memory
2026-04-29T00:18:54.211+0300 [DEBUG] [org.gradle.process.internal.health.memory.DefaultMemoryManager] 1855869747 virtual memory requested, 0 released, 1456619520 free
2026-04-29T00:18:58.146+0300 [DEBUG] [org.gradle.cache.internal.DefaultFileLockManager] Waiting to acquire shared lock on daemon addresses registry.
2026-04-29T00:18:58.146+0300 [DEBUG] [org.gradle.cache.internal.DefaultFileLockManager] Lock acquired on daemon addresses registry.
2026-04-29T00:18:58.146+0300 [DEBUG] [org.gradle.cache.internal.DefaultFileLockManager] Releasing lock on daemon addresses registry.
2026-04-29T00:18:58.148+0300 [DEBUG] [org.gradle.cache.internal.DefaultFileLockManager] Waiting to acquire shared lock on daemon addresses registry.
2026-04-29T00:18:58.148+0300 [DEBUG] [org.gradle.cache.internal.DefaultFileLockManager] Lock acquired on daemon addresses registry.
2026-04-29T00:18:58.149+0300 [DEBUG] [org.gradle.cache.internal.DefaultFileLockManager] Releasing lock on daemon addresses registry.
2026-04-29T00:18:58.150+0300 [DEBUG] [org.gradle.cache.internal.DefaultFileLockManager] Waiting to acquire shared lock on daemon addresses registry.
2026-04-29T00:18:58.150+0300 [DEBUG] [org.gradle.cache.internal.DefaultFileLockManager] Lock acquired on daemon addresses registry.
2026-04-29T00:18:58.151+0300 [DEBUG] [org.gradle.cache.internal.DefaultFileLockManager] Releasing lock on daemon addresses registry.
2026-04-29T00:18:59.211+0300 [DEBUG] [org.gradle.process.internal.health.memory.DefaultMemoryManager] 1855869747 virtual memory requested, 1458946048 free
2026-04-29T00:18:59.211+0300 [DEBUG] [org.gradle.workers.internal.WorkerDaemonExpiration] Will attempt to release 1769 of memory
2026-04-29T00:18:59.211+0300 [DEBUG] [org.gradle.process.internal.health.memory.DefaultMemoryManager] 1855869747 virtual memory requested, 0 released, 1458946048 free
2026-04-29T00:19:04.212+0300 [DEBUG] [org.gradle.process.internal.health.memory.DefaultMemoryManager] 1855869747 virtual memory requested, 1460314112 free
2026-04-29T00:19:04.212+0300 [DEBUG] [org.gradle.workers.internal.WorkerDaemonExpiration] Will attempt to release 1769 of memory
2026-04-29T00:19:04.212+0300 [DEBUG] [org.gradle.process.internal.health.memory.DefaultMemoryManager] 1855869747 virtual memory requested, 0 released, 1460314112 free
2026-04-29T00:19:08.148+0300 [DEBUG] [org.gradle.cache.internal.DefaultFileLockManager] Waiting to acquire shared lock on daemon addresses registry.
2026-04-29T00:19:08.148+0300 [DEBUG] [org.gradle.cache.internal.DefaultFileLockManager] Lock acquired on daemon addresses registry.
2026-04-29T00:19:08.148+0300 [DEBUG] [org.gradle.cache.internal.DefaultFileLockManager] Releasing lock on daemon addresses registry.
2026-04-29T00:19:08.151+0300 [DEBUG] [org.gradle.cache.internal.DefaultFileLockManager] Waiting to acquire shared lock on daemon addresses registry.
2026-04-29T00:19:08.152+0300 [DEBUG] [org.gradle.cache.internal.DefaultFileLockManager] Lock acquired on daemon addresses registry.
2026-04-29T00:19:08.152+0300 [DEBUG] [org.gradle.cache.internal.DefaultFileLockManager] Releasing lock on daemon addresses registry.
2026-04-29T00:19:08.155+0300 [DEBUG] [org.gradle.cache.internal.DefaultFileLockManager] Waiting to acquire shared lock on daemon addresses registry.
2026-04-29T00:19:08.155+0300 [DEBUG] [org.gradle.cache.internal.DefaultFileLockManager] Lock acquired on daemon addresses registry.
2026-04-29T00:19:08.156+0300 [DEBUG] [org.gradle.cache.internal.DefaultFileLockManager] Releasing lock on daemon addresses registry.
2026-04-29T00:19:09.211+0300 [DEBUG] [org.gradle.process.internal.health.memory.DefaultMemoryManager] 1855869747 virtual memory requested, 1460670464 free
2026-04-29T00:19:09.212+0300 [DEBUG] [org.gradle.workers.internal.WorkerDaemonExpiration] Will attempt to release 1769 of memory
2026-04-29T00:19:09.212+0300 [DEBUG] [org.gradle.process.internal.health.memory.DefaultMemoryManager] 1855869747 virtual memory requested, 0 released, 1460670464 free
2026-04-29T00:19:14.213+0300 [DEBUG] [org.gradle.process.internal.health.memory.DefaultMemoryManager] 1855869747 virtual memory requested, 1459113984 free
2026-04-29T00:19:14.213+0300 [DEBUG] [org.gradle.workers.internal.WorkerDaemonExpiration] Will attempt to release 1769 of memory
2026-04-29T00:19:14.213+0300 [DEBUG] [org.gradle.process.internal.health.memory.DefaultMemoryManager] 1855869747 virtual memory requested, 0 released, 1459113984 free
2026-04-29T00:19:18.147+0300 [DEBUG] [org.gradle.cache.internal.DefaultFileLockManager] Waiting to acquire shared lock on daemon addresses registry.
2026-04-29T00:19:18.147+0300 [DEBUG] [org.gradle.cache.internal.DefaultFileLockManager] Lock acquired on daemon addresses registry.
2026-04-29T00:19:18.148+0300 [DEBUG] [org.gradle.cache.internal.DefaultFileLockManager] Releasing lock on daemon addresses registry.
2026-04-29T00:19:18.151+0300 [DEBUG] [org.gradle.cache.internal.DefaultFileLockManager] Waiting to acquire shared lock on daemon addresses registry.
2026-04-29T00:19:18.151+0300 [DEBUG] [org.gradle.cache.internal.DefaultFileLockManager] Lock acquired on daemon addresses registry.
2026-04-29T00:19:18.152+0300 [DEBUG] [org.gradle.cache.internal.DefaultFileLockManager] Releasing lock on daemon addresses registry.
2026-04-29T00:19:18.153+0300 [DEBUG] [org.gradle.cache.internal.DefaultFileLockManager] Waiting to acquire shared lock on daemon addresses registry.
2026-04-29T00:19:18.154+0300 [DEBUG] [org.gradle.cache.internal.DefaultFileLockManager] Lock acquired on daemon addresses registry.
2026-04-29T00:19:18.154+0300 [DEBUG] [org.gradle.cache.internal.DefaultFileLockManager] Releasing lock on daemon addresses registry.
2026-04-29T00:19:19.211+0300 [DEBUG] [org.gradle.process.internal.health.memory.DefaultMemoryManager] 1855869747 virtual memory requested, 1462456320 free
2026-04-29T00:19:19.211+0300 [DEBUG] [org.gradle.workers.internal.WorkerDaemonExpiration] Will attempt to release 1769 of memory
2026-04-29T00:19:19.212+0300 [DEBUG] [org.gradle.process.internal.health.memory.DefaultMemoryManager] 1855869747 virtual memory requested, 0 released, 1462456320 free
2026-04-29T00:19:24.213+0300 [DEBUG] [org.gradle.process.internal.health.memory.DefaultMemoryManager] 1855869747 virtual memory requested, 1466339328 free
2026-04-29T00:19:24.213+0300 [DEBUG] [org.gradle.workers.internal.WorkerDaemonExpiration] Will attempt to release 1769 of memory
2026-04-29T00:19:24.213+0300 [DEBUG] [org.gradle.process.internal.health.memory.DefaultMemoryManager] 1855869747 virtual memory requested, 0 released, 1466339328 free
2026-04-29T00:19:28.149+0300 [DEBUG] [org.gradle.cache.internal.DefaultFileLockManager] Waiting to acquire shared lock on daemon addresses registry.
2026-04-29T00:19:28.149+0300 [DEBUG] [org.gradle.cache.internal.DefaultFileLockManager] Lock acquired on daemon addresses registry.
2026-04-29T00:19:28.150+0300 [DEBUG] [org.gradle.cache.internal.DefaultFileLockManager] Releasing lock on daemon addresses registry.
2026-04-29T00:19:28.153+0300 [DEBUG] [org.gradle.cache.internal.DefaultFileLockManager] Waiting to acquire shared lock on daemon addresses registry.
2026-04-29T00:19:28.154+0300 [DEBUG] [org.gradle.cache.internal.DefaultFileLockManager] Lock acquired on daemon addresses registry.
2026-04-29T00:19:28.155+0300 [DEBUG] [org.gradle.cache.internal.DefaultFileLockManager] Releasing lock on daemon addresses registry.
2026-04-29T00:19:28.158+0300 [DEBUG] [org.gradle.cache.internal.DefaultFileLockManager] Waiting to acquire shared lock on daemon addresses registry.
2026-04-29T00:19:28.159+0300 [DEBUG] [org.gradle.cache.internal.DefaultFileLockManager] Lock acquired on daemon addresses registry.
2026-04-29T00:19:28.159+0300 [DEBUG] [org.gradle.cache.internal.DefaultFileLockManager] Releasing lock on daemon addresses registry.
2026-04-29T00:19:29.212+0300 [DEBUG] [org.gradle.process.internal.health.memory.DefaultMemoryManager] 1855869747 virtual memory requested, 1470070784 free
2026-04-29T00:19:29.212+0300 [DEBUG] [org.gradle.workers.internal.WorkerDaemonExpiration] Will attempt to release 1769 of memory
2026-04-29T00:19:29.212+0300 [DEBUG] [org.gradle.process.internal.health.memory.DefaultMemoryManager] 1855869747 virtual memory requested, 0 released, 1470070784 free
2026-04-29T00:19:34.212+0300 [DEBUG] [org.gradle.process.internal.health.memory.DefaultMemoryManager] 1855869747 virtual memory requested, 1472495616 free
2026-04-29T00:19:34.213+0300 [DEBUG] [org.gradle.workers.internal.WorkerDaemonExpiration] Will attempt to release 1769 of memory
2026-04-29T00:19:34.213+0300 [DEBUG] [org.gradle.process.internal.health.memory.DefaultMemoryManager] 1855869747 virtual memory requested, 0 released, 1472495616 free
2026-04-29T00:19:38.148+0300 [DEBUG] [org.gradle.cache.internal.DefaultFileLockManager] Waiting to acquire shared lock on daemon addresses registry.
2026-04-29T00:19:38.148+0300 [DEBUG] [org.gradle.cache.internal.DefaultFileLockManager] Lock acquired on daemon addresses registry.
2026-04-29T00:19:38.149+0300 [DEBUG] [org.gradle.cache.internal.DefaultFileLockManager] Releasing lock on daemon addresses registry.
2026-04-29T00:19:38.151+0300 [DEBUG] [org.gradle.cache.internal.DefaultFileLockManager] Waiting to acquire shared lock on daemon addresses registry.
2026-04-29T00:19:38.152+0300 [DEBUG] [org.gradle.cache.internal.DefaultFileLockManager] Lock acquired on daemon addresses registry.
2026-04-29T00:19:38.152+0300 [DEBUG] [org.gradle.cache.internal.DefaultFileLockManager] Releasing lock on daemon addresses registry.
2026-04-29T00:19:38.154+0300 [DEBUG] [org.gradle.cache.internal.DefaultFileLockManager] Waiting to acquire shared lock on daemon addresses registry.
2026-04-29T00:19:38.155+0300 [DEBUG] [org.gradle.cache.internal.DefaultFileLockManager] Lock acquired on daemon addresses registry.
2026-04-29T00:19:38.155+0300 [DEBUG] [org.gradle.cache.internal.DefaultFileLockManager] Releasing lock on daemon addresses registry.
2026-04-29T00:19:39.212+0300 [DEBUG] [org.gradle.process.internal.health.memory.DefaultMemoryManager] 1855869747 virtual memory requested, 1469464576 free
2026-04-29T00:19:39.213+0300 [DEBUG] [org.gradle.workers.internal.WorkerDaemonExpiration] Will attempt to release 1769 of memory
2026-04-29T00:19:39.213+0300 [DEBUG] [org.gradle.process.internal.health.memory.DefaultMemoryManager] 1855869747 virtual memory requested, 0 released, 1469464576 free
2026-04-29T00:19:44.212+0300 [DEBUG] [org.gradle.process.internal.health.memory.DefaultMemoryManager] 1855869747 virtual memory requested, 1465327616 free
2026-04-29T00:19:44.212+0300 [DEBUG] [org.gradle.workers.internal.WorkerDaemonExpiration] Will attempt to release 1769 of memory
2026-04-29T00:19:44.212+0300 [DEBUG] [org.gradle.process.internal.health.memory.DefaultMemoryManager] 1855869747 virtual memory requested, 0 released, 1465327616 free
2026-04-29T00:19:48.148+0300 [DEBUG] [org.gradle.cache.internal.DefaultFileLockManager] Waiting to acquire shared lock on daemon addresses registry.
2026-04-29T00:19:48.148+0300 [DEBUG] [org.gradle.cache.internal.DefaultFileLockManager] Lock acquired on daemon addresses registry.
2026-04-29T00:19:48.148+0300 [DEBUG] [org.gradle.cache.internal.DefaultFileLockManager] Releasing lock on daemon addresses registry.
2026-04-29T00:19:48.151+0300 [DEBUG] [org.gradle.cache.internal.DefaultFileLockManager] Waiting to acquire shared lock on daemon addresses registry.
2026-04-29T00:19:48.151+0300 [DEBUG] [org.gradle.cache.internal.DefaultFileLockManager] Lock acquired on daemon addresses registry.
2026-04-29T00:19:48.151+0300 [DEBUG] [org.gradle.cache.internal.DefaultFileLockManager] Releasing lock on daemon addresses registry.
2026-04-29T00:19:48.153+0300 [DEBUG] [org.gradle.cache.internal.DefaultFileLockManager] Waiting to acquire shared lock on daemon addresses registry.
2026-04-29T00:19:48.154+0300 [DEBUG] [org.gradle.cache.internal.DefaultFileLockManager] Lock acquired on daemon addresses registry.
2026-04-29T00:19:48.154+0300 [DEBUG] [org.gradle.cache.internal.DefaultFileLockManager] Releasing lock on daemon addresses registry.
2026-04-29T00:19:49.213+0300 [DEBUG] [org.gradle.process.internal.health.memory.DefaultMemoryManager] 1855869747 virtual memory requested, 1464778752 free
2026-04-29T00:19:49.213+0300 [DEBUG] [org.gradle.workers.internal.WorkerDaemonExpiration] Will attempt to release 1769 of memory
2026-04-29T00:19:49.213+0300 [DEBUG] [org.gradle.process.internal.health.memory.DefaultMemoryManager] 1855869747 virtual memory requested, 0 released, 1464778752 free
2026-04-29T00:19:54.213+0300 [DEBUG] [org.gradle.process.internal.health.memory.DefaultMemoryManager] 1855869747 virtual memory requested, 1461944320 free
2026-04-29T00:19:54.213+0300 [DEBUG] [org.gradle.workers.internal.WorkerDaemonExpiration] Will attempt to release 1769 of memory
2026-04-29T00:19:54.213+0300 [DEBUG] [org.gradle.process.internal.health.memory.DefaultMemoryManager] 1855869747 virtual memory requested, 0 released, 1461944320 free
2026-04-29T00:19:58.150+0300 [DEBUG] [org.gradle.cache.internal.DefaultFileLockManager] Waiting to acquire shared lock on daemon addresses registry.
2026-04-29T00:19:58.150+0300 [DEBUG] [org.gradle.cache.internal.DefaultFileLockManager] Lock acquired on daemon addresses registry.
2026-04-29T00:19:58.151+0300 [DEBUG] [org.gradle.cache.internal.DefaultFileLockManager] Releasing lock on daemon addresses registry.
2026-04-29T00:19:58.155+0300 [DEBUG] [org.gradle.cache.internal.DefaultFileLockManager] Waiting to acquire shared lock on daemon addresses registry.
2026-04-29T00:19:58.156+0300 [DEBUG] [org.gradle.cache.internal.DefaultFileLockManager] Lock acquired on daemon addresses registry.
2026-04-29T00:19:58.157+0300 [DEBUG] [org.gradle.cache.internal.DefaultFileLockManager] Releasing lock on daemon addresses registry.
2026-04-29T00:19:58.160+0300 [DEBUG] [org.gradle.cache.internal.DefaultFileLockManager] Waiting to acquire shared lock on daemon addresses registry.
2026-04-29T00:19:58.161+0300 [DEBUG] [org.gradle.cache.internal.DefaultFileLockManager] Lock acquired on daemon addresses registry.
2026-04-29T00:19:58.162+0300 [DEBUG] [org.gradle.cache.internal.DefaultFileLockManager] Releasing lock on daemon addresses registry.
2026-04-29T00:19:59.214+0300 [DEBUG] [org.gradle.process.internal.health.memory.DefaultMemoryManager] 1855869747 virtual memory requested, 1456959488 free
2026-04-29T00:19:59.214+0300 [DEBUG] [org.gradle.workers.internal.WorkerDaemonExpiration] Will attempt to release 1769 of memory
2026-04-29T00:19:59.214+0300 [DEBUG] [org.gradle.process.internal.health.memory.DefaultMemoryManager] 1855869747 virtual memory requested, 0 released, 1456959488 free
2026-04-29T00:20:04.213+0300 [DEBUG] [org.gradle.process.internal.health.memory.DefaultMemoryManager] 1855869747 virtual memory requested, 1376399360 free
2026-04-29T00:20:04.213+0300 [DEBUG] [org.gradle.workers.internal.WorkerDaemonExpiration] Will attempt to release 1769 of memory
2026-04-29T00:20:04.213+0300 [DEBUG] [org.gradle.process.internal.health.memory.DefaultMemoryManager] 1855869747 virtual memory requested, 0 released, 1376399360 free
2026-04-29T00:20:08.148+0300 [DEBUG] [org.gradle.cache.internal.DefaultFileLockManager] Waiting to acquire shared lock on daemon addresses registry.
2026-04-29T00:20:08.148+0300 [DEBUG] [org.gradle.cache.internal.DefaultFileLockManager] Lock acquired on daemon addresses registry.
2026-04-29T00:20:08.149+0300 [DEBUG] [org.gradle.cache.internal.DefaultFileLockManager] Releasing lock on daemon addresses registry.
2026-04-29T00:20:08.153+0300 [DEBUG] [org.gradle.cache.internal.DefaultFileLockManager] Waiting to acquire shared lock on daemon addresses registry.
2026-04-29T00:20:08.154+0300 [DEBUG] [org.gradle.cache.internal.DefaultFileLockManager] Lock acquired on daemon addresses registry.
2026-04-29T00:20:08.155+0300 [DEBUG] [org.gradle.cache.internal.DefaultFileLockManager] Releasing lock on daemon addresses registry.
2026-04-29T00:20:08.159+0300 [DEBUG] [org.gradle.cache.internal.DefaultFileLockManager] Waiting to acquire shared lock on daemon addresses registry.
2026-04-29T00:20:08.160+0300 [DEBUG] [org.gradle.cache.internal.DefaultFileLockManager] Lock acquired on daemon addresses registry.
2026-04-29T00:20:08.161+0300 [DEBUG] [org.gradle.cache.internal.DefaultFileLockManager] Releasing lock on daemon addresses registry.
2026-04-29T00:20:09.214+0300 [DEBUG] [org.gradle.process.internal.health.memory.DefaultMemoryManager] 1855869747 virtual memory requested, 1376821248 free
2026-04-29T00:20:09.214+0300 [DEBUG] [org.gradle.workers.internal.WorkerDaemonExpiration] Will attempt to release 1769 of memory
2026-04-29T00:20:09.215+0300 [DEBUG] [org.gradle.process.internal.health.memory.DefaultMemoryManager] 1855869747 virtual memory requested, 0 released, 1376821248 free
2026-04-29T00:20:14.214+0300 [DEBUG] [org.gradle.process.internal.health.memory.DefaultMemoryManager] 1855869747 virtual memory requested, 1473138688 free
2026-04-29T00:20:14.214+0300 [DEBUG] [org.gradle.workers.internal.WorkerDaemonExpiration] Will attempt to release 1769 of memory
2026-04-29T00:20:14.214+0300 [DEBUG] [org.gradle.process.internal.health.memory.DefaultMemoryManager] 1855869747 virtual memory requested, 0 released, 1473138688 free
2026-04-29T00:20:18.149+0300 [DEBUG] [org.gradle.cache.internal.DefaultFileLockManager] Waiting to acquire shared lock on daemon addresses registry.
2026-04-29T00:20:18.149+0300 [DEBUG] [org.gradle.cache.internal.DefaultFileLockManager] Lock acquired on daemon addresses registry.
2026-04-29T00:20:18.149+0300 [DEBUG] [org.gradle.cache.internal.DefaultFileLockManager] Releasing lock on daemon addresses registry.
2026-04-29T00:20:18.152+0300 [DEBUG] [org.gradle.cache.internal.DefaultFileLockManager] Waiting to acquire shared lock on daemon addresses registry.
2026-04-29T00:20:18.152+0300 [DEBUG] [org.gradle.cache.internal.DefaultFileLockManager] Lock acquired on daemon addresses registry.
2026-04-29T00:20:18.152+0300 [DEBUG] [org.gradle.cache.internal.DefaultFileLockManager] Releasing lock on daemon addresses registry.
2026-04-29T00:20:18.154+0300 [DEBUG] [org.gradle.cache.internal.DefaultFileLockManager] Waiting to acquire shared lock on daemon addresses registry.
2026-04-29T00:20:18.154+0300 [DEBUG] [org.gradle.cache.internal.DefaultFileLockManager] Lock acquired on daemon addresses registry.
2026-04-29T00:20:18.155+0300 [DEBUG] [org.gradle.cache.internal.DefaultFileLockManager] Releasing lock on daemon addresses registry.
2026-04-29T00:20:19.213+0300 [DEBUG] [org.gradle.process.internal.health.memory.DefaultMemoryManager] 1855869747 virtual memory requested, 1475211264 free
2026-04-29T00:20:19.213+0300 [DEBUG] [org.gradle.workers.internal.WorkerDaemonExpiration] Will attempt to release 1769 of memory
2026-04-29T00:20:19.213+0300 [DEBUG] [org.gradle.process.internal.health.memory.DefaultMemoryManager] 1855869747 virtual memory requested, 0 released, 1475211264 free
2026-04-29T00:20:24.212+0300 [DEBUG] [org.gradle.process.internal.health.memory.DefaultMemoryManager] 1855869747 virtual memory requested, 1477844992 free
2026-04-29T00:20:24.213+0300 [DEBUG] [org.gradle.workers.internal.WorkerDaemonExpiration] Will attempt to release 1769 of memory
2026-04-29T00:20:24.213+0300 [DEBUG] [org.gradle.process.internal.health.memory.DefaultMemoryManager] 1855869747 virtual memory requested, 0 released, 1477844992 free
2026-04-29T00:20:28.149+0300 [DEBUG] [org.gradle.cache.internal.DefaultFileLockManager] Waiting to acquire shared lock on daemon addresses registry.
2026-04-29T00:20:28.149+0300 [DEBUG] [org.gradle.cache.internal.DefaultFileLockManager] Lock acquired on daemon addresses registry.
2026-04-29T00:20:28.150+0300 [DEBUG] [org.gradle.cache.internal.DefaultFileLockManager] Releasing lock on daemon addresses registry.
2026-04-29T00:20:28.153+0300 [DEBUG] [org.gradle.cache.internal.DefaultFileLockManager] Waiting to acquire shared lock on daemon addresses registry.
2026-04-29T00:20:28.154+0300 [DEBUG] [org.gradle.cache.internal.DefaultFileLockManager] Lock acquired on daemon addresses registry.
2026-04-29T00:20:28.154+0300 [DEBUG] [org.gradle.cache.internal.DefaultFileLockManager] Releasing lock on daemon addresses registry.
2026-04-29T00:20:28.157+0300 [DEBUG] [org.gradle.cache.internal.DefaultFileLockManager] Waiting to acquire shared lock on daemon addresses registry.
2026-04-29T00:20:28.158+0300 [DEBUG] [org.gradle.cache.internal.DefaultFileLockManager] Lock acquired on daemon addresses registry.
2026-04-29T00:20:28.159+0300 [DEBUG] [org.gradle.cache.internal.DefaultFileLockManager] Releasing lock on daemon addresses registry.
2026-04-29T00:20:29.213+0300 [DEBUG] [org.gradle.process.internal.health.memory.DefaultMemoryManager] 1855869747 virtual memory requested, 1478402048 free
2026-04-29T00:20:29.214+0300 [DEBUG] [org.gradle.workers.internal.WorkerDaemonExpiration] Will attempt to release 1769 of memory
2026-04-29T00:20:29.214+0300 [DEBUG] [org.gradle.process.internal.health.memory.DefaultMemoryManager] 1855869747 virtual memory requested, 0 released, 1478402048 free
2026-04-29T00:20:34.215+0300 [DEBUG] [org.gradle.process.internal.health.memory.DefaultMemoryManager] 1855869747 virtual memory requested, 1479233536 free
2026-04-29T00:20:34.215+0300 [DEBUG] [org.gradle.workers.internal.WorkerDaemonExpiration] Will attempt to release 1769 of memory
2026-04-29T00:20:34.215+0300 [DEBUG] [org.gradle.process.internal.health.memory.DefaultMemoryManager] 1855869747 virtual memory requested, 0 released, 1479233536 free
2026-04-29T00:20:38.151+0300 [DEBUG] [org.gradle.cache.internal.DefaultFileLockManager] Waiting to acquire shared lock on daemon addresses registry.
2026-04-29T00:20:38.151+0300 [DEBUG] [org.gradle.cache.internal.DefaultFileLockManager] Lock acquired on daemon addresses registry.
2026-04-29T00:20:38.152+0300 [DEBUG] [org.gradle.cache.internal.DefaultFileLockManager] Releasing lock on daemon addresses registry.
2026-04-29T00:20:38.156+0300 [DEBUG] [org.gradle.cache.internal.DefaultFileLockManager] Waiting to acquire shared lock on daemon addresses registry.
2026-04-29T00:20:38.157+0300 [DEBUG] [org.gradle.cache.internal.DefaultFileLockManager] Lock acquired on daemon addresses registry.
2026-04-29T00:20:38.158+0300 [DEBUG] [org.gradle.cache.internal.DefaultFileLockManager] Releasing lock on daemon addresses registry.
2026-04-29T00:20:38.162+0300 [DEBUG] [org.gradle.cache.internal.DefaultFileLockManager] Waiting to acquire shared lock on daemon addresses registry.
2026-04-29T00:20:38.163+0300 [DEBUG] [org.gradle.cache.internal.DefaultFileLockManager] Lock acquired on daemon addresses registry.
2026-04-29T00:20:38.164+0300 [DEBUG] [org.gradle.cache.internal.DefaultFileLockManager] Releasing lock on daemon addresses registry.
2026-04-29T00:20:39.214+0300 [DEBUG] [org.gradle.process.internal.health.memory.DefaultMemoryManager] 1855869747 virtual memory requested, 1480454144 free
2026-04-29T00:20:39.214+0300 [DEBUG] [org.gradle.workers.internal.WorkerDaemonExpiration] Will attempt to release 1769 of memory
2026-04-29T00:20:39.214+0300 [DEBUG] [org.gradle.process.internal.health.memory.DefaultMemoryManager] 1855869747 virtual memory requested, 0 released, 1480454144 free
2026-04-29T00:20:44.213+0300 [DEBUG] [org.gradle.process.internal.health.memory.DefaultMemoryManager] 1855869747 virtual memory requested, 1475960832 free
2026-04-29T00:20:44.213+0300 [DEBUG] [org.gradle.workers.internal.WorkerDaemonExpiration] Will attempt to release 1769 of memory
2026-04-29T00:20:44.213+0300 [DEBUG] [org.gradle.process.internal.health.memory.DefaultMemoryManager] 1855869747 virtual memory requested, 0 released, 1475960832 free
2026-04-29T00:20:48.147+0300 [DEBUG] [org.gradle.cache.internal.DefaultFileLockManager] Waiting to acquire shared lock on daemon addresses registry.
2026-04-29T00:20:48.148+0300 [DEBUG] [org.gradle.cache.internal.DefaultFileLockManager] Lock acquired on daemon addresses registry.
2026-04-29T00:20:48.148+0300 [DEBUG] [org.gradle.cache.internal.DefaultFileLockManager] Releasing lock on daemon addresses registry.
2026-04-29T00:20:48.151+0300 [DEBUG] [org.gradle.cache.internal.DefaultFileLockManager] Waiting to acquire shared lock on daemon addresses registry.
2026-04-29T00:20:48.151+0300 [DEBUG] [org.gradle.cache.internal.DefaultFileLockManager] Lock acquired on daemon addresses registry.
2026-04-29T00:20:48.152+0300 [DEBUG] [org.gradle.cache.internal.DefaultFileLockManager] Releasing lock on daemon addresses registry.
2026-04-29T00:20:48.154+0300 [DEBUG] [org.gradle.cache.internal.DefaultFileLockManager] Waiting to acquire shared lock on daemon addresses registry.
2026-04-29T00:20:48.154+0300 [DEBUG] [org.gradle.cache.internal.DefaultFileLockManager] Lock acquired on daemon addresses registry.
2026-04-29T00:20:48.155+0300 [DEBUG] [org.gradle.cache.internal.DefaultFileLockManager] Releasing lock on daemon addresses registry.
2026-04-29T00:20:49.213+0300 [DEBUG] [org.gradle.process.internal.health.memory.DefaultMemoryManager] 1855869747 virtual memory requested, 1476837376 free
2026-04-29T00:20:49.213+0300 [DEBUG] [org.gradle.workers.internal.WorkerDaemonExpiration] Will attempt to release 1769 of memory
2026-04-29T00:20:49.213+0300 [DEBUG] [org.gradle.process.internal.health.memory.DefaultMemoryManager] 1855869747 virtual memory requested, 0 released, 1476837376 free
2026-04-29T00:20:54.213+0300 [DEBUG] [org.gradle.process.internal.health.memory.DefaultMemoryManager] 1855869747 virtual memory requested, 1478017024 free
2026-04-29T00:20:54.213+0300 [DEBUG] [org.gradle.workers.internal.WorkerDaemonExpiration] Will attempt to release 1769 of memory
2026-04-29T00:20:54.213+0300 [DEBUG] [org.gradle.process.internal.health.memory.DefaultMemoryManager] 1855869747 virtual memory requested, 0 released, 1478017024 free
2026-04-29T00:20:58.151+0300 [DEBUG] [org.gradle.cache.internal.DefaultFileLockManager] Waiting to acquire shared lock on daemon addresses registry.
2026-04-29T00:20:58.151+0300 [DEBUG] [org.gradle.cache.internal.DefaultFileLockManager] Lock acquired on daemon addresses registry.
2026-04-29T00:20:58.152+0300 [DEBUG] [org.gradle.cache.internal.DefaultFileLockManager] Releasing lock on daemon addresses registry.
2026-04-29T00:20:58.157+0300 [DEBUG] [org.gradle.cache.internal.DefaultFileLockManager] Waiting to acquire shared lock on daemon addresses registry.
2026-04-29T00:20:58.158+0300 [DEBUG] [org.gradle.cache.internal.DefaultFileLockManager] Lock acquired on daemon addresses registry.
2026-04-29T00:20:58.159+0300 [DEBUG] [org.gradle.cache.internal.DefaultFileLockManager] Releasing lock on daemon addresses registry.
2026-04-29T00:20:58.162+0300 [DEBUG] [org.gradle.cache.internal.DefaultFileLockManager] Waiting to acquire shared lock on daemon addresses registry.
2026-04-29T00:20:58.162+0300 [DEBUG] [org.gradle.cache.internal.DefaultFileLockManager] Lock acquired on daemon addresses registry.
2026-04-29T00:20:58.163+0300 [DEBUG] [org.gradle.cache.internal.DefaultFileLockManager] Releasing lock on daemon addresses registry.
2026-04-29T00:20:59.213+0300 [DEBUG] [org.gradle.process.internal.health.memory.DefaultMemoryManager] 1855869747 virtual memory requested, 1495769088 free
2026-04-29T00:20:59.213+0300 [DEBUG] [org.gradle.workers.internal.WorkerDaemonExpiration] Will attempt to release 1769 of memory
2026-04-29T00:20:59.214+0300 [DEBUG] [org.gradle.process.internal.health.memory.DefaultMemoryManager] 1855869747 virtual memory requested, 0 released, 1495769088 free
2026-04-29T00:21:04.215+0300 [DEBUG] [org.gradle.process.internal.health.memory.DefaultMemoryManager] 1855869747 virtual memory requested, 1493139456 free
2026-04-29T00:21:04.215+0300 [DEBUG] [org.gradle.workers.internal.WorkerDaemonExpiration] Will attempt to release 1769 of memory
2026-04-29T00:21:04.215+0300 [DEBUG] [org.gradle.process.internal.health.memory.DefaultMemoryManager] 1855869747 virtual memory requested, 0 released, 1493139456 free
2026-04-29T00:21:08.149+0300 [DEBUG] [org.gradle.cache.internal.DefaultFileLockManager] Waiting to acquire shared lock on daemon addresses registry.
2026-04-29T00:21:08.149+0300 [DEBUG] [org.gradle.cache.internal.DefaultFileLockManager] Lock acquired on daemon addresses registry.
2026-04-29T00:21:08.150+0300 [DEBUG] [org.gradle.cache.internal.DefaultFileLockManager] Releasing lock on daemon addresses registry.
2026-04-29T00:21:08.152+0300 [DEBUG] [org.gradle.cache.internal.DefaultFileLockManager] Waiting to acquire shared lock on daemon addresses registry.
2026-04-29T00:21:08.152+0300 [DEBUG] [org.gradle.cache.internal.DefaultFileLockManager] Lock acquired on daemon addresses registry.
2026-04-29T00:21:08.152+0300 [DEBUG] [org.gradle.cache.internal.DefaultFileLockManager] Releasing lock on daemon addresses registry.
2026-04-29T00:21:08.154+0300 [DEBUG] [org.gradle.cache.internal.DefaultFileLockManager] Waiting to acquire shared lock on daemon addresses registry.
2026-04-29T00:21:08.154+0300 [DEBUG] [org.gradle.cache.internal.DefaultFileLockManager] Lock acquired on daemon addresses registry.
2026-04-29T00:21:08.155+0300 [DEBUG] [org.gradle.cache.internal.DefaultFileLockManager] Releasing lock on daemon addresses registry.
2026-04-29T00:21:09.213+0300 [DEBUG] [org.gradle.process.internal.health.memory.DefaultMemoryManager] 1855869747 virtual memory requested, 1495433216 free
2026-04-29T00:21:09.214+0300 [DEBUG] [org.gradle.workers.internal.WorkerDaemonExpiration] Will attempt to release 1769 of memory
2026-04-29T00:21:09.214+0300 [DEBUG] [org.gradle.process.internal.health.memory.DefaultMemoryManager] 1855869747 virtual memory requested, 0 released, 1495433216 free
2026-04-29T00:21:14.214+0300 [DEBUG] [org.gradle.process.internal.health.memory.DefaultMemoryManager] 1855869747 virtual memory requested, 1498349568 free
2026-04-29T00:21:14.214+0300 [DEBUG] [org.gradle.workers.internal.WorkerDaemonExpiration] Will attempt to release 1769 of memory
2026-04-29T00:21:14.214+0300 [DEBUG] [org.gradle.process.internal.health.memory.DefaultMemoryManager] 1855869747 virtual memory requested, 0 released, 1498349568 free
2026-04-29T00:21:18.149+0300 [DEBUG] [org.gradle.cache.internal.DefaultFileLockManager] Waiting to acquire shared lock on daemon addresses registry.
2026-04-29T00:21:18.149+0300 [DEBUG] [org.gradle.cache.internal.DefaultFileLockManager] Lock acquired on daemon addresses registry.
2026-04-29T00:21:18.150+0300 [DEBUG] [org.gradle.cache.internal.DefaultFileLockManager] Releasing lock on daemon addresses registry.
2026-04-29T00:21:18.153+0300 [DEBUG] [org.gradle.cache.internal.DefaultFileLockManager] Waiting to acquire shared lock on daemon addresses registry.
2026-04-29T00:21:18.153+0300 [DEBUG] [org.gradle.cache.internal.DefaultFileLockManager] Lock acquired on daemon addresses registry.
2026-04-29T00:21:18.154+0300 [DEBUG] [org.gradle.cache.internal.DefaultFileLockManager] Releasing lock on daemon addresses registry.
2026-04-29T00:21:18.156+0300 [DEBUG] [org.gradle.cache.internal.DefaultFileLockManager] Waiting to acquire shared lock on daemon addresses registry.
2026-04-29T00:21:18.157+0300 [DEBUG] [org.gradle.cache.internal.DefaultFileLockManager] Lock acquired on daemon addresses registry.
2026-04-29T00:21:18.158+0300 [DEBUG] [org.gradle.cache.internal.DefaultFileLockManager] Releasing lock on daemon addresses registry.
2026-04-29T00:21:19.213+0300 [DEBUG] [org.gradle.process.internal.health.memory.DefaultMemoryManager] 1855869747 virtual memory requested, 1497190400 free
2026-04-29T00:21:19.214+0300 [DEBUG] [org.gradle.workers.internal.WorkerDaemonExpiration] Will attempt to release 1769 of memory
2026-04-29T00:21:19.214+0300 [DEBUG] [org.gradle.process.internal.health.memory.DefaultMemoryManager] 1855869747 virtual memory requested, 0 released, 1497190400 free
2026-04-29T00:21:24.214+0300 [DEBUG] [org.gradle.process.internal.health.memory.DefaultMemoryManager] 1855869747 virtual memory requested, 1497464832 free
2026-04-29T00:21:24.214+0300 [DEBUG] [org.gradle.workers.internal.WorkerDaemonExpiration] Will attempt to release 1769 of memory
2026-04-29T00:21:24.214+0300 [DEBUG] [org.gradle.process.internal.health.memory.DefaultMemoryManager] 1855869747 virtual memory requested, 0 released, 1497464832 free
2026-04-29T00:21:28.152+0300 [DEBUG] [org.gradle.cache.internal.DefaultFileLockManager] Waiting to acquire shared lock on daemon addresses registry.
2026-04-29T00:21:28.152+0300 [DEBUG] [org.gradle.cache.internal.DefaultFileLockManager] Lock acquired on daemon addresses registry.
2026-04-29T00:21:28.153+0300 [DEBUG] [org.gradle.cache.internal.DefaultFileLockManager] Releasing lock on daemon addresses registry.
2026-04-29T00:21:28.158+0300 [DEBUG] [org.gradle.cache.internal.DefaultFileLockManager] Waiting to acquire shared lock on daemon addresses registry.
2026-04-29T00:21:28.158+0300 [DEBUG] [org.gradle.cache.internal.DefaultFileLockManager] Lock acquired on daemon addresses registry.
2026-04-29T00:21:28.160+0300 [DEBUG] [org.gradle.cache.internal.DefaultFileLockManager] Releasing lock on daemon addresses registry.
2026-04-29T00:21:28.163+0300 [DEBUG] [org.gradle.cache.internal.DefaultFileLockManager] Waiting to acquire shared lock on daemon addresses registry.
2026-04-29T00:21:28.164+0300 [DEBUG] [org.gradle.cache.internal.DefaultFileLockManager] Lock acquired on daemon addresses registry.
2026-04-29T00:21:28.165+0300 [DEBUG] [org.gradle.cache.internal.DefaultFileLockManager] Releasing lock on daemon addresses registry.
2026-04-29T00:21:29.215+0300 [DEBUG] [org.gradle.process.internal.health.memory.DefaultMemoryManager] 1855869747 virtual memory requested, 1499172864 free
2026-04-29T00:21:29.215+0300 [DEBUG] [org.gradle.workers.internal.WorkerDaemonExpiration] Will attempt to release 1769 of memory
2026-04-29T00:21:29.215+0300 [DEBUG] [org.gradle.process.internal.health.memory.DefaultMemoryManager] 1855869747 virtual memory requested, 0 released, 1499172864 free
2026-04-29T00:21:34.214+0300 [DEBUG] [org.gradle.process.internal.health.memory.DefaultMemoryManager] 1855869747 virtual memory requested, 1496735744 free
2026-04-29T00:21:34.214+0300 [DEBUG] [org.gradle.workers.internal.WorkerDaemonExpiration] Will attempt to release 1769 of memory
2026-04-29T00:21:34.214+0300 [DEBUG] [org.gradle.process.internal.health.memory.DefaultMemoryManager] 1855869747 virtual memory requested, 0 released, 1496735744 free
2026-04-29T00:21:38.151+0300 [DEBUG] [org.gradle.cache.internal.DefaultFileLockManager] Waiting to acquire shared lock on daemon addresses registry.
2026-04-29T00:21:38.151+0300 [DEBUG] [org.gradle.cache.internal.DefaultFileLockManager] Lock acquired on daemon addresses registry.
2026-04-29T00:21:38.152+0300 [DEBUG] [org.gradle.cache.internal.DefaultFileLockManager] Releasing lock on daemon addresses registry.
2026-04-29T00:21:38.155+0300 [DEBUG] [org.gradle.cache.internal.DefaultFileLockManager] Waiting to acquire shared lock on daemon addresses registry.
2026-04-29T00:21:38.155+0300 [DEBUG] [org.gradle.cache.internal.DefaultFileLockManager] Lock acquired on daemon addresses registry.
2026-04-29T00:21:38.156+0300 [DEBUG] [org.gradle.cache.internal.DefaultFileLockManager] Releasing lock on daemon addresses registry.
2026-04-29T00:21:38.159+0300 [DEBUG] [org.gradle.cache.internal.DefaultFileLockManager] Waiting to acquire shared lock on daemon addresses registry.
2026-04-29T00:21:38.160+0300 [DEBUG] [org.gradle.cache.internal.DefaultFileLockManager] Lock acquired on daemon addresses registry.
2026-04-29T00:21:38.160+0300 [DEBUG] [org.gradle.cache.internal.DefaultFileLockManager] Releasing lock on daemon addresses registry.
2026-04-29T00:21:39.213+0300 [DEBUG] [org.gradle.process.internal.health.memory.DefaultMemoryManager] 1855869747 virtual memory requested, 1498537984 free
2026-04-29T00:21:39.213+0300 [DEBUG] [org.gradle.workers.internal.WorkerDaemonExpiration] Will attempt to release 1769 of memory
2026-04-29T00:21:39.214+0300 [DEBUG] [org.gradle.process.internal.health.memory.DefaultMemoryManager] 1855869747 virtual memory requested, 0 released, 1498537984 free
2026-04-29T00:21:44.214+0300 [DEBUG] [org.gradle.process.internal.health.memory.DefaultMemoryManager] 1855869747 virtual memory requested, 1498988544 free
2026-04-29T00:21:44.214+0300 [DEBUG] [org.gradle.workers.internal.WorkerDaemonExpiration] Will attempt to release 1769 of memory
2026-04-29T00:21:44.214+0300 [DEBUG] [org.gradle.process.internal.health.memory.DefaultMemoryManager] 1855869747 virtual memory requested, 0 released, 1498988544 free
2026-04-29T00:21:48.150+0300 [DEBUG] [org.gradle.cache.internal.DefaultFileLockManager] Waiting to acquire shared lock on daemon addresses registry.
2026-04-29T00:21:48.150+0300 [DEBUG] [org.gradle.cache.internal.DefaultFileLockManager] Lock acquired on daemon addresses registry.
2026-04-29T00:21:48.150+0300 [DEBUG] [org.gradle.cache.internal.DefaultFileLockManager] Releasing lock on daemon addresses registry.
2026-04-29T00:21:48.152+0300 [DEBUG] [org.gradle.cache.internal.DefaultFileLockManager] Waiting to acquire shared lock on daemon addresses registry.
2026-04-29T00:21:48.152+0300 [DEBUG] [org.gradle.cache.internal.DefaultFileLockManager] Lock acquired on daemon addresses registry.
2026-04-29T00:21:48.153+0300 [DEBUG] [org.gradle.cache.internal.DefaultFileLockManager] Releasing lock on daemon addresses registry.
2026-04-29T00:21:48.155+0300 [DEBUG] [org.gradle.cache.internal.DefaultFileLockManager] Waiting to acquire shared lock on daemon addresses registry.
2026-04-29T00:21:48.155+0300 [DEBUG] [org.gradle.cache.internal.DefaultFileLockManager] Lock acquired on daemon addresses registry.
2026-04-29T00:21:48.156+0300 [DEBUG] [org.gradle.cache.internal.DefaultFileLockManager] Releasing lock on daemon addresses registry.
2026-04-29T00:21:49.216+0300 [DEBUG] [org.gradle.process.internal.health.memory.DefaultMemoryManager] 1855869747 virtual memory requested, 1498976256 free
2026-04-29T00:21:49.216+0300 [DEBUG] [org.gradle.workers.internal.WorkerDaemonExpiration] Will attempt to release 1769 of memory
2026-04-29T00:21:49.216+0300 [DEBUG] [org.gradle.process.internal.health.memory.DefaultMemoryManager] 1855869747 virtual memory requested, 0 released, 1498976256 free
2026-04-29T00:21:54.215+0300 [DEBUG] [org.gradle.process.internal.health.memory.DefaultMemoryManager] 1855869747 virtual memory requested, 1393643520 free
2026-04-29T00:21:54.215+0300 [DEBUG] [org.gradle.workers.internal.WorkerDaemonExpiration] Will attempt to release 1769 of memory
2026-04-29T00:21:54.215+0300 [DEBUG] [org.gradle.process.internal.health.memory.DefaultMemoryManager] 1855869747 virtual memory requested, 0 released, 1393643520 free
2026-04-29T00:21:58.150+0300 [DEBUG] [org.gradle.cache.internal.DefaultFileLockManager] Waiting to acquire shared lock on daemon addresses registry.
2026-04-29T00:21:58.150+0300 [DEBUG] [org.gradle.cache.internal.DefaultFileLockManager] Lock acquired on daemon addresses registry.
2026-04-29T00:21:58.150+0300 [DEBUG] [org.gradle.cache.internal.DefaultFileLockManager] Releasing lock on daemon addresses registry.
2026-04-29T00:21:58.153+0300 [DEBUG] [org.gradle.cache.internal.DefaultFileLockManager] Waiting to acquire shared lock on daemon addresses registry.
2026-04-29T00:21:58.153+0300 [DEBUG] [org.gradle.cache.internal.DefaultFileLockManager] Lock acquired on daemon addresses registry.
2026-04-29T00:21:58.153+0300 [DEBUG] [org.gradle.cache.internal.DefaultFileLockManager] Releasing lock on daemon addresses registry.
2026-04-29T00:21:58.156+0300 [DEBUG] [org.gradle.cache.internal.DefaultFileLockManager] Waiting to acquire shared lock on daemon addresses registry.
2026-04-29T00:21:58.156+0300 [DEBUG] [org.gradle.cache.internal.DefaultFileLockManager] Lock acquired on daemon addresses registry.
2026-04-29T00:21:58.157+0300 [DEBUG] [org.gradle.cache.internal.DefaultFileLockManager] Releasing lock on daemon addresses registry.
2026-04-29T00:21:59.213+0300 [DEBUG] [org.gradle.process.internal.health.memory.DefaultMemoryManager] 1855869747 virtual memory requested, 1389215744 free
2026-04-29T00:21:59.214+0300 [DEBUG] [org.gradle.workers.internal.WorkerDaemonExpiration] Will attempt to release 1769 of memory
2026-04-29T00:21:59.214+0300 [DEBUG] [org.gradle.process.internal.health.memory.DefaultMemoryManager] 1855869747 virtual memory requested, 0 released, 1389215744 free
2026-04-29T00:22:04.214+0300 [DEBUG] [org.gradle.process.internal.health.memory.DefaultMemoryManager] 1855869747 virtual memory requested, 1408741376 free
2026-04-29T00:22:04.214+0300 [DEBUG] [org.gradle.workers.internal.WorkerDaemonExpiration] Will attempt to release 1769 of memory
2026-04-29T00:22:04.214+0300 [DEBUG] [org.gradle.process.internal.health.memory.DefaultMemoryManager] 1855869747 virtual memory requested, 0 released, 1408741376 free
2026-04-29T00:22:08.149+0300 [DEBUG] [org.gradle.cache.internal.DefaultFileLockManager] Waiting to acquire shared lock on daemon addresses registry.
2026-04-29T00:22:08.149+0300 [DEBUG] [org.gradle.cache.internal.DefaultFileLockManager] Lock acquired on daemon addresses registry.
2026-04-29T00:22:08.149+0300 [DEBUG] [org.gradle.cache.internal.DefaultFileLockManager] Releasing lock on daemon addresses registry.
2026-04-29T00:22:08.152+0300 [DEBUG] [org.gradle.cache.internal.DefaultFileLockManager] Waiting to acquire shared lock on daemon addresses registry.
2026-04-29T00:22:08.152+0300 [DEBUG] [org.gradle.cache.internal.DefaultFileLockManager] Lock acquired on daemon addresses registry.
2026-04-29T00:22:08.153+0300 [DEBUG] [org.gradle.cache.internal.DefaultFileLockManager] Releasing lock on daemon addresses registry.
2026-04-29T00:22:08.155+0300 [DEBUG] [org.gradle.cache.internal.DefaultFileLockManager] Waiting to acquire shared lock on daemon addresses registry.
2026-04-29T00:22:08.155+0300 [DEBUG] [org.gradle.cache.internal.DefaultFileLockManager] Lock acquired on daemon addresses registry.
2026-04-29T00:22:08.156+0300 [DEBUG] [org.gradle.cache.internal.DefaultFileLockManager] Releasing lock on daemon addresses registry.
2026-04-29T00:22:09.216+0300 [DEBUG] [org.gradle.process.internal.health.memory.DefaultMemoryManager] 1855869747 virtual memory requested, 1365008384 free
2026-04-29T00:22:09.216+0300 [DEBUG] [org.gradle.workers.internal.WorkerDaemonExpiration] Will attempt to release 1769 of memory
2026-04-29T00:22:09.216+0300 [DEBUG] [org.gradle.process.internal.health.memory.DefaultMemoryManager] 1855869747 virtual memory requested, 0 released, 1365008384 free
2026-04-29T00:22:14.216+0300 [DEBUG] [org.gradle.process.internal.health.memory.DefaultMemoryManager] 1855869747 virtual memory requested, 1321005056 free
2026-04-29T00:22:14.216+0300 [DEBUG] [org.gradle.workers.internal.WorkerDaemonExpiration] Will attempt to release 1769 of memory
2026-04-29T00:22:14.216+0300 [DEBUG] [org.gradle.process.internal.health.memory.DefaultMemoryManager] 1855869747 virtual memory requested, 0 released, 1321005056 free
2026-04-29T00:22:18.150+0300 [DEBUG] [org.gradle.cache.internal.DefaultFileLockManager] Waiting to acquire shared lock on daemon addresses registry.
2026-04-29T00:22:18.151+0300 [DEBUG] [org.gradle.cache.internal.DefaultFileLockManager] Lock acquired on daemon addresses registry.
2026-04-29T00:22:18.152+0300 [DEBUG] [org.gradle.cache.internal.DefaultFileLockManager] Releasing lock on daemon addresses registry.
2026-04-29T00:22:18.157+0300 [DEBUG] [org.gradle.cache.internal.DefaultFileLockManager] Waiting to acquire shared lock on daemon addresses registry.
2026-04-29T00:22:18.157+0300 [DEBUG] [org.gradle.cache.internal.DefaultFileLockManager] Lock acquired on daemon addresses registry.
2026-04-29T00:22:18.158+0300 [DEBUG] [org.gradle.cache.internal.DefaultFileLockManager] Releasing lock on daemon addresses registry.
2026-04-29T00:22:18.162+0300 [DEBUG] [org.gradle.cache.internal.DefaultFileLockManager] Waiting to acquire shared lock on daemon addresses registry.
2026-04-29T00:22:18.163+0300 [DEBUG] [org.gradle.cache.internal.DefaultFileLockManager] Lock acquired on daemon addresses registry.
2026-04-29T00:22:18.164+0300 [DEBUG] [org.gradle.cache.internal.DefaultFileLockManager] Releasing lock on daemon addresses registry.
2026-04-29T00:22:19.214+0300 [DEBUG] [org.gradle.process.internal.health.memory.DefaultMemoryManager] 1693924966 physical memory requested, 1677934592 free
2026-04-29T00:22:19.215+0300 [DEBUG] [org.gradle.workers.internal.WorkerDaemonExpiration] Will attempt to release 1615 of memory
2026-04-29T00:22:19.215+0300 [DEBUG] [org.gradle.process.internal.health.memory.DefaultMemoryManager] 1693924966 physical memory requested, 0 released, 1677934592 free
2026-04-29T00:22:19.215+0300 [DEBUG] [org.gradle.process.internal.health.memory.DefaultMemoryManager] 1855869747 virtual memory requested, 1283178496 free
2026-04-29T00:22:19.215+0300 [DEBUG] [org.gradle.workers.internal.WorkerDaemonExpiration] Will attempt to release 1769 of memory
2026-04-29T00:22:19.215+0300 [DEBUG] [org.gradle.process.internal.health.memory.DefaultMemoryManager] 1855869747 virtual memory requested, 0 released, 1283178496 free
2026-04-29T00:22:24.215+0300 [DEBUG] [org.gradle.process.internal.health.memory.DefaultMemoryManager] 1855869747 virtual memory requested, 1407066112 free
2026-04-29T00:22:24.216+0300 [DEBUG] [org.gradle.workers.internal.WorkerDaemonExpiration] Will attempt to release 1769 of memory
2026-04-29T00:22:24.216+0300 [DEBUG] [org.gradle.process.internal.health.memory.DefaultMemoryManager] 1855869747 virtual memory requested, 0 released, 1407066112 free
2026-04-29T00:22:28.152+0300 [DEBUG] [org.gradle.cache.internal.DefaultFileLockManager] Waiting to acquire shared lock on daemon addresses registry.
2026-04-29T00:22:28.152+0300 [DEBUG] [org.gradle.cache.internal.DefaultFileLockManager] Lock acquired on daemon addresses registry.
2026-04-29T00:22:28.153+0300 [DEBUG] [org.gradle.cache.internal.DefaultFileLockManager] Releasing lock on daemon addresses registry.
2026-04-29T00:22:28.156+0300 [DEBUG] [org.gradle.cache.internal.DefaultFileLockManager] Waiting to acquire shared lock on daemon addresses registry.
2026-04-29T00:22:28.157+0300 [DEBUG] [org.gradle.cache.internal.DefaultFileLockManager] Lock acquired on daemon addresses registry.
2026-04-29T00:22:28.157+0300 [DEBUG] [org.gradle.cache.internal.DefaultFileLockManager] Releasing lock on daemon addresses registry.
2026-04-29T00:22:28.161+0300 [DEBUG] [org.gradle.cache.internal.DefaultFileLockManager] Waiting to acquire shared lock on daemon addresses registry.
2026-04-29T00:22:28.161+0300 [DEBUG] [org.gradle.cache.internal.DefaultFileLockManager] Lock acquired on daemon addresses registry.
2026-04-29T00:22:28.162+0300 [DEBUG] [org.gradle.cache.internal.DefaultFileLockManager] Releasing lock on daemon addresses registry.
2026-04-29T00:22:29.215+0300 [DEBUG] [org.gradle.process.internal.health.memory.DefaultMemoryManager] 1855869747 virtual memory requested, 1416241152 free
2026-04-29T00:22:29.215+0300 [DEBUG] [org.gradle.workers.internal.WorkerDaemonExpiration] Will attempt to release 1769 of memory
2026-04-29T00:22:29.215+0300 [DEBUG] [org.gradle.process.internal.health.memory.DefaultMemoryManager] 1855869747 virtual memory requested, 0 released, 1416241152 free
2026-04-29T00:22:32.152+0300 [DEBUG] [sun.rmi.client.ref] RMI RenewClean-[127.0.0.1:17764,org.jetbrains.kotlin.daemon.common.LoopbackNetworkInterface$ClientLoopbackSocketFactory@6ad31d9c]: get connection
2026-04-29T00:22:32.152+0300 [DEBUG] [sun.rmi.transport.tcp] RMI RenewClean-[127.0.0.1:17764,org.jetbrains.kotlin.daemon.common.LoopbackNetworkInterface$ClientLoopbackSocketFactory@6ad31d9c]: create connection
2026-04-29T00:22:32.159+0300 [DEBUG] [sun.rmi.loader] RMI RenewClean-[127.0.0.1:17764,org.jetbrains.kotlin.daemon.common.LoopbackNetworkInterface$ClientLoopbackSocketFactory@6ad31d9c]: name = "java.rmi.dgc.Lease", codebase = "", defaultLoader = jdk.internal.loader.ClassLoaders$PlatformClassLoader@2b21322
2026-04-29T00:22:32.159+0300 [DEBUG] [sun.rmi.loader] RMI RenewClean-[127.0.0.1:17764,org.jetbrains.kotlin.daemon.common.LoopbackNetworkInterface$ClientLoopbackSocketFactory@6ad31d9c]: name = "java.rmi.dgc.VMID", codebase = "", defaultLoader = jdk.internal.loader.ClassLoaders$PlatformClassLoader@2b21322
2026-04-29T00:22:32.160+0300 [DEBUG] [sun.rmi.loader] RMI RenewClean-[127.0.0.1:17764,org.jetbrains.kotlin.daemon.common.LoopbackNetworkInterface$ClientLoopbackSocketFactory@6ad31d9c]: name = "[B", codebase = "", defaultLoader = jdk.internal.loader.ClassLoaders$PlatformClassLoader@2b21322
2026-04-29T00:22:32.161+0300 [DEBUG] [sun.rmi.loader] RMI RenewClean-[127.0.0.1:17764,org.jetbrains.kotlin.daemon.common.LoopbackNetworkInterface$ClientLoopbackSocketFactory@6ad31d9c]: name = "java.rmi.server.UID", codebase = "", defaultLoader = jdk.internal.loader.ClassLoaders$PlatformClassLoader@2b21322
2026-04-29T00:22:32.161+0300 [DEBUG] [sun.rmi.client.ref] RMI RenewClean-[127.0.0.1:17764,org.jetbrains.kotlin.daemon.common.LoopbackNetworkInterface$ClientLoopbackSocketFactory@6ad31d9c]: free connection (reuse = true)
2026-04-29T00:22:32.161+0300 [DEBUG] [sun.rmi.transport.tcp] RMI RenewClean-[127.0.0.1:17764,org.jetbrains.kotlin.daemon.common.LoopbackNetworkInterface$ClientLoopbackSocketFactory@6ad31d9c]: reuse connection
2026-04-29T00:22:32.162+0300 [DEBUG] [sun.rmi.transport.tcp] RMI RenewClean-[127.0.0.1:17764,org.jetbrains.kotlin.daemon.common.LoopbackNetworkInterface$ClientLoopbackSocketFactory@6ad31d9c]: create reaper
2026-04-29T00:22:32.183+0300 [DEBUG] [sun.rmi.transport.tcp] RMI TCP Connection(14)-127.0.0.1: accepted socket from [127.0.0.1:60225]
2026-04-29T00:22:32.184+0300 [DEBUG] [sun.rmi.transport.tcp] RMI TCP Connection(14)-127.0.0.1: (port 56662) op = 80
2026-04-29T00:22:32.184+0300 [DEBUG] [sun.rmi.loader] RMI TCP Connection(14)-127.0.0.1: name = "[Ljava.rmi.server.ObjID;", codebase = "", defaultLoader = jdk.internal.loader.ClassLoaders$PlatformClassLoader@2b21322
2026-04-29T00:22:32.185+0300 [DEBUG] [sun.rmi.loader] RMI TCP Connection(14)-127.0.0.1: name = "java.rmi.dgc.Lease", codebase = "", defaultLoader = jdk.internal.loader.ClassLoaders$PlatformClassLoader@2b21322
2026-04-29T00:22:32.185+0300 [DEBUG] [sun.rmi.loader] RMI TCP Connection(14)-127.0.0.1: name = "java.rmi.dgc.VMID", codebase = "", defaultLoader = jdk.internal.loader.ClassLoaders$PlatformClassLoader@2b21322
2026-04-29T00:22:32.185+0300 [DEBUG] [sun.rmi.loader] RMI TCP Connection(14)-127.0.0.1: name = "[B", codebase = "", defaultLoader = jdk.internal.loader.ClassLoaders$PlatformClassLoader@2b21322
2026-04-29T00:22:32.186+0300 [DEBUG] [sun.rmi.loader] RMI TCP Connection(14)-127.0.0.1: name = "java.rmi.server.UID", codebase = "", defaultLoader = jdk.internal.loader.ClassLoaders$PlatformClassLoader@2b21322
2026-04-29T00:22:34.215+0300 [DEBUG] [org.gradle.process.internal.health.memory.DefaultMemoryManager] 1855869747 virtual memory requested, 1416597504 free
2026-04-29T00:22:34.215+0300 [DEBUG] [org.gradle.workers.internal.WorkerDaemonExpiration] Will attempt to release 1769 of memory
2026-04-29T00:22:34.215+0300 [DEBUG] [org.gradle.process.internal.health.memory.DefaultMemoryManager] 1855869747 virtual memory requested, 0 released, 1416597504 free
2026-04-29T00:22:38.152+0300 [DEBUG] [org.gradle.cache.internal.DefaultFileLockManager] Waiting to acquire shared lock on daemon addresses registry.
2026-04-29T00:22:38.152+0300 [DEBUG] [org.gradle.cache.internal.DefaultFileLockManager] Lock acquired on daemon addresses registry.
2026-04-29T00:22:38.153+0300 [DEBUG] [org.gradle.cache.internal.DefaultFileLockManager] Releasing lock on daemon addresses registry.
2026-04-29T00:22:38.156+0300 [DEBUG] [org.gradle.cache.internal.DefaultFileLockManager] Waiting to acquire shared lock on daemon addresses registry.
2026-04-29T00:22:38.157+0300 [DEBUG] [org.gradle.cache.internal.DefaultFileLockManager] Lock acquired on daemon addresses registry.
2026-04-29T00:22:38.158+0300 [DEBUG] [org.gradle.cache.internal.DefaultFileLockManager] Releasing lock on daemon addresses registry.
2026-04-29T00:22:38.160+0300 [DEBUG] [org.gradle.cache.internal.DefaultFileLockManager] Waiting to acquire shared lock on daemon addresses registry.
2026-04-29T00:22:38.160+0300 [DEBUG] [org.gradle.cache.internal.DefaultFileLockManager] Lock acquired on daemon addresses registry.
2026-04-29T00:22:38.161+0300 [DEBUG] [org.gradle.cache.internal.DefaultFileLockManager] Releasing lock on daemon addresses registry.
2026-04-29T00:22:39.215+0300 [DEBUG] [org.gradle.process.internal.health.memory.DefaultMemoryManager] 1855869747 virtual memory requested, 1417023488 free
2026-04-29T00:22:39.216+0300 [DEBUG] [org.gradle.workers.internal.WorkerDaemonExpiration] Will attempt to release 1769 of memory
2026-04-29T00:22:39.216+0300 [DEBUG] [org.gradle.process.internal.health.memory.DefaultMemoryManager] 1855869747 virtual memory requested, 0 released, 1417023488 free
2026-04-29T00:22:44.215+0300 [DEBUG] [org.gradle.process.internal.health.memory.DefaultMemoryManager] 1855869747 virtual memory requested, 1419890688 free
2026-04-29T00:22:44.215+0300 [DEBUG] [org.gradle.workers.internal.WorkerDaemonExpiration] Will attempt to release 1769 of memory
2026-04-29T00:22:44.215+0300 [DEBUG] [org.gradle.process.internal.health.memory.DefaultMemoryManager] 1855869747 virtual memory requested, 0 released, 1419890688 free
2026-04-29T00:22:47.163+0300 [DEBUG] [sun.rmi.transport.tcp] RMI Scheduler(0): close connection, socket: Socket[addr=localhost/127.0.0.1,port=17764,localport=60224]
2026-04-29T00:22:47.187+0300 [DEBUG] [sun.rmi.transport.tcp] RMI TCP Connection(14)-127.0.0.1: (port 56662) connection closed
2026-04-29T00:22:47.188+0300 [DEBUG] [sun.rmi.transport.tcp] RMI TCP Connection(14)-127.0.0.1: close connection, socket: Socket[addr=/127.0.0.1,port=60225,localport=56662]
2026-04-29T00:22:47.189+0300 [DEBUG] [sun.rmi.transport.tcp] RMI TCP Connection(14)-127.0.0.1: socket close: Socket[addr=/127.0.0.1,port=60225,localport=56662]
2026-04-29T00:22:48.151+0300 [DEBUG] [org.gradle.cache.internal.DefaultFileLockManager] Waiting to acquire shared lock on daemon addresses registry.
2026-04-29T00:22:48.151+0300 [DEBUG] [org.gradle.cache.internal.DefaultFileLockManager] Lock acquired on daemon addresses registry.
2026-04-29T00:22:48.152+0300 [DEBUG] [org.gradle.cache.internal.DefaultFileLockManager] Releasing lock on daemon addresses registry.
2026-04-29T00:22:48.154+0300 [DEBUG] [org.gradle.cache.internal.DefaultFileLockManager] Waiting to acquire shared lock on daemon addresses registry.
2026-04-29T00:22:48.154+0300 [DEBUG] [org.gradle.cache.internal.DefaultFileLockManager] Lock acquired on daemon addresses registry.
2026-04-29T00:22:48.155+0300 [DEBUG] [org.gradle.cache.internal.DefaultFileLockManager] Releasing lock on daemon addresses registry.
2026-04-29T00:22:48.158+0300 [DEBUG] [org.gradle.cache.internal.DefaultFileLockManager] Waiting to acquire shared lock on daemon addresses registry.
2026-04-29T00:22:48.158+0300 [DEBUG] [org.gradle.cache.internal.DefaultFileLockManager] Lock acquired on daemon addresses registry.
2026-04-29T00:22:48.158+0300 [DEBUG] [org.gradle.cache.internal.DefaultFileLockManager] Releasing lock on daemon addresses registry.
2026-04-29T00:22:49.215+0300 [DEBUG] [org.gradle.process.internal.health.memory.DefaultMemoryManager] 1855869747 virtual memory requested, 1416564736 free
2026-04-29T00:22:49.215+0300 [DEBUG] [org.gradle.workers.internal.WorkerDaemonExpiration] Will attempt to release 1769 of memory
2026-04-29T00:22:49.215+0300 [DEBUG] [org.gradle.process.internal.health.memory.DefaultMemoryManager] 1855869747 virtual memory requested, 0 released, 1416564736 free
2026-04-29T00:22:54.216+0300 [DEBUG] [org.gradle.process.internal.health.memory.DefaultMemoryManager] 1855869747 virtual memory requested, 1425137664 free
2026-04-29T00:22:54.216+0300 [DEBUG] [org.gradle.workers.internal.WorkerDaemonExpiration] Will attempt to release 1769 of memory
2026-04-29T00:22:54.216+0300 [DEBUG] [org.gradle.process.internal.health.memory.DefaultMemoryManager] 1855869747 virtual memory requested, 0 released, 1425137664 free
2026-04-29T00:22:58.151+0300 [DEBUG] [org.gradle.cache.internal.DefaultFileLockManager] Waiting to acquire shared lock on daemon addresses registry.
2026-04-29T00:22:58.151+0300 [DEBUG] [org.gradle.cache.internal.DefaultFileLockManager] Lock acquired on daemon addresses registry.
2026-04-29T00:22:58.152+0300 [DEBUG] [org.gradle.cache.internal.DefaultFileLockManager] Releasing lock on daemon addresses registry.
2026-04-29T00:22:58.155+0300 [DEBUG] [org.gradle.cache.internal.DefaultFileLockManager] Waiting to acquire shared lock on daemon addresses registry.
2026-04-29T00:22:58.155+0300 [DEBUG] [org.gradle.cache.internal.DefaultFileLockManager] Lock acquired on daemon addresses registry.
2026-04-29T00:22:58.156+0300 [DEBUG] [org.gradle.cache.internal.DefaultFileLockManager] Releasing lock on daemon addresses registry.
2026-04-29T00:22:58.158+0300 [DEBUG] [org.gradle.cache.internal.DefaultFileLockManager] Waiting to acquire shared lock on daemon addresses registry.
2026-04-29T00:22:58.158+0300 [DEBUG] [org.gradle.cache.internal.DefaultFileLockManager] Lock acquired on daemon addresses registry.
2026-04-29T00:22:58.159+0300 [DEBUG] [org.gradle.cache.internal.DefaultFileLockManager] Releasing lock on daemon addresses registry.
2026-04-29T00:22:59.215+0300 [DEBUG] [org.gradle.process.internal.health.memory.DefaultMemoryManager] 1855869747 virtual memory requested, 1357647872 free
2026-04-29T00:22:59.216+0300 [DEBUG] [org.gradle.workers.internal.WorkerDaemonExpiration] Will attempt to release 1769 of memory
2026-04-29T00:22:59.216+0300 [DEBUG] [org.gradle.process.internal.health.memory.DefaultMemoryManager] 1855869747 virtual memory requested, 0 released, 1357647872 free
2026-04-29T00:23:04.215+0300 [DEBUG] [org.gradle.process.internal.health.memory.DefaultMemoryManager] 1855869747 virtual memory requested, 1367347200 free
2026-04-29T00:23:04.215+0300 [DEBUG] [org.gradle.workers.internal.WorkerDaemonExpiration] Will attempt to release 1769 of memory
2026-04-29T00:23:04.215+0300 [DEBUG] [org.gradle.process.internal.health.memory.DefaultMemoryManager] 1855869747 virtual memory requested, 0 released, 1367347200 free
2026-04-29T00:23:08.151+0300 [DEBUG] [org.gradle.cache.internal.DefaultFileLockManager] Waiting to acquire shared lock on daemon addresses registry.
2026-04-29T00:23:08.151+0300 [DEBUG] [org.gradle.cache.internal.DefaultFileLockManager] Lock acquired on daemon addresses registry.
2026-04-29T00:23:08.151+0300 [DEBUG] [org.gradle.cache.internal.DefaultFileLockManager] Releasing lock on daemon addresses registry.
2026-04-29T00:23:08.153+0300 [DEBUG] [org.gradle.cache.internal.DefaultFileLockManager] Waiting to acquire shared lock on daemon addresses registry.
2026-04-29T00:23:08.154+0300 [DEBUG] [org.gradle.cache.internal.DefaultFileLockManager] Lock acquired on daemon addresses registry.
2026-04-29T00:23:08.154+0300 [DEBUG] [org.gradle.cache.internal.DefaultFileLockManager] Releasing lock on daemon addresses registry.
2026-04-29T00:23:08.157+0300 [DEBUG] [org.gradle.cache.internal.DefaultFileLockManager] Waiting to acquire shared lock on daemon addresses registry.
2026-04-29T00:23:08.157+0300 [DEBUG] [org.gradle.cache.internal.DefaultFileLockManager] Lock acquired on daemon addresses registry.
2026-04-29T00:23:08.157+0300 [DEBUG] [org.gradle.cache.internal.DefaultFileLockManager] Releasing lock on daemon addresses registry.
2026-04-29T00:23:09.214+0300 [DEBUG] [org.gradle.process.internal.health.memory.DefaultMemoryManager] 1855869747 virtual memory requested, 1370787840 free
2026-04-29T00:23:09.214+0300 [DEBUG] [org.gradle.workers.internal.WorkerDaemonExpiration] Will attempt to release 1769 of memory
2026-04-29T00:23:09.214+0300 [DEBUG] [org.gradle.process.internal.health.memory.DefaultMemoryManager] 1855869747 virtual memory requested, 0 released, 1370787840 free
2026-04-29T00:23:14.216+0300 [DEBUG] [org.gradle.process.internal.health.memory.DefaultMemoryManager] 1855869747 virtual memory requested, 1371574272 free
2026-04-29T00:23:14.216+0300 [DEBUG] [org.gradle.workers.internal.WorkerDaemonExpiration] Will attempt to release 1769 of memory
2026-04-29T00:23:14.216+0300 [DEBUG] [org.gradle.process.internal.health.memory.DefaultMemoryManager] 1855869747 virtual memory requested, 0 released, 1371574272 free
2026-04-29T00:23:18.151+0300 [DEBUG] [org.gradle.cache.internal.DefaultFileLockManager] Waiting to acquire shared lock on daemon addresses registry.
2026-04-29T00:23:18.151+0300 [DEBUG] [org.gradle.cache.internal.DefaultFileLockManager] Lock acquired on daemon addresses registry.
2026-04-29T00:23:18.152+0300 [DEBUG] [org.gradle.cache.internal.DefaultFileLockManager] Releasing lock on daemon addresses registry.
2026-04-29T00:23:18.155+0300 [DEBUG] [org.gradle.cache.internal.DefaultFileLockManager] Waiting to acquire shared lock on daemon addresses registry.
2026-04-29T00:23:18.155+0300 [DEBUG] [org.gradle.cache.internal.DefaultFileLockManager] Lock acquired on daemon addresses registry.
2026-04-29T00:23:18.156+0300 [DEBUG] [org.gradle.cache.internal.DefaultFileLockManager] Releasing lock on daemon addresses registry.
2026-04-29T00:23:18.159+0300 [DEBUG] [org.gradle.cache.internal.DefaultFileLockManager] Waiting to acquire shared lock on daemon addresses registry.
2026-04-29T00:23:18.160+0300 [DEBUG] [org.gradle.cache.internal.DefaultFileLockManager] Lock acquired on daemon addresses registry.
2026-04-29T00:23:18.160+0300 [DEBUG] [org.gradle.cache.internal.DefaultFileLockManager] Releasing lock on daemon addresses registry.
2026-04-29T00:23:19.215+0300 [DEBUG] [org.gradle.process.internal.health.memory.DefaultMemoryManager] 1855869747 virtual memory requested, 1371025408 free
2026-04-29T00:23:19.215+0300 [DEBUG] [org.gradle.workers.internal.WorkerDaemonExpiration] Will attempt to release 1769 of memory
2026-04-29T00:23:19.215+0300 [DEBUG] [org.gradle.process.internal.health.memory.DefaultMemoryManager] 1855869747 virtual memory requested, 0 released, 1371025408 free
2026-04-29T00:23:24.216+0300 [DEBUG] [org.gradle.process.internal.health.memory.DefaultMemoryManager] 1855869747 virtual memory requested, 1368682496 free
2026-04-29T00:23:24.216+0300 [DEBUG] [org.gradle.workers.internal.WorkerDaemonExpiration] Will attempt to release 1769 of memory
2026-04-29T00:23:24.216+0300 [DEBUG] [org.gradle.process.internal.health.memory.DefaultMemoryManager] 1855869747 virtual memory requested, 0 released, 1368682496 free
2026-04-29T00:23:28.150+0300 [DEBUG] [org.gradle.cache.internal.DefaultFileLockManager] Waiting to acquire shared lock on daemon addresses registry.
2026-04-29T00:23:28.150+0300 [DEBUG] [org.gradle.cache.internal.DefaultFileLockManager] Lock acquired on daemon addresses registry.
2026-04-29T00:23:28.151+0300 [DEBUG] [org.gradle.cache.internal.DefaultFileLockManager] Releasing lock on daemon addresses registry.
2026-04-29T00:23:28.154+0300 [DEBUG] [org.gradle.cache.internal.DefaultFileLockManager] Waiting to acquire shared lock on daemon addresses registry.
2026-04-29T00:23:28.155+0300 [DEBUG] [org.gradle.cache.internal.DefaultFileLockManager] Lock acquired on daemon addresses registry.
2026-04-29T00:23:28.156+0300 [DEBUG] [org.gradle.cache.internal.DefaultFileLockManager] Releasing lock on daemon addresses registry.
2026-04-29T00:23:28.159+0300 [DEBUG] [org.gradle.cache.internal.DefaultFileLockManager] Waiting to acquire shared lock on daemon addresses registry.
2026-04-29T00:23:28.159+0300 [DEBUG] [org.gradle.cache.internal.DefaultFileLockManager] Lock acquired on daemon addresses registry.
2026-04-29T00:23:28.160+0300 [DEBUG] [org.gradle.cache.internal.DefaultFileLockManager] Releasing lock on daemon addresses registry.
2026-04-29T00:23:29.216+0300 [DEBUG] [org.gradle.process.internal.health.memory.DefaultMemoryManager] 1855869747 virtual memory requested, 1432551424 free
2026-04-29T00:23:29.216+0300 [DEBUG] [org.gradle.workers.internal.WorkerDaemonExpiration] Will attempt to release 1769 of memory
2026-04-29T00:23:29.217+0300 [DEBUG] [org.gradle.process.internal.health.memory.DefaultMemoryManager] 1855869747 virtual memory requested, 0 released, 1432551424 free
2026-04-29T00:23:34.217+0300 [DEBUG] [org.gradle.process.internal.health.memory.DefaultMemoryManager] 1855869747 virtual memory requested, 1428180992 free
2026-04-29T00:23:34.217+0300 [DEBUG] [org.gradle.workers.internal.WorkerDaemonExpiration] Will attempt to release 1769 of memory
2026-04-29T00:23:34.217+0300 [DEBUG] [org.gradle.process.internal.health.memory.DefaultMemoryManager] 1855869747 virtual memory requested, 0 released, 1428180992 free
2026-04-29T00:23:38.152+0300 [DEBUG] [org.gradle.cache.internal.DefaultFileLockManager] Waiting to acquire shared lock on daemon addresses registry.
2026-04-29T00:23:38.152+0300 [DEBUG] [org.gradle.cache.internal.DefaultFileLockManager] Lock acquired on daemon addresses registry.
2026-04-29T00:23:38.153+0300 [DEBUG] [org.gradle.cache.internal.DefaultFileLockManager] Releasing lock on daemon addresses registry.
2026-04-29T00:23:38.158+0300 [DEBUG] [org.gradle.cache.internal.DefaultFileLockManager] Waiting to acquire shared lock on daemon addresses registry.
2026-04-29T00:23:38.158+0300 [DEBUG] [org.gradle.cache.internal.DefaultFileLockManager] Lock acquired on daemon addresses registry.
2026-04-29T00:23:38.159+0300 [DEBUG] [org.gradle.cache.internal.DefaultFileLockManager] Releasing lock on daemon addresses registry.
2026-04-29T00:23:38.164+0300 [DEBUG] [org.gradle.cache.internal.DefaultFileLockManager] Waiting to acquire shared lock on daemon addresses registry.
2026-04-29T00:23:38.165+0300 [DEBUG] [org.gradle.cache.internal.DefaultFileLockManager] Lock acquired on daemon addresses registry.
2026-04-29T00:23:38.166+0300 [DEBUG] [org.gradle.cache.internal.DefaultFileLockManager] Releasing lock on daemon addresses registry.
2026-04-29T00:23:39.216+0300 [DEBUG] [org.gradle.process.internal.health.memory.DefaultMemoryManager] 1855869747 virtual memory requested, 1432858624 free
2026-04-29T00:23:39.222+0300 [DEBUG] [org.gradle.workers.internal.WorkerDaemonExpiration] Will attempt to release 1769 of memory
2026-04-29T00:23:39.223+0300 [DEBUG] [org.gradle.process.internal.health.memory.DefaultMemoryManager] 1855869747 virtual memory requested, 0 released, 1432858624 free
2026-04-29T00:23:44.215+0300 [DEBUG] [org.gradle.process.internal.health.memory.DefaultMemoryManager] 1855869747 virtual memory requested, 1432268800 free
2026-04-29T00:23:44.216+0300 [DEBUG] [org.gradle.workers.internal.WorkerDaemonExpiration] Will attempt to release 1769 of memory
2026-04-29T00:23:44.216+0300 [DEBUG] [org.gradle.process.internal.health.memory.DefaultMemoryManager] 1855869747 virtual memory requested, 0 released, 1432268800 free
2026-04-29T00:23:48.153+0300 [DEBUG] [org.gradle.cache.internal.DefaultFileLockManager] Waiting to acquire shared lock on daemon addresses registry.
2026-04-29T00:23:48.153+0300 [DEBUG] [org.gradle.cache.internal.DefaultFileLockManager] Lock acquired on daemon addresses registry.
2026-04-29T00:23:48.154+0300 [DEBUG] [org.gradle.cache.internal.DefaultFileLockManager] Releasing lock on daemon addresses registry.
2026-04-29T00:23:48.158+0300 [DEBUG] [org.gradle.cache.internal.DefaultFileLockManager] Waiting to acquire shared lock on daemon addresses registry.
2026-04-29T00:23:48.158+0300 [DEBUG] [org.gradle.cache.internal.DefaultFileLockManager] Lock acquired on daemon addresses registry.
2026-04-29T00:23:48.159+0300 [DEBUG] [org.gradle.cache.internal.DefaultFileLockManager] Releasing lock on daemon addresses registry.
2026-04-29T00:23:48.163+0300 [DEBUG] [org.gradle.cache.internal.DefaultFileLockManager] Waiting to acquire shared lock on daemon addresses registry.
2026-04-29T00:23:48.164+0300 [DEBUG] [org.gradle.cache.internal.DefaultFileLockManager] Lock acquired on daemon addresses registry.
2026-04-29T00:23:48.164+0300 [DEBUG] [org.gradle.cache.internal.DefaultFileLockManager] Releasing lock on daemon addresses registry.
2026-04-29T00:23:49.216+0300 [DEBUG] [org.gradle.process.internal.health.memory.DefaultMemoryManager] 1855869747 virtual memory requested, 1434943488 free
2026-04-29T00:23:49.216+0300 [DEBUG] [org.gradle.workers.internal.WorkerDaemonExpiration] Will attempt to release 1769 of memory
2026-04-29T00:23:49.217+0300 [DEBUG] [org.gradle.process.internal.health.memory.DefaultMemoryManager] 1855869747 virtual memory requested, 0 released, 1434943488 free
2026-04-29T00:23:54.217+0300 [DEBUG] [org.gradle.process.internal.health.memory.DefaultMemoryManager] 1855869747 virtual memory requested, 1442750464 free
2026-04-29T00:23:54.217+0300 [DEBUG] [org.gradle.workers.internal.WorkerDaemonExpiration] Will attempt to release 1769 of memory
2026-04-29T00:23:54.217+0300 [DEBUG] [org.gradle.process.internal.health.memory.DefaultMemoryManager] 1855869747 virtual memory requested, 0 released, 1442750464 free
2026-04-29T00:23:58.152+0300 [DEBUG] [org.gradle.cache.internal.DefaultFileLockManager] Waiting to acquire shared lock on daemon addresses registry.
2026-04-29T00:23:58.152+0300 [DEBUG] [org.gradle.cache.internal.DefaultFileLockManager] Lock acquired on daemon addresses registry.
2026-04-29T00:23:58.153+0300 [DEBUG] [org.gradle.cache.internal.DefaultFileLockManager] Releasing lock on daemon addresses registry.
2026-04-29T00:23:58.156+0300 [DEBUG] [org.gradle.cache.internal.DefaultFileLockManager] Waiting to acquire shared lock on daemon addresses registry.
2026-04-29T00:23:58.157+0300 [DEBUG] [org.gradle.cache.internal.DefaultFileLockManager] Lock acquired on daemon addresses registry.
2026-04-29T00:23:58.158+0300 [DEBUG] [org.gradle.cache.internal.DefaultFileLockManager] Releasing lock on daemon addresses registry.
2026-04-29T00:23:58.161+0300 [DEBUG] [org.gradle.cache.internal.DefaultFileLockManager] Waiting to acquire shared lock on daemon addresses registry.
2026-04-29T00:23:58.162+0300 [DEBUG] [org.gradle.cache.internal.DefaultFileLockManager] Lock acquired on daemon addresses registry.
2026-04-29T00:23:58.162+0300 [DEBUG] [org.gradle.cache.internal.DefaultFileLockManager] Releasing lock on daemon addresses registry.
2026-04-29T00:23:59.215+0300 [DEBUG] [org.gradle.process.internal.health.memory.DefaultMemoryManager] 1855869747 virtual memory requested, 1443291136 free
2026-04-29T00:23:59.215+0300 [DEBUG] [org.gradle.workers.internal.WorkerDaemonExpiration] Will attempt to release 1769 of memory
2026-04-29T00:23:59.215+0300 [DEBUG] [org.gradle.process.internal.health.memory.DefaultMemoryManager] 1855869747 virtual memory requested, 0 released, 1443291136 free
2026-04-29T00:24:04.216+0300 [DEBUG] [org.gradle.process.internal.health.memory.DefaultMemoryManager] 1855869747 virtual memory requested, 1442877440 free
2026-04-29T00:24:04.216+0300 [DEBUG] [org.gradle.workers.internal.WorkerDaemonExpiration] Will attempt to release 1769 of memory
2026-04-29T00:24:04.216+0300 [DEBUG] [org.gradle.process.internal.health.memory.DefaultMemoryManager] 1855869747 virtual memory requested, 0 released, 1442877440 free
2026-04-29T00:24:08.152+0300 [DEBUG] [org.gradle.cache.internal.DefaultFileLockManager] Waiting to acquire shared lock on daemon addresses registry.
2026-04-29T00:24:08.152+0300 [DEBUG] [org.gradle.cache.internal.DefaultFileLockManager] Lock acquired on daemon addresses registry.
2026-04-29T00:24:08.153+0300 [DEBUG] [org.gradle.cache.internal.DefaultFileLockManager] Releasing lock on daemon addresses registry.
2026-04-29T00:24:08.156+0300 [DEBUG] [org.gradle.cache.internal.DefaultFileLockManager] Waiting to acquire shared lock on daemon addresses registry.
2026-04-29T00:24:08.157+0300 [DEBUG] [org.gradle.cache.internal.DefaultFileLockManager] Lock acquired on daemon addresses registry.
2026-04-29T00:24:08.158+0300 [DEBUG] [org.gradle.cache.internal.DefaultFileLockManager] Releasing lock on daemon addresses registry.
2026-04-29T00:24:08.161+0300 [DEBUG] [org.gradle.cache.internal.DefaultFileLockManager] Waiting to acquire shared lock on daemon addresses registry.
2026-04-29T00:24:08.161+0300 [DEBUG] [org.gradle.cache.internal.DefaultFileLockManager] Lock acquired on daemon addresses registry.
2026-04-29T00:24:08.162+0300 [DEBUG] [org.gradle.cache.internal.DefaultFileLockManager] Releasing lock on daemon addresses registry.
2026-04-29T00:24:09.216+0300 [DEBUG] [org.gradle.process.internal.health.memory.DefaultMemoryManager] 1855869747 virtual memory requested, 1446535168 free
2026-04-29T00:24:09.216+0300 [DEBUG] [org.gradle.workers.internal.WorkerDaemonExpiration] Will attempt to release 1769 of memory
2026-04-29T00:24:09.217+0300 [DEBUG] [org.gradle.process.internal.health.memory.DefaultMemoryManager] 1855869747 virtual memory requested, 0 released, 1446535168 free
2026-04-29T00:24:14.217+0300 [DEBUG] [org.gradle.process.internal.health.memory.DefaultMemoryManager] 1855869747 virtual memory requested, 1445912576 free
2026-04-29T00:24:14.217+0300 [DEBUG] [org.gradle.workers.internal.WorkerDaemonExpiration] Will attempt to release 1769 of memory
2026-04-29T00:24:14.217+0300 [DEBUG] [org.gradle.process.internal.health.memory.DefaultMemoryManager] 1855869747 virtual memory requested, 0 released, 1445912576 free
2026-04-29T00:24:18.152+0300 [DEBUG] [org.gradle.cache.internal.DefaultFileLockManager] Waiting to acquire shared lock on daemon addresses registry.
2026-04-29T00:24:18.152+0300 [DEBUG] [org.gradle.cache.internal.DefaultFileLockManager] Lock acquired on daemon addresses registry.
2026-04-29T00:24:18.153+0300 [DEBUG] [org.gradle.cache.internal.DefaultFileLockManager] Releasing lock on daemon addresses registry.
2026-04-29T00:24:18.157+0300 [DEBUG] [org.gradle.cache.internal.DefaultFileLockManager] Waiting to acquire shared lock on daemon addresses registry.
2026-04-29T00:24:18.158+0300 [DEBUG] [org.gradle.cache.internal.DefaultFileLockManager] Lock acquired on daemon addresses registry.
2026-04-29T00:24:18.159+0300 [DEBUG] [org.gradle.cache.internal.DefaultFileLockManager] Releasing lock on daemon addresses registry.
2026-04-29T00:24:18.163+0300 [DEBUG] [org.gradle.cache.internal.DefaultFileLockManager] Waiting to acquire shared lock on daemon addresses registry.
2026-04-29T00:24:18.163+0300 [DEBUG] [org.gradle.cache.internal.DefaultFileLockManager] Lock acquired on daemon addresses registry.
2026-04-29T00:24:18.164+0300 [DEBUG] [org.gradle.cache.internal.DefaultFileLockManager] Releasing lock on daemon addresses registry.
2026-04-29T00:24:19.215+0300 [DEBUG] [org.gradle.process.internal.health.memory.DefaultMemoryManager] 1855869747 virtual memory requested, 1446797312 free
2026-04-29T00:24:19.215+0300 [DEBUG] [org.gradle.workers.internal.WorkerDaemonExpiration] Will attempt to release 1769 of memory
2026-04-29T00:24:19.215+0300 [DEBUG] [org.gradle.process.internal.health.memory.DefaultMemoryManager] 1855869747 virtual memory requested, 0 released, 1446797312 free
2026-04-29T00:24:24.217+0300 [DEBUG] [org.gradle.process.internal.health.memory.DefaultMemoryManager] 1855869747 virtual memory requested, 1449689088 free
2026-04-29T00:24:24.217+0300 [DEBUG] [org.gradle.workers.internal.WorkerDaemonExpiration] Will attempt to release 1769 of memory
2026-04-29T00:24:24.218+0300 [DEBUG] [org.gradle.process.internal.health.memory.DefaultMemoryManager] 1855869747 virtual memory requested, 0 released, 1449689088 free
2026-04-29T00:24:28.151+0300 [DEBUG] [org.gradle.cache.internal.DefaultFileLockManager] Waiting to acquire shared lock on daemon addresses registry.
2026-04-29T00:24:28.151+0300 [DEBUG] [org.gradle.cache.internal.DefaultFileLockManager] Lock acquired on daemon addresses registry.
2026-04-29T00:24:28.151+0300 [DEBUG] [org.gradle.cache.internal.DefaultFileLockManager] Releasing lock on daemon addresses registry.
2026-04-29T00:24:28.153+0300 [DEBUG] [org.gradle.cache.internal.DefaultFileLockManager] Waiting to acquire shared lock on daemon addresses registry.
2026-04-29T00:24:28.153+0300 [DEBUG] [org.gradle.cache.internal.DefaultFileLockManager] Lock acquired on daemon addresses registry.
2026-04-29T00:24:28.153+0300 [DEBUG] [org.gradle.cache.internal.DefaultFileLockManager] Releasing lock on daemon addresses registry.
2026-04-29T00:24:28.155+0300 [DEBUG] [org.gradle.cache.internal.DefaultFileLockManager] Waiting to acquire shared lock on daemon addresses registry.
2026-04-29T00:24:28.155+0300 [DEBUG] [org.gradle.cache.internal.DefaultFileLockManager] Lock acquired on daemon addresses registry.
2026-04-29T00:24:28.155+0300 [DEBUG] [org.gradle.cache.internal.DefaultFileLockManager] Releasing lock on daemon addresses registry.
2026-04-29T00:24:29.216+0300 [DEBUG] [org.gradle.process.internal.health.memory.DefaultMemoryManager] 1855869747 virtual memory requested, 1448595456 free
2026-04-29T00:24:29.216+0300 [DEBUG] [org.gradle.workers.internal.WorkerDaemonExpiration] Will attempt to release 1769 of memory
2026-04-29T00:24:29.217+0300 [DEBUG] [org.gradle.process.internal.health.memory.DefaultMemoryManager] 1855869747 virtual memory requested, 0 released, 1448595456 free
2026-04-29T00:24:34.216+0300 [DEBUG] [org.gradle.process.internal.health.memory.DefaultMemoryManager] 1855869747 virtual memory requested, 1446965248 free
2026-04-29T00:24:34.216+0300 [DEBUG] [org.gradle.workers.internal.WorkerDaemonExpiration] Will attempt to release 1769 of memory
2026-04-29T00:24:34.216+0300 [DEBUG] [org.gradle.process.internal.health.memory.DefaultMemoryManager] 1855869747 virtual memory requested, 0 released, 1446965248 free
2026-04-29T00:24:38.152+0300 [DEBUG] [org.gradle.cache.internal.DefaultFileLockManager] Waiting to acquire shared lock on daemon addresses registry.
2026-04-29T00:24:38.152+0300 [DEBUG] [org.gradle.cache.internal.DefaultFileLockManager] Lock acquired on daemon addresses registry.
2026-04-29T00:24:38.153+0300 [DEBUG] [org.gradle.cache.internal.DefaultFileLockManager] Releasing lock on daemon addresses registry.
2026-04-29T00:24:38.156+0300 [DEBUG] [org.gradle.cache.internal.DefaultFileLockManager] Waiting to acquire shared lock on daemon addresses registry.
2026-04-29T00:24:38.156+0300 [DEBUG] [org.gradle.cache.internal.DefaultFileLockManager] Lock acquired on daemon addresses registry.
2026-04-29T00:24:38.157+0300 [DEBUG] [org.gradle.cache.internal.DefaultFileLockManager] Releasing lock on daemon addresses registry.
2026-04-29T00:24:38.159+0300 [DEBUG] [org.gradle.cache.internal.DefaultFileLockManager] Waiting to acquire shared lock on daemon addresses registry.
2026-04-29T00:24:38.159+0300 [DEBUG] [org.gradle.cache.internal.DefaultFileLockManager] Lock acquired on daemon addresses registry.
2026-04-29T00:24:38.160+0300 [DEBUG] [org.gradle.cache.internal.DefaultFileLockManager] Releasing lock on daemon addresses registry.
2026-04-29T00:24:39.217+0300 [DEBUG] [org.gradle.process.internal.health.memory.DefaultMemoryManager] 1855869747 virtual memory requested, 1447604224 free
2026-04-29T00:24:39.217+0300 [DEBUG] [org.gradle.workers.internal.WorkerDaemonExpiration] Will attempt to release 1769 of memory
2026-04-29T00:24:39.217+0300 [DEBUG] [org.gradle.process.internal.health.memory.DefaultMemoryManager] 1855869747 virtual memory requested, 0 released, 1447604224 free
2026-04-29T00:24:44.216+0300 [DEBUG] [org.gradle.process.internal.health.memory.DefaultMemoryManager] 1855869747 virtual memory requested, 1445507072 free
2026-04-29T00:24:44.216+0300 [DEBUG] [org.gradle.workers.internal.WorkerDaemonExpiration] Will attempt to release 1769 of memory
2026-04-29T00:24:44.216+0300 [DEBUG] [org.gradle.process.internal.health.memory.DefaultMemoryManager] 1855869747 virtual memory requested, 0 released, 1445507072 free
2026-04-29T00:24:48.154+0300 [DEBUG] [org.gradle.cache.internal.DefaultFileLockManager] Waiting to acquire shared lock on daemon addresses registry.
2026-04-29T00:24:48.154+0300 [DEBUG] [org.gradle.cache.internal.DefaultFileLockManager] Lock acquired on daemon addresses registry.
2026-04-29T00:24:48.155+0300 [DEBUG] [org.gradle.cache.internal.DefaultFileLockManager] Releasing lock on daemon addresses registry.
2026-04-29T00:24:48.160+0300 [DEBUG] [org.gradle.cache.internal.DefaultFileLockManager] Waiting to acquire shared lock on daemon addresses registry.
2026-04-29T00:24:48.160+0300 [DEBUG] [org.gradle.cache.internal.DefaultFileLockManager] Lock acquired on daemon addresses registry.
2026-04-29T00:24:48.161+0300 [DEBUG] [org.gradle.cache.internal.DefaultFileLockManager] Releasing lock on daemon addresses registry.
2026-04-29T00:24:48.165+0300 [DEBUG] [org.gradle.cache.internal.DefaultFileLockManager] Waiting to acquire shared lock on daemon addresses registry.
2026-04-29T00:24:48.165+0300 [DEBUG] [org.gradle.cache.internal.DefaultFileLockManager] Lock acquired on daemon addresses registry.
2026-04-29T00:24:48.166+0300 [DEBUG] [org.gradle.cache.internal.DefaultFileLockManager] Releasing lock on daemon addresses registry.
2026-04-29T00:24:49.216+0300 [DEBUG] [org.gradle.process.internal.health.memory.DefaultMemoryManager] 1855869747 virtual memory requested, 1445580800 free
2026-04-29T00:24:49.216+0300 [DEBUG] [org.gradle.workers.internal.WorkerDaemonExpiration] Will attempt to release 1769 of memory
2026-04-29T00:24:49.216+0300 [DEBUG] [org.gradle.process.internal.health.memory.DefaultMemoryManager] 1855869747 virtual memory requested, 0 released, 1445580800 free
2026-04-29T00:24:54.216+0300 [DEBUG] [org.gradle.process.internal.health.memory.DefaultMemoryManager] 1855869747 virtual memory requested, 1428475904 free
2026-04-29T00:24:54.216+0300 [DEBUG] [org.gradle.workers.internal.WorkerDaemonExpiration] Will attempt to release 1769 of memory
2026-04-29T00:24:54.216+0300 [DEBUG] [org.gradle.process.internal.health.memory.DefaultMemoryManager] 1855869747 virtual memory requested, 0 released, 1428475904 free
2026-04-29T00:24:58.153+0300 [DEBUG] [org.gradle.cache.internal.DefaultFileLockManager] Waiting to acquire shared lock on daemon addresses registry.
2026-04-29T00:24:58.153+0300 [DEBUG] [org.gradle.cache.internal.DefaultFileLockManager] Lock acquired on daemon addresses registry.
2026-04-29T00:24:58.154+0300 [DEBUG] [org.gradle.cache.internal.DefaultFileLockManager] Releasing lock on daemon addresses registry.
2026-04-29T00:24:58.159+0300 [DEBUG] [org.gradle.cache.internal.DefaultFileLockManager] Waiting to acquire shared lock on daemon addresses registry.
2026-04-29T00:24:58.159+0300 [DEBUG] [org.gradle.cache.internal.DefaultFileLockManager] Lock acquired on daemon addresses registry.
2026-04-29T00:24:58.160+0300 [DEBUG] [org.gradle.cache.internal.DefaultFileLockManager] Releasing lock on daemon addresses registry.
2026-04-29T00:24:58.164+0300 [DEBUG] [org.gradle.cache.internal.DefaultFileLockManager] Waiting to acquire shared lock on daemon addresses registry.
2026-04-29T00:24:58.165+0300 [DEBUG] [org.gradle.cache.internal.DefaultFileLockManager] Lock acquired on daemon addresses registry.
2026-04-29T00:24:58.166+0300 [DEBUG] [org.gradle.cache.internal.DefaultFileLockManager] Releasing lock on daemon addresses registry.
2026-04-29T00:24:59.216+0300 [DEBUG] [org.gradle.process.internal.health.memory.DefaultMemoryManager] 1855869747 virtual memory requested, 1431736320 free
2026-04-29T00:24:59.216+0300 [DEBUG] [org.gradle.workers.internal.WorkerDaemonExpiration] Will attempt to release 1769 of memory
2026-04-29T00:24:59.216+0300 [DEBUG] [org.gradle.process.internal.health.memory.DefaultMemoryManager] 1855869747 virtual memory requested, 0 released, 1431736320 free
2026-04-29T00:25:04.216+0300 [DEBUG] [org.gradle.process.internal.health.memory.DefaultMemoryManager] 1855869747 virtual memory requested, 1428787200 free
2026-04-29T00:25:04.217+0300 [DEBUG] [org.gradle.workers.internal.WorkerDaemonExpiration] Will attempt to release 1769 of memory
2026-04-29T00:25:04.217+0300 [DEBUG] [org.gradle.process.internal.health.memory.DefaultMemoryManager] 1855869747 virtual memory requested, 0 released, 1428787200 free
2026-04-29T00:25:08.153+0300 [DEBUG] [org.gradle.cache.internal.DefaultFileLockManager] Waiting to acquire shared lock on daemon addresses registry.
2026-04-29T00:25:08.153+0300 [DEBUG] [org.gradle.cache.internal.DefaultFileLockManager] Lock acquired on daemon addresses registry.
2026-04-29T00:25:08.154+0300 [DEBUG] [org.gradle.cache.internal.DefaultFileLockManager] Releasing lock on daemon addresses registry.
2026-04-29T00:25:08.157+0300 [DEBUG] [org.gradle.cache.internal.DefaultFileLockManager] Waiting to acquire shared lock on daemon addresses registry.
2026-04-29T00:25:08.157+0300 [DEBUG] [org.gradle.cache.internal.DefaultFileLockManager] Lock acquired on daemon addresses registry.
2026-04-29T00:25:08.158+0300 [DEBUG] [org.gradle.cache.internal.DefaultFileLockManager] Releasing lock on daemon addresses registry.
2026-04-29T00:25:08.161+0300 [DEBUG] [org.gradle.cache.internal.DefaultFileLockManager] Waiting to acquire shared lock on daemon addresses registry.
2026-04-29T00:25:08.161+0300 [DEBUG] [org.gradle.cache.internal.DefaultFileLockManager] Lock acquired on daemon addresses registry.
2026-04-29T00:25:08.162+0300 [DEBUG] [org.gradle.cache.internal.DefaultFileLockManager] Releasing lock on daemon addresses registry.
2026-04-29T00:25:09.215+0300 [DEBUG] [org.gradle.process.internal.health.memory.DefaultMemoryManager] 1855869747 virtual memory requested, 1431339008 free
2026-04-29T00:25:09.216+0300 [DEBUG] [org.gradle.workers.internal.WorkerDaemonExpiration] Will attempt to release 1769 of memory
2026-04-29T00:25:09.216+0300 [DEBUG] [org.gradle.process.internal.health.memory.DefaultMemoryManager] 1855869747 virtual memory requested, 0 released, 1431339008 free
2026-04-29T00:25:14.216+0300 [DEBUG] [org.gradle.process.internal.health.memory.DefaultMemoryManager] 1855869747 virtual memory requested, 1434431488 free
2026-04-29T00:25:14.216+0300 [DEBUG] [org.gradle.workers.internal.WorkerDaemonExpiration] Will attempt to release 1769 of memory
2026-04-29T00:25:14.216+0300 [DEBUG] [org.gradle.process.internal.health.memory.DefaultMemoryManager] 1855869747 virtual memory requested, 0 released, 1434431488 free
2026-04-29T00:25:18.152+0300 [DEBUG] [org.gradle.cache.internal.DefaultFileLockManager] Waiting to acquire shared lock on daemon addresses registry.
2026-04-29T00:25:18.152+0300 [DEBUG] [org.gradle.cache.internal.DefaultFileLockManager] Lock acquired on daemon addresses registry.
2026-04-29T00:25:18.152+0300 [DEBUG] [org.gradle.cache.internal.DefaultFileLockManager] Releasing lock on daemon addresses registry.
2026-04-29T00:25:18.154+0300 [DEBUG] [org.gradle.cache.internal.DefaultFileLockManager] Waiting to acquire shared lock on daemon addresses registry.
2026-04-29T00:25:18.154+0300 [DEBUG] [org.gradle.cache.internal.DefaultFileLockManager] Lock acquired on daemon addresses registry.
2026-04-29T00:25:18.154+0300 [DEBUG] [org.gradle.cache.internal.DefaultFileLockManager] Releasing lock on daemon addresses registry.
2026-04-29T00:25:18.155+0300 [DEBUG] [org.gradle.cache.internal.DefaultFileLockManager] Waiting to acquire shared lock on daemon addresses registry.
2026-04-29T00:25:18.156+0300 [DEBUG] [org.gradle.cache.internal.DefaultFileLockManager] Lock acquired on daemon addresses registry.
2026-04-29T00:25:18.156+0300 [DEBUG] [org.gradle.cache.internal.DefaultFileLockManager] Releasing lock on daemon addresses registry.
2026-04-29T00:25:19.217+0300 [DEBUG] [org.gradle.process.internal.health.memory.DefaultMemoryManager] 1855869747 virtual memory requested, 1439150080 free
2026-04-29T00:25:19.217+0300 [DEBUG] [org.gradle.workers.internal.WorkerDaemonExpiration] Will attempt to release 1769 of memory
2026-04-29T00:25:19.217+0300 [DEBUG] [org.gradle.process.internal.health.memory.DefaultMemoryManager] 1855869747 virtual memory requested, 0 released, 1439150080 free
2026-04-29T00:25:24.217+0300 [DEBUG] [org.gradle.process.internal.health.memory.DefaultMemoryManager] 1855869747 virtual memory requested, 1439944704 free
2026-04-29T00:25:24.217+0300 [DEBUG] [org.gradle.workers.internal.WorkerDaemonExpiration] Will attempt to release 1769 of memory
2026-04-29T00:25:24.218+0300 [DEBUG] [org.gradle.process.internal.health.memory.DefaultMemoryManager] 1855869747 virtual memory requested, 0 released, 1439944704 free
2026-04-29T00:25:28.154+0300 [DEBUG] [org.gradle.cache.internal.DefaultFileLockManager] Waiting to acquire shared lock on daemon addresses registry.
2026-04-29T00:25:28.154+0300 [DEBUG] [org.gradle.cache.internal.DefaultFileLockManager] Lock acquired on daemon addresses registry.
2026-04-29T00:25:28.155+0300 [DEBUG] [org.gradle.cache.internal.DefaultFileLockManager] Releasing lock on daemon addresses registry.
2026-04-29T00:25:28.160+0300 [DEBUG] [org.gradle.cache.internal.DefaultFileLockManager] Waiting to acquire shared lock on daemon addresses registry.
2026-04-29T00:25:28.161+0300 [DEBUG] [org.gradle.cache.internal.DefaultFileLockManager] Lock acquired on daemon addresses registry.
2026-04-29T00:25:28.162+0300 [DEBUG] [org.gradle.cache.internal.DefaultFileLockManager] Releasing lock on daemon addresses registry.
2026-04-29T00:25:28.166+0300 [DEBUG] [org.gradle.cache.internal.DefaultFileLockManager] Waiting to acquire shared lock on daemon addresses registry.
2026-04-29T00:25:28.166+0300 [DEBUG] [org.gradle.cache.internal.DefaultFileLockManager] Lock acquired on daemon addresses registry.
2026-04-29T00:25:28.167+0300 [DEBUG] [org.gradle.cache.internal.DefaultFileLockManager] Releasing lock on daemon addresses registry.
2026-04-29T00:25:29.216+0300 [DEBUG] [org.gradle.process.internal.health.memory.DefaultMemoryManager] 1855869747 virtual memory requested, 1439240192 free
2026-04-29T00:25:29.216+0300 [DEBUG] [org.gradle.workers.internal.WorkerDaemonExpiration] Will attempt to release 1769 of memory
2026-04-29T00:25:29.217+0300 [DEBUG] [org.gradle.process.internal.health.memory.DefaultMemoryManager] 1855869747 virtual memory requested, 0 released, 1439240192 free
2026-04-29T00:25:34.216+0300 [DEBUG] [org.gradle.process.internal.health.memory.DefaultMemoryManager] 1855869747 virtual memory requested, 1436127232 free
2026-04-29T00:25:34.217+0300 [DEBUG] [org.gradle.workers.internal.WorkerDaemonExpiration] Will attempt to release 1769 of memory
2026-04-29T00:25:34.217+0300 [DEBUG] [org.gradle.process.internal.health.memory.DefaultMemoryManager] 1855869747 virtual memory requested, 0 released, 1436127232 free
2026-04-29T00:25:38.155+0300 [DEBUG] [org.gradle.cache.internal.DefaultFileLockManager] Waiting to acquire shared lock on daemon addresses registry.
2026-04-29T00:25:38.155+0300 [DEBUG] [org.gradle.cache.internal.DefaultFileLockManager] Lock acquired on daemon addresses registry.
2026-04-29T00:25:38.156+0300 [DEBUG] [org.gradle.cache.internal.DefaultFileLockManager] Releasing lock on daemon addresses registry.
2026-04-29T00:25:38.160+0300 [DEBUG] [org.gradle.cache.internal.DefaultFileLockManager] Waiting to acquire shared lock on daemon addresses registry.
2026-04-29T00:25:38.161+0300 [DEBUG] [org.gradle.cache.internal.DefaultFileLockManager] Lock acquired on daemon addresses registry.
2026-04-29T00:25:38.162+0300 [DEBUG] [org.gradle.cache.internal.DefaultFileLockManager] Releasing lock on daemon addresses registry.
2026-04-29T00:25:38.165+0300 [DEBUG] [org.gradle.cache.internal.DefaultFileLockManager] Waiting to acquire shared lock on daemon addresses registry.
2026-04-29T00:25:38.166+0300 [DEBUG] [org.gradle.cache.internal.DefaultFileLockManager] Lock acquired on daemon addresses registry.
2026-04-29T00:25:38.166+0300 [DEBUG] [org.gradle.cache.internal.DefaultFileLockManager] Releasing lock on daemon addresses registry.
2026-04-29T00:25:39.217+0300 [DEBUG] [org.gradle.process.internal.health.memory.DefaultMemoryManager] 1855869747 virtual memory requested, 1435250688 free
2026-04-29T00:25:39.217+0300 [DEBUG] [org.gradle.workers.internal.WorkerDaemonExpiration] Will attempt to release 1769 of memory
2026-04-29T00:25:39.217+0300 [DEBUG] [org.gradle.process.internal.health.memory.DefaultMemoryManager] 1855869747 virtual memory requested, 0 released, 1435250688 free
2026-04-29T00:25:44.217+0300 [DEBUG] [org.gradle.process.internal.health.memory.DefaultMemoryManager] 1855869747 virtual memory requested, 1434767360 free
2026-04-29T00:25:44.217+0300 [DEBUG] [org.gradle.workers.internal.WorkerDaemonExpiration] Will attempt to release 1769 of memory
2026-04-29T00:25:44.217+0300 [DEBUG] [org.gradle.process.internal.health.memory.DefaultMemoryManager] 1855869747 virtual memory requested, 0 released, 1434767360 free
2026-04-29T00:25:48.153+0300 [DEBUG] [org.gradle.cache.internal.DefaultFileLockManager] Waiting to acquire shared lock on daemon addresses registry.
2026-04-29T00:25:48.153+0300 [DEBUG] [org.gradle.cache.internal.DefaultFileLockManager] Lock acquired on daemon addresses registry.
2026-04-29T00:25:48.154+0300 [DEBUG] [org.gradle.cache.internal.DefaultFileLockManager] Releasing lock on daemon addresses registry.
2026-04-29T00:25:48.158+0300 [DEBUG] [org.gradle.cache.internal.DefaultFileLockManager] Waiting to acquire shared lock on daemon addresses registry.
2026-04-29T00:25:48.158+0300 [DEBUG] [org.gradle.cache.internal.DefaultFileLockManager] Lock acquired on daemon addresses registry.
2026-04-29T00:25:48.159+0300 [DEBUG] [org.gradle.cache.internal.DefaultFileLockManager] Releasing lock on daemon addresses registry.
2026-04-29T00:25:48.163+0300 [DEBUG] [org.gradle.cache.internal.DefaultFileLockManager] Waiting to acquire shared lock on daemon addresses registry.
2026-04-29T00:25:48.164+0300 [DEBUG] [org.gradle.cache.internal.DefaultFileLockManager] Lock acquired on daemon addresses registry.
2026-04-29T00:25:48.165+0300 [DEBUG] [org.gradle.cache.internal.DefaultFileLockManager] Releasing lock on daemon addresses registry.
2026-04-29T00:25:49.217+0300 [DEBUG] [org.gradle.process.internal.health.memory.DefaultMemoryManager] 1855869747 virtual memory requested, 1434800128 free
2026-04-29T00:25:49.217+0300 [DEBUG] [org.gradle.workers.internal.WorkerDaemonExpiration] Will attempt to release 1769 of memory
2026-04-29T00:25:49.217+0300 [DEBUG] [org.gradle.process.internal.health.memory.DefaultMemoryManager] 1855869747 virtual memory requested, 0 released, 1434800128 free
2026-04-29T00:25:54.217+0300 [DEBUG] [org.gradle.process.internal.health.memory.DefaultMemoryManager] 1855869747 virtual memory requested, 1433899008 free
2026-04-29T00:25:54.217+0300 [DEBUG] [org.gradle.workers.internal.WorkerDaemonExpiration] Will attempt to release 1769 of memory
2026-04-29T00:25:54.217+0300 [DEBUG] [org.gradle.process.internal.health.memory.DefaultMemoryManager] 1855869747 virtual memory requested, 0 released, 1433899008 free
2026-04-29T00:25:58.153+0300 [DEBUG] [org.gradle.cache.internal.DefaultFileLockManager] Waiting to acquire shared lock on daemon addresses registry.
2026-04-29T00:25:58.153+0300 [DEBUG] [org.gradle.cache.internal.DefaultFileLockManager] Lock acquired on daemon addresses registry.
2026-04-29T00:25:58.154+0300 [DEBUG] [org.gradle.cache.internal.DefaultFileLockManager] Releasing lock on daemon addresses registry.
2026-04-29T00:25:58.158+0300 [DEBUG] [org.gradle.cache.internal.DefaultFileLockManager] Waiting to acquire shared lock on daemon addresses registry.
2026-04-29T00:25:58.159+0300 [DEBUG] [org.gradle.cache.internal.DefaultFileLockManager] Lock acquired on daemon addresses registry.
2026-04-29T00:25:58.159+0300 [DEBUG] [org.gradle.cache.internal.DefaultFileLockManager] Releasing lock on daemon addresses registry.
2026-04-29T00:25:58.163+0300 [DEBUG] [org.gradle.cache.internal.DefaultFileLockManager] Waiting to acquire shared lock on daemon addresses registry.
2026-04-29T00:25:58.163+0300 [DEBUG] [org.gradle.cache.internal.DefaultFileLockManager] Lock acquired on daemon addresses registry.
2026-04-29T00:25:58.164+0300 [DEBUG] [org.gradle.cache.internal.DefaultFileLockManager] Releasing lock on daemon addresses registry.
2026-04-29T00:25:59.216+0300 [DEBUG] [org.gradle.process.internal.health.memory.DefaultMemoryManager] 1855869747 virtual memory requested, 1434689536 free
2026-04-29T00:25:59.216+0300 [DEBUG] [org.gradle.workers.internal.WorkerDaemonExpiration] Will attempt to release 1769 of memory
2026-04-29T00:25:59.216+0300 [DEBUG] [org.gradle.process.internal.health.memory.DefaultMemoryManager] 1855869747 virtual memory requested, 0 released, 1434689536 free
2026-04-29T00:26:04.217+0300 [DEBUG] [org.gradle.process.internal.health.memory.DefaultMemoryManager] 1855869747 virtual memory requested, 1434374144 free
2026-04-29T00:26:04.217+0300 [DEBUG] [org.gradle.workers.internal.WorkerDaemonExpiration] Will attempt to release 1769 of memory
2026-04-29T00:26:04.217+0300 [DEBUG] [org.gradle.process.internal.health.memory.DefaultMemoryManager] 1855869747 virtual memory requested, 0 released, 1434374144 free
2026-04-29T00:26:08.154+0300 [DEBUG] [org.gradle.cache.internal.DefaultFileLockManager] Waiting to acquire shared lock on daemon addresses registry.
2026-04-29T00:26:08.154+0300 [DEBUG] [org.gradle.cache.internal.DefaultFileLockManager] Lock acquired on daemon addresses registry.
2026-04-29T00:26:08.155+0300 [DEBUG] [org.gradle.cache.internal.DefaultFileLockManager] Releasing lock on daemon addresses registry.
2026-04-29T00:26:08.157+0300 [DEBUG] [org.gradle.cache.internal.DefaultFileLockManager] Waiting to acquire shared lock on daemon addresses registry.
2026-04-29T00:26:08.157+0300 [DEBUG] [org.gradle.cache.internal.DefaultFileLockManager] Lock acquired on daemon addresses registry.
2026-04-29T00:26:08.158+0300 [DEBUG] [org.gradle.cache.internal.DefaultFileLockManager] Releasing lock on daemon addresses registry.
2026-04-29T00:26:08.160+0300 [DEBUG] [org.gradle.cache.internal.DefaultFileLockManager] Waiting to acquire shared lock on daemon addresses registry.
2026-04-29T00:26:08.160+0300 [DEBUG] [org.gradle.cache.internal.DefaultFileLockManager] Lock acquired on daemon addresses registry.
2026-04-29T00:26:08.161+0300 [DEBUG] [org.gradle.cache.internal.DefaultFileLockManager] Releasing lock on daemon addresses registry.
2026-04-29T00:26:09.217+0300 [DEBUG] [org.gradle.process.internal.health.memory.DefaultMemoryManager] 1855869747 virtual memory requested, 1436561408 free
2026-04-29T00:26:09.218+0300 [DEBUG] [org.gradle.workers.internal.WorkerDaemonExpiration] Will attempt to release 1769 of memory
2026-04-29T00:26:09.218+0300 [DEBUG] [org.gradle.process.internal.health.memory.DefaultMemoryManager] 1855869747 virtual memory requested, 0 released, 1436561408 free
2026-04-29T00:26:14.216+0300 [DEBUG] [org.gradle.process.internal.health.memory.DefaultMemoryManager] 1855869747 virtual memory requested, 1440079872 free
2026-04-29T00:26:14.216+0300 [DEBUG] [org.gradle.workers.internal.WorkerDaemonExpiration] Will attempt to release 1769 of memory
2026-04-29T00:26:14.216+0300 [DEBUG] [org.gradle.process.internal.health.memory.DefaultMemoryManager] 1855869747 virtual memory requested, 0 released, 1440079872 free
2026-04-29T00:26:18.152+0300 [DEBUG] [org.gradle.cache.internal.DefaultFileLockManager] Waiting to acquire shared lock on daemon addresses registry.
2026-04-29T00:26:18.152+0300 [DEBUG] [org.gradle.cache.internal.DefaultFileLockManager] Lock acquired on daemon addresses registry.
2026-04-29T00:26:18.152+0300 [DEBUG] [org.gradle.cache.internal.DefaultFileLockManager] Releasing lock on daemon addresses registry.
2026-04-29T00:26:18.154+0300 [DEBUG] [org.gradle.cache.internal.DefaultFileLockManager] Waiting to acquire shared lock on daemon addresses registry.
2026-04-29T00:26:18.155+0300 [DEBUG] [org.gradle.cache.internal.DefaultFileLockManager] Lock acquired on daemon addresses registry.
2026-04-29T00:26:18.155+0300 [DEBUG] [org.gradle.cache.internal.DefaultFileLockManager] Releasing lock on daemon addresses registry.
2026-04-29T00:26:18.157+0300 [DEBUG] [org.gradle.cache.internal.DefaultFileLockManager] Waiting to acquire shared lock on daemon addresses registry.
2026-04-29T00:26:18.157+0300 [DEBUG] [org.gradle.cache.internal.DefaultFileLockManager] Lock acquired on daemon addresses registry.
2026-04-29T00:26:18.158+0300 [DEBUG] [org.gradle.cache.internal.DefaultFileLockManager] Releasing lock on daemon addresses registry.
2026-04-29T00:26:19.216+0300 [DEBUG] [org.gradle.process.internal.health.memory.DefaultMemoryManager] 1855869747 virtual memory requested, 1440260096 free
2026-04-29T00:26:19.216+0300 [DEBUG] [org.gradle.workers.internal.WorkerDaemonExpiration] Will attempt to release 1769 of memory
2026-04-29T00:26:19.216+0300 [DEBUG] [org.gradle.process.internal.health.memory.DefaultMemoryManager] 1855869747 virtual memory requested, 0 released, 1440260096 free
2026-04-29T00:26:24.217+0300 [DEBUG] [org.gradle.process.internal.health.memory.DefaultMemoryManager] 1855869747 virtual memory requested, 1437958144 free
2026-04-29T00:26:24.217+0300 [DEBUG] [org.gradle.workers.internal.WorkerDaemonExpiration] Will attempt to release 1769 of memory
2026-04-29T00:26:24.217+0300 [DEBUG] [org.gradle.process.internal.health.memory.DefaultMemoryManager] 1855869747 virtual memory requested, 0 released, 1437958144 free
2026-04-29T00:26:28.155+0300 [DEBUG] [org.gradle.cache.internal.DefaultFileLockManager] Waiting to acquire shared lock on daemon addresses registry.
2026-04-29T00:26:28.155+0300 [DEBUG] [org.gradle.cache.internal.DefaultFileLockManager] Lock acquired on daemon addresses registry.
2026-04-29T00:26:28.156+0300 [DEBUG] [org.gradle.cache.internal.DefaultFileLockManager] Releasing lock on daemon addresses registry.
2026-04-29T00:26:28.160+0300 [DEBUG] [org.gradle.cache.internal.DefaultFileLockManager] Waiting to acquire shared lock on daemon addresses registry.
2026-04-29T00:26:28.161+0300 [DEBUG] [org.gradle.cache.internal.DefaultFileLockManager] Lock acquired on daemon addresses registry.
2026-04-29T00:26:28.162+0300 [DEBUG] [org.gradle.cache.internal.DefaultFileLockManager] Releasing lock on daemon addresses registry.
2026-04-29T00:26:28.165+0300 [DEBUG] [org.gradle.cache.internal.DefaultFileLockManager] Waiting to acquire shared lock on daemon addresses registry.
2026-04-29T00:26:28.165+0300 [DEBUG] [org.gradle.cache.internal.DefaultFileLockManager] Lock acquired on daemon addresses registry.
2026-04-29T00:26:28.166+0300 [DEBUG] [org.gradle.cache.internal.DefaultFileLockManager] Releasing lock on daemon addresses registry.
2026-04-29T00:26:29.218+0300 [DEBUG] [org.gradle.process.internal.health.memory.DefaultMemoryManager] 1855869747 virtual memory requested, 1436999680 free
2026-04-29T00:26:29.218+0300 [DEBUG] [org.gradle.workers.internal.WorkerDaemonExpiration] Will attempt to release 1769 of memory
2026-04-29T00:26:29.218+0300 [DEBUG] [org.gradle.process.internal.health.memory.DefaultMemoryManager] 1855869747 virtual memory requested, 0 released, 1436999680 free
2026-04-29T00:26:34.218+0300 [DEBUG] [org.gradle.process.internal.health.memory.DefaultMemoryManager] 1855869747 virtual memory requested, 1437712384 free
2026-04-29T00:26:34.218+0300 [DEBUG] [org.gradle.workers.internal.WorkerDaemonExpiration] Will attempt to release 1769 of memory
2026-04-29T00:26:34.218+0300 [DEBUG] [org.gradle.process.internal.health.memory.DefaultMemoryManager] 1855869747 virtual memory requested, 0 released, 1437712384 free
2026-04-29T00:26:38.154+0300 [DEBUG] [org.gradle.cache.internal.DefaultFileLockManager] Waiting to acquire shared lock on daemon addresses registry.
2026-04-29T00:26:38.154+0300 [DEBUG] [org.gradle.cache.internal.DefaultFileLockManager] Lock acquired on daemon addresses registry.
2026-04-29T00:26:38.155+0300 [DEBUG] [org.gradle.cache.internal.DefaultFileLockManager] Releasing lock on daemon addresses registry.
2026-04-29T00:26:38.159+0300 [DEBUG] [org.gradle.cache.internal.DefaultFileLockManager] Waiting to acquire shared lock on daemon addresses registry.
2026-04-29T00:26:38.159+0300 [DEBUG] [org.gradle.cache.internal.DefaultFileLockManager] Lock acquired on daemon addresses registry.
2026-04-29T00:26:38.160+0300 [DEBUG] [org.gradle.cache.internal.DefaultFileLockManager] Releasing lock on daemon addresses registry.
2026-04-29T00:26:38.163+0300 [DEBUG] [org.gradle.cache.internal.DefaultFileLockManager] Waiting to acquire shared lock on daemon addresses registry.
2026-04-29T00:26:38.163+0300 [DEBUG] [org.gradle.cache.internal.DefaultFileLockManager] Lock acquired on daemon addresses registry.
2026-04-29T00:26:38.164+0300 [DEBUG] [org.gradle.cache.internal.DefaultFileLockManager] Releasing lock on daemon addresses registry.
2026-04-29T00:26:39.216+0300 [DEBUG] [org.gradle.process.internal.health.memory.DefaultMemoryManager] 1855869747 virtual memory requested, 1358983168 free
2026-04-29T00:26:39.216+0300 [DEBUG] [org.gradle.workers.internal.WorkerDaemonExpiration] Will attempt to release 1769 of memory
2026-04-29T00:26:39.217+0300 [DEBUG] [org.gradle.process.internal.health.memory.DefaultMemoryManager] 1855869747 virtual memory requested, 0 released, 1358983168 free
2026-04-29T00:26:44.218+0300 [DEBUG] [org.gradle.process.internal.health.memory.DefaultMemoryManager] 1855869747 virtual memory requested, 1361383424 free
2026-04-29T00:26:44.218+0300 [DEBUG] [org.gradle.workers.internal.WorkerDaemonExpiration] Will attempt to release 1769 of memory
2026-04-29T00:26:44.218+0300 [DEBUG] [org.gradle.process.internal.health.memory.DefaultMemoryManager] 1855869747 virtual memory requested, 0 released, 1361383424 free
2026-04-29T00:26:48.153+0300 [DEBUG] [org.gradle.cache.internal.DefaultFileLockManager] Waiting to acquire shared lock on daemon addresses registry.
2026-04-29T00:26:48.153+0300 [DEBUG] [org.gradle.cache.internal.DefaultFileLockManager] Lock acquired on daemon addresses registry.
2026-04-29T00:26:48.154+0300 [DEBUG] [org.gradle.cache.internal.DefaultFileLockManager] Releasing lock on daemon addresses registry.
2026-04-29T00:26:48.158+0300 [DEBUG] [org.gradle.cache.internal.DefaultFileLockManager] Waiting to acquire shared lock on daemon addresses registry.
2026-04-29T00:26:48.159+0300 [DEBUG] [org.gradle.cache.internal.DefaultFileLockManager] Lock acquired on daemon addresses registry.
2026-04-29T00:26:48.160+0300 [DEBUG] [org.gradle.cache.internal.DefaultFileLockManager] Releasing lock on daemon addresses registry.
2026-04-29T00:26:48.164+0300 [DEBUG] [org.gradle.cache.internal.DefaultFileLockManager] Waiting to acquire shared lock on daemon addresses registry.
2026-04-29T00:26:48.164+0300 [DEBUG] [org.gradle.cache.internal.DefaultFileLockManager] Lock acquired on daemon addresses registry.
2026-04-29T00:26:48.165+0300 [DEBUG] [org.gradle.cache.internal.DefaultFileLockManager] Releasing lock on daemon addresses registry.
2026-04-29T00:26:49.217+0300 [DEBUG] [org.gradle.process.internal.health.memory.DefaultMemoryManager] 1855869747 virtual memory requested, 1374732288 free
2026-04-29T00:26:49.217+0300 [DEBUG] [org.gradle.workers.internal.WorkerDaemonExpiration] Will attempt to release 1769 of memory
2026-04-29T00:26:49.217+0300 [DEBUG] [org.gradle.process.internal.health.memory.DefaultMemoryManager] 1855869747 virtual memory requested, 0 released, 1374732288 free
2026-04-29T00:26:54.219+0300 [DEBUG] [org.gradle.process.internal.health.memory.DefaultMemoryManager] 1855869747 virtual memory requested, 1363116032 free
2026-04-29T00:26:54.219+0300 [DEBUG] [org.gradle.workers.internal.WorkerDaemonExpiration] Will attempt to release 1769 of memory
2026-04-29T00:26:54.219+0300 [DEBUG] [org.gradle.process.internal.health.memory.DefaultMemoryManager] 1855869747 virtual memory requested, 0 released, 1363116032 free
2026-04-29T00:26:58.152+0300 [DEBUG] [org.gradle.cache.internal.DefaultFileLockManager] Waiting to acquire shared lock on daemon addresses registry.
2026-04-29T00:26:58.152+0300 [DEBUG] [org.gradle.cache.internal.DefaultFileLockManager] Lock acquired on daemon addresses registry.
2026-04-29T00:26:58.152+0300 [DEBUG] [org.gradle.cache.internal.DefaultFileLockManager] Releasing lock on daemon addresses registry.
2026-04-29T00:26:58.155+0300 [DEBUG] [org.gradle.cache.internal.DefaultFileLockManager] Waiting to acquire shared lock on daemon addresses registry.
2026-04-29T00:26:58.155+0300 [DEBUG] [org.gradle.cache.internal.DefaultFileLockManager] Lock acquired on daemon addresses registry.
2026-04-29T00:26:58.155+0300 [DEBUG] [org.gradle.cache.internal.DefaultFileLockManager] Releasing lock on daemon addresses registry.
2026-04-29T00:26:58.158+0300 [DEBUG] [org.gradle.cache.internal.DefaultFileLockManager] Waiting to acquire shared lock on daemon addresses registry.
2026-04-29T00:26:58.158+0300 [DEBUG] [org.gradle.cache.internal.DefaultFileLockManager] Lock acquired on daemon addresses registry.
2026-04-29T00:26:58.159+0300 [DEBUG] [org.gradle.cache.internal.DefaultFileLockManager] Releasing lock on daemon addresses registry.
2026-04-29T00:26:59.218+0300 [DEBUG] [org.gradle.process.internal.health.memory.DefaultMemoryManager] 1855869747 virtual memory requested, 1342861312 free
2026-04-29T00:26:59.218+0300 [DEBUG] [org.gradle.workers.internal.WorkerDaemonExpiration] Will attempt to release 1769 of memory
2026-04-29T00:26:59.218+0300 [DEBUG] [org.gradle.process.internal.health.memory.DefaultMemoryManager] 1855869747 virtual memory requested, 0 released, 1342861312 free
2026-04-29T00:27:04.218+0300 [DEBUG] [org.gradle.process.internal.health.memory.DefaultMemoryManager] 1855869747 virtual memory requested, 1338421248 free
2026-04-29T00:27:04.218+0300 [DEBUG] [org.gradle.workers.internal.WorkerDaemonExpiration] Will attempt to release 1769 of memory
2026-04-29T00:27:04.218+0300 [DEBUG] [org.gradle.process.internal.health.memory.DefaultMemoryManager] 1855869747 virtual memory requested, 0 released, 1338421248 free
2026-04-29T00:27:08.152+0300 [DEBUG] [org.gradle.cache.internal.DefaultFileLockManager] Waiting to acquire shared lock on daemon addresses registry.
2026-04-29T00:27:08.152+0300 [DEBUG] [org.gradle.cache.internal.DefaultFileLockManager] Lock acquired on daemon addresses registry.
2026-04-29T00:27:08.152+0300 [DEBUG] [org.gradle.cache.internal.DefaultFileLockManager] Releasing lock on daemon addresses registry.
2026-04-29T00:27:08.154+0300 [DEBUG] [org.gradle.cache.internal.DefaultFileLockManager] Waiting to acquire shared lock on daemon addresses registry.
2026-04-29T00:27:08.155+0300 [DEBUG] [org.gradle.cache.internal.DefaultFileLockManager] Lock acquired on daemon addresses registry.
2026-04-29T00:27:08.155+0300 [DEBUG] [org.gradle.cache.internal.DefaultFileLockManager] Releasing lock on daemon addresses registry.
2026-04-29T00:27:08.158+0300 [DEBUG] [org.gradle.cache.internal.DefaultFileLockManager] Waiting to acquire shared lock on daemon addresses registry.
2026-04-29T00:27:08.158+0300 [DEBUG] [org.gradle.cache.internal.DefaultFileLockManager] Lock acquired on daemon addresses registry.
2026-04-29T00:27:08.159+0300 [DEBUG] [org.gradle.cache.internal.DefaultFileLockManager] Releasing lock on daemon addresses registry.
2026-04-29T00:27:09.217+0300 [DEBUG] [org.gradle.process.internal.health.memory.DefaultMemoryManager] 1855869747 virtual memory requested, 1347149824 free
2026-04-29T00:27:09.218+0300 [DEBUG] [org.gradle.workers.internal.WorkerDaemonExpiration] Will attempt to release 1769 of memory
2026-04-29T00:27:09.218+0300 [DEBUG] [org.gradle.process.internal.health.memory.DefaultMemoryManager] 1855869747 virtual memory requested, 0 released, 1347149824 free
2026-04-29T00:27:14.218+0300 [DEBUG] [org.gradle.process.internal.health.memory.DefaultMemoryManager] 1855869747 virtual memory requested, 1360842752 free
2026-04-29T00:27:14.218+0300 [DEBUG] [org.gradle.workers.internal.WorkerDaemonExpiration] Will attempt to release 1769 of memory
2026-04-29T00:27:14.218+0300 [DEBUG] [org.gradle.process.internal.health.memory.DefaultMemoryManager] 1855869747 virtual memory requested, 0 released, 1360842752 free
2026-04-29T00:27:18.155+0300 [DEBUG] [org.gradle.cache.internal.DefaultFileLockManager] Waiting to acquire shared lock on daemon addresses registry.
2026-04-29T00:27:18.155+0300 [DEBUG] [org.gradle.cache.internal.DefaultFileLockManager] Lock acquired on daemon addresses registry.
2026-04-29T00:27:18.156+0300 [DEBUG] [org.gradle.cache.internal.DefaultFileLockManager] Releasing lock on daemon addresses registry.
2026-04-29T00:27:18.160+0300 [DEBUG] [org.gradle.cache.internal.DefaultFileLockManager] Waiting to acquire shared lock on daemon addresses registry.
2026-04-29T00:27:18.160+0300 [DEBUG] [org.gradle.cache.internal.DefaultFileLockManager] Lock acquired on daemon addresses registry.
2026-04-29T00:27:18.161+0300 [DEBUG] [org.gradle.cache.internal.DefaultFileLockManager] Releasing lock on daemon addresses registry.
2026-04-29T00:27:18.164+0300 [DEBUG] [org.gradle.cache.internal.DefaultFileLockManager] Waiting to acquire shared lock on daemon addresses registry.
2026-04-29T00:27:18.165+0300 [DEBUG] [org.gradle.cache.internal.DefaultFileLockManager] Lock acquired on daemon addresses registry.
2026-04-29T00:27:18.165+0300 [DEBUG] [org.gradle.cache.internal.DefaultFileLockManager] Releasing lock on daemon addresses registry.
2026-04-29T00:27:19.219+0300 [DEBUG] [org.gradle.process.internal.health.memory.DefaultMemoryManager] 1855869747 virtual memory requested, 1394544640 free
2026-04-29T00:27:19.219+0300 [DEBUG] [org.gradle.workers.internal.WorkerDaemonExpiration] Will attempt to release 1769 of memory
2026-04-29T00:27:19.219+0300 [DEBUG] [org.gradle.process.internal.health.memory.DefaultMemoryManager] 1855869747 virtual memory requested, 0 released, 1394544640 free
2026-04-29T00:27:24.218+0300 [DEBUG] [org.gradle.process.internal.health.memory.DefaultMemoryManager] 1855869747 virtual memory requested, 1394843648 free
2026-04-29T00:27:24.218+0300 [DEBUG] [org.gradle.workers.internal.WorkerDaemonExpiration] Will attempt to release 1769 of memory
2026-04-29T00:27:24.219+0300 [DEBUG] [org.gradle.process.internal.health.memory.DefaultMemoryManager] 1855869747 virtual memory requested, 0 released, 1394843648 free
2026-04-29T00:27:28.156+0300 [DEBUG] [org.gradle.cache.internal.DefaultFileLockManager] Waiting to acquire shared lock on daemon addresses registry.
2026-04-29T00:27:28.156+0300 [DEBUG] [org.gradle.cache.internal.DefaultFileLockManager] Lock acquired on daemon addresses registry.
2026-04-29T00:27:28.157+0300 [DEBUG] [org.gradle.cache.internal.DefaultFileLockManager] Releasing lock on daemon addresses registry.
2026-04-29T00:27:28.162+0300 [DEBUG] [org.gradle.cache.internal.DefaultFileLockManager] Waiting to acquire shared lock on daemon addresses registry.
2026-04-29T00:27:28.162+0300 [DEBUG] [org.gradle.cache.internal.DefaultFileLockManager] Lock acquired on daemon addresses registry.
2026-04-29T00:27:28.163+0300 [DEBUG] [org.gradle.cache.internal.DefaultFileLockManager] Releasing lock on daemon addresses registry.
2026-04-29T00:27:28.166+0300 [DEBUG] [org.gradle.cache.internal.DefaultFileLockManager] Waiting to acquire shared lock on daemon addresses registry.
2026-04-29T00:27:28.166+0300 [DEBUG] [org.gradle.cache.internal.DefaultFileLockManager] Lock acquired on daemon addresses registry.
2026-04-29T00:27:28.167+0300 [DEBUG] [org.gradle.cache.internal.DefaultFileLockManager] Releasing lock on daemon addresses registry.
2026-04-29T00:27:29.219+0300 [DEBUG] [org.gradle.process.internal.health.memory.DefaultMemoryManager] 1855869747 virtual memory requested, 1394728960 free
2026-04-29T00:27:29.219+0300 [DEBUG] [org.gradle.workers.internal.WorkerDaemonExpiration] Will attempt to release 1769 of memory
2026-04-29T00:27:29.219+0300 [DEBUG] [org.gradle.process.internal.health.memory.DefaultMemoryManager] 1855869747 virtual memory requested, 0 released, 1394728960 free
2026-04-29T00:27:32.155+0300 [DEBUG] [sun.rmi.client.ref] RMI RenewClean-[127.0.0.1:17764,org.jetbrains.kotlin.daemon.common.LoopbackNetworkInterface$ClientLoopbackSocketFactory@6ad31d9c]: get connection
2026-04-29T00:27:32.156+0300 [DEBUG] [sun.rmi.transport.tcp] RMI RenewClean-[127.0.0.1:17764,org.jetbrains.kotlin.daemon.common.LoopbackNetworkInterface$ClientLoopbackSocketFactory@6ad31d9c]: create connection
2026-04-29T00:27:32.163+0300 [DEBUG] [sun.rmi.loader] RMI RenewClean-[127.0.0.1:17764,org.jetbrains.kotlin.daemon.common.LoopbackNetworkInterface$ClientLoopbackSocketFactory@6ad31d9c]: name = "java.rmi.dgc.Lease", codebase = "", defaultLoader = jdk.internal.loader.ClassLoaders$PlatformClassLoader@2b21322
2026-04-29T00:27:32.164+0300 [DEBUG] [sun.rmi.loader] RMI RenewClean-[127.0.0.1:17764,org.jetbrains.kotlin.daemon.common.LoopbackNetworkInterface$ClientLoopbackSocketFactory@6ad31d9c]: name = "java.rmi.dgc.VMID", codebase = "", defaultLoader = jdk.internal.loader.ClassLoaders$PlatformClassLoader@2b21322
2026-04-29T00:27:32.165+0300 [DEBUG] [sun.rmi.loader] RMI RenewClean-[127.0.0.1:17764,org.jetbrains.kotlin.daemon.common.LoopbackNetworkInterface$ClientLoopbackSocketFactory@6ad31d9c]: name = "[B", codebase = "", defaultLoader = jdk.internal.loader.ClassLoaders$PlatformClassLoader@2b21322
2026-04-29T00:27:32.165+0300 [DEBUG] [sun.rmi.loader] RMI RenewClean-[127.0.0.1:17764,org.jetbrains.kotlin.daemon.common.LoopbackNetworkInterface$ClientLoopbackSocketFactory@6ad31d9c]: name = "java.rmi.server.UID", codebase = "", defaultLoader = jdk.internal.loader.ClassLoaders$PlatformClassLoader@2b21322
2026-04-29T00:27:32.166+0300 [DEBUG] [sun.rmi.client.ref] RMI RenewClean-[127.0.0.1:17764,org.jetbrains.kotlin.daemon.common.LoopbackNetworkInterface$ClientLoopbackSocketFactory@6ad31d9c]: free connection (reuse = true)
2026-04-29T00:27:32.166+0300 [DEBUG] [sun.rmi.transport.tcp] RMI RenewClean-[127.0.0.1:17764,org.jetbrains.kotlin.daemon.common.LoopbackNetworkInterface$ClientLoopbackSocketFactory@6ad31d9c]: reuse connection
2026-04-29T00:27:32.167+0300 [DEBUG] [sun.rmi.transport.tcp] RMI RenewClean-[127.0.0.1:17764,org.jetbrains.kotlin.daemon.common.LoopbackNetworkInterface$ClientLoopbackSocketFactory@6ad31d9c]: create reaper
2026-04-29T00:27:32.187+0300 [DEBUG] [sun.rmi.transport.tcp] RMI TCP Connection(15)-127.0.0.1: accepted socket from [127.0.0.1:63996]
2026-04-29T00:27:32.189+0300 [DEBUG] [sun.rmi.transport.tcp] RMI TCP Connection(15)-127.0.0.1: (port 56662) op = 80
2026-04-29T00:27:32.190+0300 [DEBUG] [sun.rmi.loader] RMI TCP Connection(15)-127.0.0.1: name = "[Ljava.rmi.server.ObjID;", codebase = "", defaultLoader = jdk.internal.loader.ClassLoaders$PlatformClassLoader@2b21322
2026-04-29T00:27:32.190+0300 [DEBUG] [sun.rmi.loader] RMI TCP Connection(15)-127.0.0.1: name = "java.rmi.dgc.Lease", codebase = "", defaultLoader = jdk.internal.loader.ClassLoaders$PlatformClassLoader@2b21322
2026-04-29T00:27:32.191+0300 [DEBUG] [sun.rmi.loader] RMI TCP Connection(15)-127.0.0.1: name = "java.rmi.dgc.VMID", codebase = "", defaultLoader = jdk.internal.loader.ClassLoaders$PlatformClassLoader@2b21322
2026-04-29T00:27:32.191+0300 [DEBUG] [sun.rmi.loader] RMI TCP Connection(15)-127.0.0.1: name = "[B", codebase = "", defaultLoader = jdk.internal.loader.ClassLoaders$PlatformClassLoader@2b21322
2026-04-29T00:27:32.192+0300 [DEBUG] [sun.rmi.loader] RMI TCP Connection(15)-127.0.0.1: name = "java.rmi.server.UID", codebase = "", defaultLoader = jdk.internal.loader.ClassLoaders$PlatformClassLoader@2b21322
2026-04-29T00:27:34.219+0300 [DEBUG] [org.gradle.process.internal.health.memory.DefaultMemoryManager] 1855869747 virtual memory requested, 1466630144 free
2026-04-29T00:27:34.219+0300 [DEBUG] [org.gradle.workers.internal.WorkerDaemonExpiration] Will attempt to release 1769 of memory
2026-04-29T00:27:34.219+0300 [DEBUG] [org.gradle.process.internal.health.memory.DefaultMemoryManager] 1855869747 virtual memory requested, 0 released, 1466630144 free
2026-04-29T00:27:38.155+0300 [DEBUG] [org.gradle.cache.internal.DefaultFileLockManager] Waiting to acquire shared lock on daemon addresses registry.
2026-04-29T00:27:38.155+0300 [DEBUG] [org.gradle.cache.internal.DefaultFileLockManager] Lock acquired on daemon addresses registry.
2026-04-29T00:27:38.156+0300 [DEBUG] [org.gradle.cache.internal.DefaultFileLockManager] Releasing lock on daemon addresses registry.
2026-04-29T00:27:38.160+0300 [DEBUG] [org.gradle.cache.internal.DefaultFileLockManager] Waiting to acquire shared lock on daemon addresses registry.
2026-04-29T00:27:38.161+0300 [DEBUG] [org.gradle.cache.internal.DefaultFileLockManager] Lock acquired on daemon addresses registry.
2026-04-29T00:27:38.162+0300 [DEBUG] [org.gradle.cache.internal.DefaultFileLockManager] Releasing lock on daemon addresses registry.
2026-04-29T00:27:38.166+0300 [DEBUG] [org.gradle.cache.internal.DefaultFileLockManager] Waiting to acquire shared lock on daemon addresses registry.
2026-04-29T00:27:38.166+0300 [DEBUG] [org.gradle.cache.internal.DefaultFileLockManager] Lock acquired on daemon addresses registry.
2026-04-29T00:27:38.167+0300 [DEBUG] [org.gradle.cache.internal.DefaultFileLockManager] Releasing lock on daemon addresses registry.
2026-04-29T00:27:39.217+0300 [DEBUG] [org.gradle.process.internal.health.memory.DefaultMemoryManager] 1855869747 virtual memory requested, 1467269120 free
2026-04-29T00:27:39.218+0300 [DEBUG] [org.gradle.workers.internal.WorkerDaemonExpiration] Will attempt to release 1769 of memory
2026-04-29T00:27:39.218+0300 [DEBUG] [org.gradle.process.internal.health.memory.DefaultMemoryManager] 1855869747 virtual memory requested, 0 released, 1467269120 free
2026-04-29T00:27:44.218+0300 [DEBUG] [org.gradle.process.internal.health.memory.DefaultMemoryManager] 1855869747 virtual memory requested, 1402486784 free
2026-04-29T00:27:44.218+0300 [DEBUG] [org.gradle.workers.internal.WorkerDaemonExpiration] Will attempt to release 1769 of memory
2026-04-29T00:27:44.218+0300 [DEBUG] [org.gradle.process.internal.health.memory.DefaultMemoryManager] 1855869747 virtual memory requested, 0 released, 1402486784 free
2026-04-29T00:27:47.169+0300 [DEBUG] [sun.rmi.transport.tcp] RMI Scheduler(0): close connection, socket: Socket[addr=localhost/127.0.0.1,port=17764,localport=63995]
2026-04-29T00:27:47.195+0300 [DEBUG] [sun.rmi.transport.tcp] RMI TCP Connection(15)-127.0.0.1: (port 56662) connection closed
2026-04-29T00:27:47.195+0300 [DEBUG] [sun.rmi.transport.tcp] RMI TCP Connection(15)-127.0.0.1: close connection, socket: Socket[addr=/127.0.0.1,port=63996,localport=56662]
2026-04-29T00:27:47.195+0300 [DEBUG] [sun.rmi.transport.tcp] RMI TCP Connection(15)-127.0.0.1: socket close: Socket[addr=/127.0.0.1,port=63996,localport=56662]
2026-04-29T00:27:48.154+0300 [DEBUG] [org.gradle.cache.internal.DefaultFileLockManager] Waiting to acquire shared lock on daemon addresses registry.
2026-04-29T00:27:48.154+0300 [DEBUG] [org.gradle.cache.internal.DefaultFileLockManager] Lock acquired on daemon addresses registry.
2026-04-29T00:27:48.155+0300 [DEBUG] [org.gradle.cache.internal.DefaultFileLockManager] Releasing lock on daemon addresses registry.
2026-04-29T00:27:48.157+0300 [DEBUG] [org.gradle.cache.internal.DefaultFileLockManager] Waiting to acquire shared lock on daemon addresses registry.
2026-04-29T00:27:48.202+0300 [DEBUG] [org.gradle.cache.internal.DefaultFileLockManager] Lock acquired on daemon addresses registry.
2026-04-29T00:27:48.203+0300 [DEBUG] [org.gradle.cache.internal.DefaultFileLockManager] Releasing lock on daemon addresses registry.
2026-04-29T00:27:48.205+0300 [DEBUG] [org.gradle.cache.internal.DefaultFileLockManager] Waiting to acquire shared lock on daemon addresses registry.
2026-04-29T00:27:48.206+0300 [DEBUG] [org.gradle.cache.internal.DefaultFileLockManager] Lock acquired on daemon addresses registry.
2026-04-29T00:27:48.206+0300 [DEBUG] [org.gradle.cache.internal.DefaultFileLockManager] Releasing lock on daemon addresses registry.
2026-04-29T00:27:49.217+0300 [DEBUG] [org.gradle.process.internal.health.memory.DefaultMemoryManager] 1855869747 virtual memory requested, 1403547648 free
2026-04-29T00:27:49.217+0300 [DEBUG] [org.gradle.workers.internal.WorkerDaemonExpiration] Will attempt to release 1769 of memory
2026-04-29T00:27:49.218+0300 [DEBUG] [org.gradle.process.internal.health.memory.DefaultMemoryManager] 1855869747 virtual memory requested, 0 released, 1403547648 free
2026-04-29T00:27:54.218+0300 [DEBUG] [org.gradle.process.internal.health.memory.DefaultMemoryManager] 1855869747 virtual memory requested, 1404624896 free
2026-04-29T00:27:54.218+0300 [DEBUG] [org.gradle.workers.internal.WorkerDaemonExpiration] Will attempt to release 1769 of memory
2026-04-29T00:27:54.218+0300 [DEBUG] [org.gradle.process.internal.health.memory.DefaultMemoryManager] 1855869747 virtual memory requested, 0 released, 1404624896 free
2026-04-29T00:27:58.154+0300 [DEBUG] [org.gradle.cache.internal.DefaultFileLockManager] Waiting to acquire shared lock on daemon addresses registry.
2026-04-29T00:27:58.154+0300 [DEBUG] [org.gradle.cache.internal.DefaultFileLockManager] Lock acquired on daemon addresses registry.
2026-04-29T00:27:58.155+0300 [DEBUG] [org.gradle.cache.internal.DefaultFileLockManager] Releasing lock on daemon addresses registry.
2026-04-29T00:27:58.160+0300 [DEBUG] [org.gradle.cache.internal.DefaultFileLockManager] Waiting to acquire shared lock on daemon addresses registry.
2026-04-29T00:27:58.160+0300 [DEBUG] [org.gradle.cache.internal.DefaultFileLockManager] Lock acquired on daemon addresses registry.
2026-04-29T00:27:58.161+0300 [DEBUG] [org.gradle.cache.internal.DefaultFileLockManager] Releasing lock on daemon addresses registry.
2026-04-29T00:27:58.163+0300 [DEBUG] [org.gradle.cache.internal.DefaultFileLockManager] Waiting to acquire shared lock on daemon addresses registry.
2026-04-29T00:27:58.164+0300 [DEBUG] [org.gradle.cache.internal.DefaultFileLockManager] Lock acquired on daemon addresses registry.
2026-04-29T00:27:58.165+0300 [DEBUG] [org.gradle.cache.internal.DefaultFileLockManager] Releasing lock on daemon addresses registry.
2026-04-29T00:27:59.219+0300 [DEBUG] [org.gradle.process.internal.health.memory.DefaultMemoryManager] 1855869747 virtual memory requested, 1387950080 free
2026-04-29T00:27:59.219+0300 [DEBUG] [org.gradle.workers.internal.WorkerDaemonExpiration] Will attempt to release 1769 of memory
2026-04-29T00:27:59.219+0300 [DEBUG] [org.gradle.process.internal.health.memory.DefaultMemoryManager] 1855869747 virtual memory requested, 0 released, 1387950080 free
2026-04-29T00:28:04.218+0300 [DEBUG] [org.gradle.process.internal.health.memory.DefaultMemoryManager] 1855869747 virtual memory requested, 1387798528 free
2026-04-29T00:28:04.219+0300 [DEBUG] [org.gradle.workers.internal.WorkerDaemonExpiration] Will attempt to release 1769 of memory
2026-04-29T00:28:04.219+0300 [DEBUG] [org.gradle.process.internal.health.memory.DefaultMemoryManager] 1855869747 virtual memory requested, 0 released, 1387798528 free
2026-04-29T00:28:08.156+0300 [DEBUG] [org.gradle.cache.internal.DefaultFileLockManager] Waiting to acquire shared lock on daemon addresses registry.
2026-04-29T00:28:08.157+0300 [DEBUG] [org.gradle.cache.internal.DefaultFileLockManager] Lock acquired on daemon addresses registry.
2026-04-29T00:28:08.157+0300 [DEBUG] [org.gradle.cache.internal.DefaultFileLockManager] Releasing lock on daemon addresses registry.
2026-04-29T00:28:08.161+0300 [DEBUG] [org.gradle.cache.internal.DefaultFileLockManager] Waiting to acquire shared lock on daemon addresses registry.
2026-04-29T00:28:08.161+0300 [DEBUG] [org.gradle.cache.internal.DefaultFileLockManager] Lock acquired on daemon addresses registry.
2026-04-29T00:28:08.162+0300 [DEBUG] [org.gradle.cache.internal.DefaultFileLockManager] Releasing lock on daemon addresses registry.
2026-04-29T00:28:08.166+0300 [DEBUG] [org.gradle.cache.internal.DefaultFileLockManager] Waiting to acquire shared lock on daemon addresses registry.
2026-04-29T00:28:08.166+0300 [DEBUG] [org.gradle.cache.internal.DefaultFileLockManager] Lock acquired on daemon addresses registry.
2026-04-29T00:28:08.167+0300 [DEBUG] [org.gradle.cache.internal.DefaultFileLockManager] Releasing lock on daemon addresses registry.
2026-04-29T00:28:09.219+0300 [DEBUG] [org.gradle.process.internal.health.memory.DefaultMemoryManager] 1855869747 virtual memory requested, 1401618432 free
2026-04-29T00:28:09.219+0300 [DEBUG] [org.gradle.workers.internal.WorkerDaemonExpiration] Will attempt to release 1769 of memory
2026-04-29T00:28:09.219+0300 [DEBUG] [org.gradle.process.internal.health.memory.DefaultMemoryManager] 1855869747 virtual memory requested, 0 released, 1401618432 free
2026-04-29T00:28:14.218+0300 [DEBUG] [org.gradle.process.internal.health.memory.DefaultMemoryManager] 1855869747 virtual memory requested, 1419345920 free
2026-04-29T00:28:14.218+0300 [DEBUG] [org.gradle.workers.internal.WorkerDaemonExpiration] Will attempt to release 1769 of memory
2026-04-29T00:28:14.218+0300 [DEBUG] [org.gradle.process.internal.health.memory.DefaultMemoryManager] 1855869747 virtual memory requested, 0 released, 1419345920 free
2026-04-29T00:28:18.153+0300 [DEBUG] [org.gradle.cache.internal.DefaultFileLockManager] Waiting to acquire shared lock on daemon addresses registry.
2026-04-29T00:28:18.153+0300 [DEBUG] [org.gradle.cache.internal.DefaultFileLockManager] Lock acquired on daemon addresses registry.
2026-04-29T00:28:18.153+0300 [DEBUG] [org.gradle.cache.internal.DefaultFileLockManager] Releasing lock on daemon addresses registry.
2026-04-29T00:28:18.155+0300 [DEBUG] [org.gradle.cache.internal.DefaultFileLockManager] Waiting to acquire shared lock on daemon addresses registry.
2026-04-29T00:28:18.156+0300 [DEBUG] [org.gradle.cache.internal.DefaultFileLockManager] Lock acquired on daemon addresses registry.
2026-04-29T00:28:18.156+0300 [DEBUG] [org.gradle.cache.internal.DefaultFileLockManager] Releasing lock on daemon addresses registry.
2026-04-29T00:28:18.158+0300 [DEBUG] [org.gradle.cache.internal.DefaultFileLockManager] Waiting to acquire shared lock on daemon addresses registry.
2026-04-29T00:28:18.158+0300 [DEBUG] [org.gradle.cache.internal.DefaultFileLockManager] Lock acquired on daemon addresses registry.
2026-04-29T00:28:18.158+0300 [DEBUG] [org.gradle.cache.internal.DefaultFileLockManager] Releasing lock on daemon addresses registry.
2026-04-29T00:28:19.217+0300 [DEBUG] [org.gradle.process.internal.health.memory.DefaultMemoryManager] 1855869747 virtual memory requested, 1407533056 free
2026-04-29T00:28:19.218+0300 [DEBUG] [org.gradle.workers.internal.WorkerDaemonExpiration] Will attempt to release 1769 of memory
2026-04-29T00:28:19.218+0300 [DEBUG] [org.gradle.process.internal.health.memory.DefaultMemoryManager] 1855869747 virtual memory requested, 0 released, 1407533056 free
2026-04-29T00:28:24.218+0300 [DEBUG] [org.gradle.process.internal.health.memory.DefaultMemoryManager] 1855869747 virtual memory requested, 1415229440 free
2026-04-29T00:28:24.218+0300 [DEBUG] [org.gradle.workers.internal.WorkerDaemonExpiration] Will attempt to release 1769 of memory
2026-04-29T00:28:24.218+0300 [DEBUG] [org.gradle.process.internal.health.memory.DefaultMemoryManager] 1855869747 virtual memory requested, 0 released, 1415229440 free
2026-04-29T00:28:28.156+0300 [DEBUG] [org.gradle.cache.internal.DefaultFileLockManager] Waiting to acquire shared lock on daemon addresses registry.
2026-04-29T00:28:28.156+0300 [DEBUG] [org.gradle.cache.internal.DefaultFileLockManager] Lock acquired on daemon addresses registry.
2026-04-29T00:28:28.157+0300 [DEBUG] [org.gradle.cache.internal.DefaultFileLockManager] Releasing lock on daemon addresses registry.
2026-04-29T00:28:28.160+0300 [DEBUG] [org.gradle.cache.internal.DefaultFileLockManager] Waiting to acquire shared lock on daemon addresses registry.
2026-04-29T00:28:28.161+0300 [DEBUG] [org.gradle.cache.internal.DefaultFileLockManager] Lock acquired on daemon addresses registry.
2026-04-29T00:28:28.161+0300 [DEBUG] [org.gradle.cache.internal.DefaultFileLockManager] Releasing lock on daemon addresses registry.
2026-04-29T00:28:28.164+0300 [DEBUG] [org.gradle.cache.internal.DefaultFileLockManager] Waiting to acquire shared lock on daemon addresses registry.
2026-04-29T00:28:28.164+0300 [DEBUG] [org.gradle.cache.internal.DefaultFileLockManager] Lock acquired on daemon addresses registry.
2026-04-29T00:28:28.165+0300 [DEBUG] [org.gradle.cache.internal.DefaultFileLockManager] Releasing lock on daemon addresses registry.
2026-04-29T00:28:29.218+0300 [DEBUG] [org.gradle.process.internal.health.memory.DefaultMemoryManager] 1855869747 virtual memory requested, 1477144576 free
2026-04-29T00:28:29.218+0300 [DEBUG] [org.gradle.workers.internal.WorkerDaemonExpiration] Will attempt to release 1769 of memory
2026-04-29T00:28:29.219+0300 [DEBUG] [org.gradle.process.internal.health.memory.DefaultMemoryManager] 1855869747 virtual memory requested, 0 released, 1477144576 free
2026-04-29T00:28:34.219+0300 [DEBUG] [org.gradle.process.internal.health.memory.DefaultMemoryManager] 1855869747 virtual memory requested, 1477627904 free
2026-04-29T00:28:34.219+0300 [DEBUG] [org.gradle.workers.internal.WorkerDaemonExpiration] Will attempt to release 1769 of memory
2026-04-29T00:28:34.219+0300 [DEBUG] [org.gradle.process.internal.health.memory.DefaultMemoryManager] 1855869747 virtual memory requested, 0 released, 1477627904 free
2026-04-29T00:28:38.156+0300 [DEBUG] [org.gradle.cache.internal.DefaultFileLockManager] Waiting to acquire shared lock on daemon addresses registry.
2026-04-29T00:28:38.157+0300 [DEBUG] [org.gradle.cache.internal.DefaultFileLockManager] Lock acquired on daemon addresses registry.
2026-04-29T00:28:38.157+0300 [DEBUG] [org.gradle.cache.internal.DefaultFileLockManager] Releasing lock on daemon addresses registry.
2026-04-29T00:28:38.161+0300 [DEBUG] [org.gradle.cache.internal.DefaultFileLockManager] Waiting to acquire shared lock on daemon addresses registry.
2026-04-29T00:28:38.162+0300 [DEBUG] [org.gradle.cache.internal.DefaultFileLockManager] Lock acquired on daemon addresses registry.
2026-04-29T00:28:38.162+0300 [DEBUG] [org.gradle.cache.internal.DefaultFileLockManager] Releasing lock on daemon addresses registry.
2026-04-29T00:28:38.165+0300 [DEBUG] [org.gradle.cache.internal.DefaultFileLockManager] Waiting to acquire shared lock on daemon addresses registry.
2026-04-29T00:28:38.166+0300 [DEBUG] [org.gradle.cache.internal.DefaultFileLockManager] Lock acquired on daemon addresses registry.
2026-04-29T00:28:38.166+0300 [DEBUG] [org.gradle.cache.internal.DefaultFileLockManager] Releasing lock on daemon addresses registry.
2026-04-29T00:28:39.218+0300 [DEBUG] [org.gradle.process.internal.health.memory.DefaultMemoryManager] 1855869747 virtual memory requested, 1480593408 free
2026-04-29T00:28:39.219+0300 [DEBUG] [org.gradle.workers.internal.WorkerDaemonExpiration] Will attempt to release 1769 of memory
2026-04-29T00:28:39.219+0300 [DEBUG] [org.gradle.process.internal.health.memory.DefaultMemoryManager] 1855869747 virtual memory requested, 0 released, 1480593408 free
2026-04-29T00:28:44.218+0300 [DEBUG] [org.gradle.process.internal.health.memory.DefaultMemoryManager] 1855869747 virtual memory requested, 1477685248 free
2026-04-29T00:28:44.218+0300 [DEBUG] [org.gradle.workers.internal.WorkerDaemonExpiration] Will attempt to release 1769 of memory
2026-04-29T00:28:44.218+0300 [DEBUG] [org.gradle.process.internal.health.memory.DefaultMemoryManager] 1855869747 virtual memory requested, 0 released, 1477685248 free
2026-04-29T00:28:48.156+0300 [DEBUG] [org.gradle.cache.internal.DefaultFileLockManager] Waiting to acquire shared lock on daemon addresses registry.
2026-04-29T00:28:48.156+0300 [DEBUG] [org.gradle.cache.internal.DefaultFileLockManager] Lock acquired on daemon addresses registry.
2026-04-29T00:28:48.157+0300 [DEBUG] [org.gradle.cache.internal.DefaultFileLockManager] Releasing lock on daemon addresses registry.
2026-04-29T00:28:48.160+0300 [DEBUG] [org.gradle.cache.internal.DefaultFileLockManager] Waiting to acquire shared lock on daemon addresses registry.
2026-04-29T00:28:48.160+0300 [DEBUG] [org.gradle.cache.internal.DefaultFileLockManager] Lock acquired on daemon addresses registry.
2026-04-29T00:28:48.161+0300 [DEBUG] [org.gradle.cache.internal.DefaultFileLockManager] Releasing lock on daemon addresses registry.
2026-04-29T00:28:48.164+0300 [DEBUG] [org.gradle.cache.internal.DefaultFileLockManager] Waiting to acquire shared lock on daemon addresses registry.
2026-04-29T00:28:48.164+0300 [DEBUG] [org.gradle.cache.internal.DefaultFileLockManager] Lock acquired on daemon addresses registry.
2026-04-29T00:28:48.165+0300 [DEBUG] [org.gradle.cache.internal.DefaultFileLockManager] Releasing lock on daemon addresses registry.
2026-04-29T00:28:49.219+0300 [DEBUG] [org.gradle.process.internal.health.memory.DefaultMemoryManager] 1855869747 virtual memory requested, 1478955008 free
2026-04-29T00:28:49.220+0300 [DEBUG] [org.gradle.workers.internal.WorkerDaemonExpiration] Will attempt to release 1769 of memory
2026-04-29T00:28:49.220+0300 [DEBUG] [org.gradle.process.internal.health.memory.DefaultMemoryManager] 1855869747 virtual memory requested, 0 released, 1478955008 free
2026-04-29T00:28:54.220+0300 [DEBUG] [org.gradle.process.internal.health.memory.DefaultMemoryManager] 1855869747 virtual memory requested, 1481981952 free
2026-04-29T00:28:54.220+0300 [DEBUG] [org.gradle.workers.internal.WorkerDaemonExpiration] Will attempt to release 1769 of memory
2026-04-29T00:28:54.220+0300 [DEBUG] [org.gradle.process.internal.health.memory.DefaultMemoryManager] 1855869747 virtual memory requested, 0 released, 1481981952 free
2026-04-29T00:28:58.156+0300 [DEBUG] [org.gradle.cache.internal.DefaultFileLockManager] Waiting to acquire shared lock on daemon addresses registry.
2026-04-29T00:28:58.156+0300 [DEBUG] [org.gradle.cache.internal.DefaultFileLockManager] Lock acquired on daemon addresses registry.
2026-04-29T00:28:58.157+0300 [DEBUG] [org.gradle.cache.internal.DefaultFileLockManager] Releasing lock on daemon addresses registry.
2026-04-29T00:28:58.162+0300 [DEBUG] [org.gradle.cache.internal.DefaultFileLockManager] Waiting to acquire shared lock on daemon addresses registry.
2026-04-29T00:28:58.162+0300 [DEBUG] [org.gradle.cache.internal.DefaultFileLockManager] Lock acquired on daemon addresses registry.
2026-04-29T00:28:58.163+0300 [DEBUG] [org.gradle.cache.internal.DefaultFileLockManager] Releasing lock on daemon addresses registry.
2026-04-29T00:28:58.167+0300 [DEBUG] [org.gradle.cache.internal.DefaultFileLockManager] Waiting to acquire shared lock on daemon addresses registry.
2026-04-29T00:28:58.167+0300 [DEBUG] [org.gradle.cache.internal.DefaultFileLockManager] Lock acquired on daemon addresses registry.
2026-04-29T00:28:58.168+0300 [DEBUG] [org.gradle.cache.internal.DefaultFileLockManager] Releasing lock on daemon addresses registry.
2026-04-29T00:28:59.218+0300 [DEBUG] [org.gradle.process.internal.health.memory.DefaultMemoryManager] 1855869747 virtual memory requested, 1480863744 free
2026-04-29T00:28:59.218+0300 [DEBUG] [org.gradle.workers.internal.WorkerDaemonExpiration] Will attempt to release 1769 of memory
2026-04-29T00:28:59.219+0300 [DEBUG] [org.gradle.process.internal.health.memory.DefaultMemoryManager] 1855869747 virtual memory requested, 0 released, 1480863744 free
2026-04-29T00:29:04.219+0300 [DEBUG] [org.gradle.process.internal.health.memory.DefaultMemoryManager] 1855869747 virtual memory requested, 1418735616 free
2026-04-29T00:29:04.219+0300 [DEBUG] [org.gradle.workers.internal.WorkerDaemonExpiration] Will attempt to release 1769 of memory
2026-04-29T00:29:04.219+0300 [DEBUG] [org.gradle.process.internal.health.memory.DefaultMemoryManager] 1855869747 virtual memory requested, 0 released, 1418735616 free
2026-04-29T00:29:08.155+0300 [DEBUG] [org.gradle.cache.internal.DefaultFileLockManager] Waiting to acquire shared lock on daemon addresses registry.
2026-04-29T00:29:08.156+0300 [DEBUG] [org.gradle.cache.internal.DefaultFileLockManager] Lock acquired on daemon addresses registry.
2026-04-29T00:29:08.156+0300 [DEBUG] [org.gradle.cache.internal.DefaultFileLockManager] Releasing lock on daemon addresses registry.
2026-04-29T00:29:08.160+0300 [DEBUG] [org.gradle.cache.internal.DefaultFileLockManager] Waiting to acquire shared lock on daemon addresses registry.
2026-04-29T00:29:08.160+0300 [DEBUG] [org.gradle.cache.internal.DefaultFileLockManager] Lock acquired on daemon addresses registry.
2026-04-29T00:29:08.161+0300 [DEBUG] [org.gradle.cache.internal.DefaultFileLockManager] Releasing lock on daemon addresses registry.
2026-04-29T00:29:08.164+0300 [DEBUG] [org.gradle.cache.internal.DefaultFileLockManager] Waiting to acquire shared lock on daemon addresses registry.
2026-04-29T00:29:08.164+0300 [DEBUG] [org.gradle.cache.internal.DefaultFileLockManager] Lock acquired on daemon addresses registry.
2026-04-29T00:29:08.164+0300 [DEBUG] [org.gradle.cache.internal.DefaultFileLockManager] Releasing lock on daemon addresses registry.
2026-04-29T00:29:09.218+0300 [DEBUG] [org.gradle.process.internal.health.memory.DefaultMemoryManager] 1855869747 virtual memory requested, 1417072640 free
2026-04-29T00:29:09.218+0300 [DEBUG] [org.gradle.workers.internal.WorkerDaemonExpiration] Will attempt to release 1769 of memory
2026-04-29T00:29:09.218+0300 [DEBUG] [org.gradle.process.internal.health.memory.DefaultMemoryManager] 1855869747 virtual memory requested, 0 released, 1417072640 free
2026-04-29T00:29:14.219+0300 [DEBUG] [org.gradle.process.internal.health.memory.DefaultMemoryManager] 1855869747 virtual memory requested, 1420091392 free
2026-04-29T00:29:14.219+0300 [DEBUG] [org.gradle.workers.internal.WorkerDaemonExpiration] Will attempt to release 1769 of memory
2026-04-29T00:29:14.219+0300 [DEBUG] [org.gradle.process.internal.health.memory.DefaultMemoryManager] 1855869747 virtual memory requested, 0 released, 1420091392 free
2026-04-29T00:29:18.156+0300 [DEBUG] [org.gradle.cache.internal.DefaultFileLockManager] Waiting to acquire shared lock on daemon addresses registry.
2026-04-29T00:29:18.156+0300 [DEBUG] [org.gradle.cache.internal.DefaultFileLockManager] Lock acquired on daemon addresses registry.
2026-04-29T00:29:18.158+0300 [DEBUG] [org.gradle.cache.internal.DefaultFileLockManager] Releasing lock on daemon addresses registry.
2026-04-29T00:29:18.162+0300 [DEBUG] [org.gradle.cache.internal.DefaultFileLockManager] Waiting to acquire shared lock on daemon addresses registry.
2026-04-29T00:29:18.163+0300 [DEBUG] [org.gradle.cache.internal.DefaultFileLockManager] Lock acquired on daemon addresses registry.
2026-04-29T00:29:18.164+0300 [DEBUG] [org.gradle.cache.internal.DefaultFileLockManager] Releasing lock on daemon addresses registry.
2026-04-29T00:29:18.168+0300 [DEBUG] [org.gradle.cache.internal.DefaultFileLockManager] Waiting to acquire shared lock on daemon addresses registry.
2026-04-29T00:29:18.169+0300 [DEBUG] [org.gradle.cache.internal.DefaultFileLockManager] Lock acquired on daemon addresses registry.
2026-04-29T00:29:18.170+0300 [DEBUG] [org.gradle.cache.internal.DefaultFileLockManager] Releasing lock on daemon addresses registry.
2026-04-29T00:29:19.219+0300 [DEBUG] [org.gradle.process.internal.health.memory.DefaultMemoryManager] 1855869747 virtual memory requested, 1419489280 free
2026-04-29T00:29:19.219+0300 [DEBUG] [org.gradle.workers.internal.WorkerDaemonExpiration] Will attempt to release 1769 of memory
2026-04-29T00:29:19.219+0300 [DEBUG] [org.gradle.process.internal.health.memory.DefaultMemoryManager] 1855869747 virtual memory requested, 0 released, 1419489280 free
2026-04-29T00:29:24.218+0300 [DEBUG] [org.gradle.process.internal.health.memory.DefaultMemoryManager] 1855869747 virtual memory requested, 1424334848 free
2026-04-29T00:29:24.219+0300 [DEBUG] [org.gradle.workers.internal.WorkerDaemonExpiration] Will attempt to release 1769 of memory
2026-04-29T00:29:24.219+0300 [DEBUG] [org.gradle.process.internal.health.memory.DefaultMemoryManager] 1855869747 virtual memory requested, 0 released, 1424334848 free
2026-04-29T00:29:28.155+0300 [DEBUG] [org.gradle.cache.internal.DefaultFileLockManager] Waiting to acquire shared lock on daemon addresses registry.
2026-04-29T00:29:28.155+0300 [DEBUG] [org.gradle.cache.internal.DefaultFileLockManager] Lock acquired on daemon addresses registry.
2026-04-29T00:29:28.156+0300 [DEBUG] [org.gradle.cache.internal.DefaultFileLockManager] Releasing lock on daemon addresses registry.
2026-04-29T00:29:28.160+0300 [DEBUG] [org.gradle.cache.internal.DefaultFileLockManager] Waiting to acquire shared lock on daemon addresses registry.
2026-04-29T00:29:28.160+0300 [DEBUG] [org.gradle.cache.internal.DefaultFileLockManager] Lock acquired on daemon addresses registry.
2026-04-29T00:29:28.161+0300 [DEBUG] [org.gradle.cache.internal.DefaultFileLockManager] Releasing lock on daemon addresses registry.
2026-04-29T00:29:28.164+0300 [DEBUG] [org.gradle.cache.internal.DefaultFileLockManager] Waiting to acquire shared lock on daemon addresses registry.
2026-04-29T00:29:28.164+0300 [DEBUG] [org.gradle.cache.internal.DefaultFileLockManager] Lock acquired on daemon addresses registry.
2026-04-29T00:29:28.165+0300 [DEBUG] [org.gradle.cache.internal.DefaultFileLockManager] Releasing lock on daemon addresses registry.
2026-04-29T00:29:29.219+0300 [DEBUG] [org.gradle.process.internal.health.memory.DefaultMemoryManager] 1855869747 virtual memory requested, 1422159872 free
2026-04-29T00:29:29.220+0300 [DEBUG] [org.gradle.workers.internal.WorkerDaemonExpiration] Will attempt to release 1769 of memory
2026-04-29T00:29:29.220+0300 [DEBUG] [org.gradle.process.internal.health.memory.DefaultMemoryManager] 1855869747 virtual memory requested, 0 released, 1422159872 free
2026-04-29T00:29:34.220+0300 [DEBUG] [org.gradle.process.internal.health.memory.DefaultMemoryManager] 1855869747 virtual memory requested, 1484525568 free
2026-04-29T00:29:34.220+0300 [DEBUG] [org.gradle.workers.internal.WorkerDaemonExpiration] Will attempt to release 1769 of memory
2026-04-29T00:29:34.220+0300 [DEBUG] [org.gradle.process.internal.health.memory.DefaultMemoryManager] 1855869747 virtual memory requested, 0 released, 1484525568 free
2026-04-29T00:29:38.156+0300 [DEBUG] [org.gradle.cache.internal.DefaultFileLockManager] Waiting to acquire shared lock on daemon addresses registry.
2026-04-29T00:29:38.156+0300 [DEBUG] [org.gradle.cache.internal.DefaultFileLockManager] Lock acquired on daemon addresses registry.
2026-04-29T00:29:38.157+0300 [DEBUG] [org.gradle.cache.internal.DefaultFileLockManager] Releasing lock on daemon addresses registry.
2026-04-29T00:29:38.161+0300 [DEBUG] [org.gradle.cache.internal.DefaultFileLockManager] Waiting to acquire shared lock on daemon addresses registry.
2026-04-29T00:29:38.161+0300 [DEBUG] [org.gradle.cache.internal.DefaultFileLockManager] Lock acquired on daemon addresses registry.
2026-04-29T00:29:38.162+0300 [DEBUG] [org.gradle.cache.internal.DefaultFileLockManager] Releasing lock on daemon addresses registry.
2026-04-29T00:29:38.165+0300 [DEBUG] [org.gradle.cache.internal.DefaultFileLockManager] Waiting to acquire shared lock on daemon addresses registry.
2026-04-29T00:29:38.166+0300 [DEBUG] [org.gradle.cache.internal.DefaultFileLockManager] Lock acquired on daemon addresses registry.
2026-04-29T00:29:38.166+0300 [DEBUG] [org.gradle.cache.internal.DefaultFileLockManager] Releasing lock on daemon addresses registry.
2026-04-29T00:29:39.219+0300 [DEBUG] [org.gradle.process.internal.health.memory.DefaultMemoryManager] 1855869747 virtual memory requested, 1486929920 free
2026-04-29T00:29:39.219+0300 [DEBUG] [org.gradle.workers.internal.WorkerDaemonExpiration] Will attempt to release 1769 of memory
2026-04-29T00:29:39.219+0300 [DEBUG] [org.gradle.process.internal.health.memory.DefaultMemoryManager] 1855869747 virtual memory requested, 0 released, 1486929920 free
2026-04-29T00:29:44.219+0300 [DEBUG] [org.gradle.process.internal.health.memory.DefaultMemoryManager] 1855869747 virtual memory requested, 1491513344 free
2026-04-29T00:29:44.219+0300 [DEBUG] [org.gradle.workers.internal.WorkerDaemonExpiration] Will attempt to release 1769 of memory
2026-04-29T00:29:44.219+0300 [DEBUG] [org.gradle.process.internal.health.memory.DefaultMemoryManager] 1855869747 virtual memory requested, 0 released, 1491513344 free
2026-04-29T00:29:48.154+0300 [DEBUG] [org.gradle.cache.internal.DefaultFileLockManager] Waiting to acquire shared lock on daemon addresses registry.
2026-04-29T00:29:48.154+0300 [DEBUG] [org.gradle.cache.internal.DefaultFileLockManager] Lock acquired on daemon addresses registry.
2026-04-29T00:29:48.154+0300 [DEBUG] [org.gradle.cache.internal.DefaultFileLockManager] Releasing lock on daemon addresses registry.
2026-04-29T00:29:48.157+0300 [DEBUG] [org.gradle.cache.internal.DefaultFileLockManager] Waiting to acquire shared lock on daemon addresses registry.
2026-04-29T00:29:48.157+0300 [DEBUG] [org.gradle.cache.internal.DefaultFileLockManager] Lock acquired on daemon addresses registry.
2026-04-29T00:29:48.158+0300 [DEBUG] [org.gradle.cache.internal.DefaultFileLockManager] Releasing lock on daemon addresses registry.
2026-04-29T00:29:48.160+0300 [DEBUG] [org.gradle.cache.internal.DefaultFileLockManager] Waiting to acquire shared lock on daemon addresses registry.
2026-04-29T00:29:48.160+0300 [DEBUG] [org.gradle.cache.internal.DefaultFileLockManager] Lock acquired on daemon addresses registry.
2026-04-29T00:29:48.161+0300 [DEBUG] [org.gradle.cache.internal.DefaultFileLockManager] Releasing lock on daemon addresses registry.
2026-04-29T00:29:49.219+0300 [DEBUG] [org.gradle.process.internal.health.memory.DefaultMemoryManager] 1855869747 virtual memory requested, 1490427904 free
2026-04-29T00:29:49.220+0300 [DEBUG] [org.gradle.workers.internal.WorkerDaemonExpiration] Will attempt to release 1769 of memory
2026-04-29T00:29:49.220+0300 [DEBUG] [org.gradle.process.internal.health.memory.DefaultMemoryManager] 1855869747 virtual memory requested, 0 released, 1490427904 free
2026-04-29T00:29:54.219+0300 [DEBUG] [org.gradle.process.internal.health.memory.DefaultMemoryManager] 1855869747 virtual memory requested, 1493139456 free
2026-04-29T00:29:54.219+0300 [DEBUG] [org.gradle.workers.internal.WorkerDaemonExpiration] Will attempt to release 1769 of memory
2026-04-29T00:29:54.219+0300 [DEBUG] [org.gradle.process.internal.health.memory.DefaultMemoryManager] 1855869747 virtual memory requested, 0 released, 1493139456 free
2026-04-29T00:29:58.156+0300 [DEBUG] [org.gradle.cache.internal.DefaultFileLockManager] Waiting to acquire shared lock on daemon addresses registry.
2026-04-29T00:29:58.156+0300 [DEBUG] [org.gradle.cache.internal.DefaultFileLockManager] Lock acquired on daemon addresses registry.
2026-04-29T00:29:58.157+0300 [DEBUG] [org.gradle.cache.internal.DefaultFileLockManager] Releasing lock on daemon addresses registry.
2026-04-29T00:29:58.161+0300 [DEBUG] [org.gradle.cache.internal.DefaultFileLockManager] Waiting to acquire shared lock on daemon addresses registry.
2026-04-29T00:29:58.161+0300 [DEBUG] [org.gradle.cache.internal.DefaultFileLockManager] Lock acquired on daemon addresses registry.
2026-04-29T00:29:58.162+0300 [DEBUG] [org.gradle.cache.internal.DefaultFileLockManager] Releasing lock on daemon addresses registry.
2026-04-29T00:29:58.166+0300 [DEBUG] [org.gradle.cache.internal.DefaultFileLockManager] Waiting to acquire shared lock on daemon addresses registry.
2026-04-29T00:29:58.166+0300 [DEBUG] [org.gradle.cache.internal.DefaultFileLockManager] Lock acquired on daemon addresses registry.
2026-04-29T00:29:58.167+0300 [DEBUG] [org.gradle.cache.internal.DefaultFileLockManager] Releasing lock on daemon addresses registry.
2026-04-29T00:29:59.219+0300 [DEBUG] [org.gradle.process.internal.health.memory.DefaultMemoryManager] 1855869747 virtual memory requested, 1489072128 free
2026-04-29T00:29:59.219+0300 [DEBUG] [org.gradle.workers.internal.WorkerDaemonExpiration] Will attempt to release 1769 of memory
2026-04-29T00:29:59.219+0300 [DEBUG] [org.gradle.process.internal.health.memory.DefaultMemoryManager] 1855869747 virtual memory requested, 0 released, 1489072128 free
2026-04-29T00:30:04.220+0300 [DEBUG] [org.gradle.process.internal.health.memory.DefaultMemoryManager] 1855869747 virtual memory requested, 1402908672 free
2026-04-29T00:30:04.220+0300 [DEBUG] [org.gradle.workers.internal.WorkerDaemonExpiration] Will attempt to release 1769 of memory
2026-04-29T00:30:04.220+0300 [DEBUG] [org.gradle.process.internal.health.memory.DefaultMemoryManager] 1855869747 virtual memory requested, 0 released, 1402908672 free
2026-04-29T00:30:08.156+0300 [DEBUG] [org.gradle.cache.internal.DefaultFileLockManager] Waiting to acquire shared lock on daemon addresses registry.
2026-04-29T00:30:08.156+0300 [DEBUG] [org.gradle.cache.internal.DefaultFileLockManager] Lock acquired on daemon addresses registry.
2026-04-29T00:30:08.157+0300 [DEBUG] [org.gradle.cache.internal.DefaultFileLockManager] Releasing lock on daemon addresses registry.
2026-04-29T00:30:08.161+0300 [DEBUG] [org.gradle.cache.internal.DefaultFileLockManager] Waiting to acquire shared lock on daemon addresses registry.
2026-04-29T00:30:08.161+0300 [DEBUG] [org.gradle.cache.internal.DefaultFileLockManager] Lock acquired on daemon addresses registry.
2026-04-29T00:30:08.162+0300 [DEBUG] [org.gradle.cache.internal.DefaultFileLockManager] Releasing lock on daemon addresses registry.
2026-04-29T00:30:08.166+0300 [DEBUG] [org.gradle.cache.internal.DefaultFileLockManager] Waiting to acquire shared lock on daemon addresses registry.
2026-04-29T00:30:08.167+0300 [DEBUG] [org.gradle.cache.internal.DefaultFileLockManager] Lock acquired on daemon addresses registry.
2026-04-29T00:30:08.168+0300 [DEBUG] [org.gradle.cache.internal.DefaultFileLockManager] Releasing lock on daemon addresses registry.
2026-04-29T00:30:09.219+0300 [DEBUG] [org.gradle.process.internal.health.memory.DefaultMemoryManager] 1855869747 virtual memory requested, 1401966592 free
2026-04-29T00:30:09.219+0300 [DEBUG] [org.gradle.workers.internal.WorkerDaemonExpiration] Will attempt to release 1769 of memory
2026-04-29T00:30:09.219+0300 [DEBUG] [org.gradle.process.internal.health.memory.DefaultMemoryManager] 1855869747 virtual memory requested, 0 released, 1401966592 free
2026-04-29T00:30:14.220+0300 [DEBUG] [org.gradle.process.internal.health.memory.DefaultMemoryManager] 1855869747 virtual memory requested, 1500540928 free
2026-04-29T00:30:14.220+0300 [DEBUG] [org.gradle.workers.internal.WorkerDaemonExpiration] Will attempt to release 1769 of memory
2026-04-29T00:30:14.221+0300 [DEBUG] [org.gradle.process.internal.health.memory.DefaultMemoryManager] 1855869747 virtual memory requested, 0 released, 1500540928 free
2026-04-29T00:30:18.157+0300 [DEBUG] [org.gradle.cache.internal.DefaultFileLockManager] Waiting to acquire shared lock on daemon addresses registry.
2026-04-29T00:30:18.157+0300 [DEBUG] [org.gradle.cache.internal.DefaultFileLockManager] Lock acquired on daemon addresses registry.
2026-04-29T00:30:18.158+0300 [DEBUG] [org.gradle.cache.internal.DefaultFileLockManager] Releasing lock on daemon addresses registry.
2026-04-29T00:30:18.163+0300 [DEBUG] [org.gradle.cache.internal.DefaultFileLockManager] Waiting to acquire shared lock on daemon addresses registry.
2026-04-29T00:30:18.163+0300 [DEBUG] [org.gradle.cache.internal.DefaultFileLockManager] Lock acquired on daemon addresses registry.
2026-04-29T00:30:18.164+0300 [DEBUG] [org.gradle.cache.internal.DefaultFileLockManager] Releasing lock on daemon addresses registry.
2026-04-29T00:30:18.167+0300 [DEBUG] [org.gradle.cache.internal.DefaultFileLockManager] Waiting to acquire shared lock on daemon addresses registry.
2026-04-29T00:30:18.167+0300 [DEBUG] [org.gradle.cache.internal.DefaultFileLockManager] Lock acquired on daemon addresses registry.
2026-04-29T00:30:18.168+0300 [DEBUG] [org.gradle.cache.internal.DefaultFileLockManager] Releasing lock on daemon addresses registry.
2026-04-29T00:30:19.220+0300 [DEBUG] [org.gradle.process.internal.health.memory.DefaultMemoryManager] 1855869747 virtual memory requested, 1510703104 free
2026-04-29T00:30:19.220+0300 [DEBUG] [org.gradle.workers.internal.WorkerDaemonExpiration] Will attempt to release 1769 of memory
2026-04-29T00:30:19.220+0300 [DEBUG] [org.gradle.process.internal.health.memory.DefaultMemoryManager] 1855869747 virtual memory requested, 0 released, 1510703104 free
2026-04-29T00:30:24.221+0300 [DEBUG] [org.gradle.process.internal.health.memory.DefaultMemoryManager] 1855869747 virtual memory requested, 1511202816 free
2026-04-29T00:30:24.221+0300 [DEBUG] [org.gradle.workers.internal.WorkerDaemonExpiration] Will attempt to release 1769 of memory
2026-04-29T00:30:24.221+0300 [DEBUG] [org.gradle.process.internal.health.memory.DefaultMemoryManager] 1855869747 virtual memory requested, 0 released, 1511202816 free
2026-04-29T00:30:28.154+0300 [DEBUG] [org.gradle.cache.internal.DefaultFileLockManager] Waiting to acquire shared lock on daemon addresses registry.
2026-04-29T00:30:28.155+0300 [DEBUG] [org.gradle.cache.internal.DefaultFileLockManager] Lock acquired on daemon addresses registry.
2026-04-29T00:30:28.155+0300 [DEBUG] [org.gradle.cache.internal.DefaultFileLockManager] Releasing lock on daemon addresses registry.
2026-04-29T00:30:28.158+0300 [DEBUG] [org.gradle.cache.internal.DefaultFileLockManager] Waiting to acquire shared lock on daemon addresses registry.
2026-04-29T00:30:28.158+0300 [DEBUG] [org.gradle.cache.internal.DefaultFileLockManager] Lock acquired on daemon addresses registry.
2026-04-29T00:30:28.158+0300 [DEBUG] [org.gradle.cache.internal.DefaultFileLockManager] Releasing lock on daemon addresses registry.
2026-04-29T00:30:28.161+0300 [DEBUG] [org.gradle.cache.internal.DefaultFileLockManager] Waiting to acquire shared lock on daemon addresses registry.
2026-04-29T00:30:28.161+0300 [DEBUG] [org.gradle.cache.internal.DefaultFileLockManager] Lock acquired on daemon addresses registry.
2026-04-29T00:30:28.162+0300 [DEBUG] [org.gradle.cache.internal.DefaultFileLockManager] Releasing lock on daemon addresses registry.
2026-04-29T00:30:29.219+0300 [DEBUG] [org.gradle.process.internal.health.memory.DefaultMemoryManager] 1855869747 virtual memory requested, 1508876288 free
2026-04-29T00:30:29.219+0300 [DEBUG] [org.gradle.workers.internal.WorkerDaemonExpiration] Will attempt to release 1769 of memory
2026-04-29T00:30:29.220+0300 [DEBUG] [org.gradle.process.internal.health.memory.DefaultMemoryManager] 1855869747 virtual memory requested, 0 released, 1508876288 free
2026-04-29T00:30:34.219+0300 [DEBUG] [org.gradle.process.internal.health.memory.DefaultMemoryManager] 1855869747 virtual memory requested, 1510887424 free
2026-04-29T00:30:34.220+0300 [DEBUG] [org.gradle.workers.internal.WorkerDaemonExpiration] Will attempt to release 1769 of memory
2026-04-29T00:30:34.220+0300 [DEBUG] [org.gradle.process.internal.health.memory.DefaultMemoryManager] 1855869747 virtual memory requested, 0 released, 1510887424 free
2026-04-29T00:30:38.157+0300 [DEBUG] [org.gradle.cache.internal.DefaultFileLockManager] Waiting to acquire shared lock on daemon addresses registry.
2026-04-29T00:30:38.157+0300 [DEBUG] [org.gradle.cache.internal.DefaultFileLockManager] Lock acquired on daemon addresses registry.
2026-04-29T00:30:38.158+0300 [DEBUG] [org.gradle.cache.internal.DefaultFileLockManager] Releasing lock on daemon addresses registry.
2026-04-29T00:30:38.163+0300 [DEBUG] [org.gradle.cache.internal.DefaultFileLockManager] Waiting to acquire shared lock on daemon addresses registry.
2026-04-29T00:30:38.164+0300 [DEBUG] [org.gradle.cache.internal.DefaultFileLockManager] Lock acquired on daemon addresses registry.
2026-04-29T00:30:38.165+0300 [DEBUG] [org.gradle.cache.internal.DefaultFileLockManager] Releasing lock on daemon addresses registry.
2026-04-29T00:30:38.168+0300 [DEBUG] [org.gradle.cache.internal.DefaultFileLockManager] Waiting to acquire shared lock on daemon addresses registry.
2026-04-29T00:30:38.168+0300 [DEBUG] [org.gradle.cache.internal.DefaultFileLockManager] Lock acquired on daemon addresses registry.
2026-04-29T00:30:38.169+0300 [DEBUG] [org.gradle.cache.internal.DefaultFileLockManager] Releasing lock on daemon addresses registry.
2026-04-29T00:30:39.220+0300 [DEBUG] [org.gradle.process.internal.health.memory.DefaultMemoryManager] 1855869747 virtual memory requested, 1512939520 free
2026-04-29T00:30:39.220+0300 [DEBUG] [org.gradle.workers.internal.WorkerDaemonExpiration] Will attempt to release 1769 of memory
2026-04-29T00:30:39.221+0300 [DEBUG] [org.gradle.process.internal.health.memory.DefaultMemoryManager] 1855869747 virtual memory requested, 0 released, 1512939520 free
2026-04-29T00:30:44.220+0300 [DEBUG] [org.gradle.process.internal.health.memory.DefaultMemoryManager] 1855869747 virtual memory requested, 1516687360 free
2026-04-29T00:30:44.220+0300 [DEBUG] [org.gradle.workers.internal.WorkerDaemonExpiration] Will attempt to release 1769 of memory
2026-04-29T00:30:44.220+0300 [DEBUG] [org.gradle.process.internal.health.memory.DefaultMemoryManager] 1855869747 virtual memory requested, 0 released, 1516687360 free
2026-04-29T00:30:48.156+0300 [DEBUG] [org.gradle.cache.internal.DefaultFileLockManager] Waiting to acquire shared lock on daemon addresses registry.
2026-04-29T00:30:48.157+0300 [DEBUG] [org.gradle.cache.internal.DefaultFileLockManager] Lock acquired on daemon addresses registry.
2026-04-29T00:30:48.158+0300 [DEBUG] [org.gradle.cache.internal.DefaultFileLockManager] Releasing lock on daemon addresses registry.
2026-04-29T00:30:48.161+0300 [DEBUG] [org.gradle.cache.internal.DefaultFileLockManager] Waiting to acquire shared lock on daemon addresses registry.
2026-04-29T00:30:48.162+0300 [DEBUG] [org.gradle.cache.internal.DefaultFileLockManager] Lock acquired on daemon addresses registry.
2026-04-29T00:30:48.162+0300 [DEBUG] [org.gradle.cache.internal.DefaultFileLockManager] Releasing lock on daemon addresses registry.
2026-04-29T00:30:48.166+0300 [DEBUG] [org.gradle.cache.internal.DefaultFileLockManager] Waiting to acquire shared lock on daemon addresses registry.
2026-04-29T00:30:48.167+0300 [DEBUG] [org.gradle.cache.internal.DefaultFileLockManager] Lock acquired on daemon addresses registry.
2026-04-29T00:30:48.168+0300 [DEBUG] [org.gradle.cache.internal.DefaultFileLockManager] Releasing lock on daemon addresses registry.
2026-04-29T00:30:49.219+0300 [DEBUG] [org.gradle.process.internal.health.memory.DefaultMemoryManager] 1855869747 virtual memory requested, 1518784512 free
2026-04-29T00:30:49.219+0300 [DEBUG] [org.gradle.workers.internal.WorkerDaemonExpiration] Will attempt to release 1769 of memory
2026-04-29T00:30:49.220+0300 [DEBUG] [org.gradle.process.internal.health.memory.DefaultMemoryManager] 1855869747 virtual memory requested, 0 released, 1518784512 free
2026-04-29T00:30:54.220+0300 [DEBUG] [org.gradle.process.internal.health.memory.DefaultMemoryManager] 1855869747 virtual memory requested, 1521844224 free
2026-04-29T00:30:54.220+0300 [DEBUG] [org.gradle.workers.internal.WorkerDaemonExpiration] Will attempt to release 1769 of memory
2026-04-29T00:30:54.220+0300 [DEBUG] [org.gradle.process.internal.health.memory.DefaultMemoryManager] 1855869747 virtual memory requested, 0 released, 1521844224 free
2026-04-29T00:30:58.158+0300 [DEBUG] [org.gradle.cache.internal.DefaultFileLockManager] Waiting to acquire shared lock on daemon addresses registry.
2026-04-29T00:30:58.158+0300 [DEBUG] [org.gradle.cache.internal.DefaultFileLockManager] Lock acquired on daemon addresses registry.
2026-04-29T00:30:58.159+0300 [DEBUG] [org.gradle.cache.internal.DefaultFileLockManager] Releasing lock on daemon addresses registry.
2026-04-29T00:30:58.162+0300 [DEBUG] [org.gradle.cache.internal.DefaultFileLockManager] Waiting to acquire shared lock on daemon addresses registry.
2026-04-29T00:30:58.162+0300 [DEBUG] [org.gradle.cache.internal.DefaultFileLockManager] Lock acquired on daemon addresses registry.
2026-04-29T00:30:58.163+0300 [DEBUG] [org.gradle.cache.internal.DefaultFileLockManager] Releasing lock on daemon addresses registry.
2026-04-29T00:30:58.165+0300 [DEBUG] [org.gradle.cache.internal.DefaultFileLockManager] Waiting to acquire shared lock on daemon addresses registry.
2026-04-29T00:30:58.166+0300 [DEBUG] [org.gradle.cache.internal.DefaultFileLockManager] Lock acquired on daemon addresses registry.
2026-04-29T00:30:58.166+0300 [DEBUG] [org.gradle.cache.internal.DefaultFileLockManager] Releasing lock on daemon addresses registry.
2026-04-29T00:30:59.221+0300 [DEBUG] [org.gradle.process.internal.health.memory.DefaultMemoryManager] 1855869747 virtual memory requested, 1525190656 free
2026-04-29T00:30:59.221+0300 [DEBUG] [org.gradle.workers.internal.WorkerDaemonExpiration] Will attempt to release 1769 of memory
2026-04-29T00:30:59.221+0300 [DEBUG] [org.gradle.process.internal.health.memory.DefaultMemoryManager] 1855869747 virtual memory requested, 0 released, 1525190656 free
2026-04-29T00:31:04.220+0300 [DEBUG] [org.gradle.process.internal.health.memory.DefaultMemoryManager] 1855869747 virtual memory requested, 1525833728 free
2026-04-29T00:31:04.220+0300 [DEBUG] [org.gradle.workers.internal.WorkerDaemonExpiration] Will attempt to release 1769 of memory
2026-04-29T00:31:04.221+0300 [DEBUG] [org.gradle.process.internal.health.memory.DefaultMemoryManager] 1855869747 virtual memory requested, 0 released, 1525833728 free
2026-04-29T00:31:08.155+0300 [DEBUG] [org.gradle.cache.internal.DefaultFileLockManager] Waiting to acquire shared lock on daemon addresses registry.
2026-04-29T00:31:08.155+0300 [DEBUG] [org.gradle.cache.internal.DefaultFileLockManager] Lock acquired on daemon addresses registry.
2026-04-29T00:31:08.155+0300 [DEBUG] [org.gradle.cache.internal.DefaultFileLockManager] Releasing lock on daemon addresses registry.
2026-04-29T00:31:08.157+0300 [DEBUG] [org.gradle.cache.internal.DefaultFileLockManager] Waiting to acquire shared lock on daemon addresses registry.
2026-04-29T00:31:08.158+0300 [DEBUG] [org.gradle.cache.internal.DefaultFileLockManager] Lock acquired on daemon addresses registry.
2026-04-29T00:31:08.158+0300 [DEBUG] [org.gradle.cache.internal.DefaultFileLockManager] Releasing lock on daemon addresses registry.
2026-04-29T00:31:08.161+0300 [DEBUG] [org.gradle.cache.internal.DefaultFileLockManager] Waiting to acquire shared lock on daemon addresses registry.
2026-04-29T00:31:08.161+0300 [DEBUG] [org.gradle.cache.internal.DefaultFileLockManager] Lock acquired on daemon addresses registry.
2026-04-29T00:31:08.162+0300 [DEBUG] [org.gradle.cache.internal.DefaultFileLockManager] Releasing lock on daemon addresses registry.
2026-04-29T00:31:09.220+0300 [DEBUG] [org.gradle.process.internal.health.memory.DefaultMemoryManager] 1855869747 virtual memory requested, 1526575104 free
2026-04-29T00:31:09.220+0300 [DEBUG] [org.gradle.workers.internal.WorkerDaemonExpiration] Will attempt to release 1769 of memory
2026-04-29T00:31:09.221+0300 [DEBUG] [org.gradle.process.internal.health.memory.DefaultMemoryManager] 1855869747 virtual memory requested, 0 released, 1526575104 free
2026-04-29T00:31:14.222+0300 [DEBUG] [org.gradle.process.internal.health.memory.DefaultMemoryManager] 1855869747 virtual memory requested, 1523482624 free
2026-04-29T00:31:14.222+0300 [DEBUG] [org.gradle.workers.internal.WorkerDaemonExpiration] Will attempt to release 1769 of memory
2026-04-29T00:31:14.222+0300 [DEBUG] [org.gradle.process.internal.health.memory.DefaultMemoryManager] 1855869747 virtual memory requested, 0 released, 1523482624 free
2026-04-29T00:31:18.156+0300 [DEBUG] [org.gradle.cache.internal.DefaultFileLockManager] Waiting to acquire shared lock on daemon addresses registry.
2026-04-29T00:31:18.156+0300 [DEBUG] [org.gradle.cache.internal.DefaultFileLockManager] Lock acquired on daemon addresses registry.
2026-04-29T00:31:18.156+0300 [DEBUG] [org.gradle.cache.internal.DefaultFileLockManager] Releasing lock on daemon addresses registry.
2026-04-29T00:31:18.158+0300 [DEBUG] [org.gradle.cache.internal.DefaultFileLockManager] Waiting to acquire shared lock on daemon addresses registry.
2026-04-29T00:31:18.159+0300 [DEBUG] [org.gradle.cache.internal.DefaultFileLockManager] Lock acquired on daemon addresses registry.
2026-04-29T00:31:18.159+0300 [DEBUG] [org.gradle.cache.internal.DefaultFileLockManager] Releasing lock on daemon addresses registry.
2026-04-29T00:31:18.161+0300 [DEBUG] [org.gradle.cache.internal.DefaultFileLockManager] Waiting to acquire shared lock on daemon addresses registry.
2026-04-29T00:31:18.162+0300 [DEBUG] [org.gradle.cache.internal.DefaultFileLockManager] Lock acquired on daemon addresses registry.
2026-04-29T00:31:18.162+0300 [DEBUG] [org.gradle.cache.internal.DefaultFileLockManager] Releasing lock on daemon addresses registry.
2026-04-29T00:31:19.220+0300 [DEBUG] [org.gradle.process.internal.health.memory.DefaultMemoryManager] 1855869747 virtual memory requested, 1523425280 free
2026-04-29T00:31:19.220+0300 [DEBUG] [org.gradle.workers.internal.WorkerDaemonExpiration] Will attempt to release 1769 of memory
2026-04-29T00:31:19.220+0300 [DEBUG] [org.gradle.process.internal.health.memory.DefaultMemoryManager] 1855869747 virtual memory requested, 0 released, 1523425280 free
2026-04-29T00:31:24.222+0300 [DEBUG] [org.gradle.process.internal.health.memory.DefaultMemoryManager] 1855869747 virtual memory requested, 1519452160 free
2026-04-29T00:31:24.222+0300 [DEBUG] [org.gradle.workers.internal.WorkerDaemonExpiration] Will attempt to release 1769 of memory
2026-04-29T00:31:24.222+0300 [DEBUG] [org.gradle.process.internal.health.memory.DefaultMemoryManager] 1855869747 virtual memory requested, 0 released, 1519452160 free
2026-04-29T00:31:28.156+0300 [DEBUG] [org.gradle.cache.internal.DefaultFileLockManager] Waiting to acquire shared lock on daemon addresses registry.
2026-04-29T00:31:28.157+0300 [DEBUG] [org.gradle.cache.internal.DefaultFileLockManager] Lock acquired on daemon addresses registry.
2026-04-29T00:31:28.157+0300 [DEBUG] [org.gradle.cache.internal.DefaultFileLockManager] Releasing lock on daemon addresses registry.
2026-04-29T00:31:28.160+0300 [DEBUG] [org.gradle.cache.internal.DefaultFileLockManager] Waiting to acquire shared lock on daemon addresses registry.
2026-04-29T00:31:28.160+0300 [DEBUG] [org.gradle.cache.internal.DefaultFileLockManager] Lock acquired on daemon addresses registry.
2026-04-29T00:31:28.160+0300 [DEBUG] [org.gradle.cache.internal.DefaultFileLockManager] Releasing lock on daemon addresses registry.
2026-04-29T00:31:28.162+0300 [DEBUG] [org.gradle.cache.internal.DefaultFileLockManager] Waiting to acquire shared lock on daemon addresses registry.
2026-04-29T00:31:28.163+0300 [DEBUG] [org.gradle.cache.internal.DefaultFileLockManager] Lock acquired on daemon addresses registry.
2026-04-29T00:31:28.163+0300 [DEBUG] [org.gradle.cache.internal.DefaultFileLockManager] Releasing lock on daemon addresses registry.
2026-04-29T00:31:29.222+0300 [DEBUG] [org.gradle.process.internal.health.memory.DefaultMemoryManager] 1855869747 virtual memory requested, 1516093440 free
2026-04-29T00:31:29.222+0300 [DEBUG] [org.gradle.workers.internal.WorkerDaemonExpiration] Will attempt to release 1769 of memory
2026-04-29T00:31:29.222+0300 [DEBUG] [org.gradle.process.internal.health.memory.DefaultMemoryManager] 1855869747 virtual memory requested, 0 released, 1516093440 free
2026-04-29T00:31:34.221+0300 [DEBUG] [org.gradle.process.internal.health.memory.DefaultMemoryManager] 1855869747 virtual memory requested, 1515823104 free
2026-04-29T00:31:34.221+0300 [DEBUG] [org.gradle.workers.internal.WorkerDaemonExpiration] Will attempt to release 1769 of memory
2026-04-29T00:31:34.221+0300 [DEBUG] [org.gradle.process.internal.health.memory.DefaultMemoryManager] 1855869747 virtual memory requested, 0 released, 1515823104 free
2026-04-29T00:31:38.158+0300 [DEBUG] [org.gradle.cache.internal.DefaultFileLockManager] Waiting to acquire shared lock on daemon addresses registry.
2026-04-29T00:31:38.158+0300 [DEBUG] [org.gradle.cache.internal.DefaultFileLockManager] Lock acquired on daemon addresses registry.
2026-04-29T00:31:38.159+0300 [DEBUG] [org.gradle.cache.internal.DefaultFileLockManager] Releasing lock on daemon addresses registry.
2026-04-29T00:31:38.164+0300 [DEBUG] [org.gradle.cache.internal.DefaultFileLockManager] Waiting to acquire shared lock on daemon addresses registry.
2026-04-29T00:31:38.164+0300 [DEBUG] [org.gradle.cache.internal.DefaultFileLockManager] Lock acquired on daemon addresses registry.
2026-04-29T00:31:38.165+0300 [DEBUG] [org.gradle.cache.internal.DefaultFileLockManager] Releasing lock on daemon addresses registry.
2026-04-29T00:31:38.169+0300 [DEBUG] [org.gradle.cache.internal.DefaultFileLockManager] Waiting to acquire shared lock on daemon addresses registry.
2026-04-29T00:31:38.170+0300 [DEBUG] [org.gradle.cache.internal.DefaultFileLockManager] Lock acquired on daemon addresses registry.
2026-04-29T00:31:38.171+0300 [DEBUG] [org.gradle.cache.internal.DefaultFileLockManager] Releasing lock on daemon addresses registry.
2026-04-29T00:31:39.219+0300 [DEBUG] [org.gradle.process.internal.health.memory.DefaultMemoryManager] 1855869747 virtual memory requested, 1514852352 free
2026-04-29T00:31:39.220+0300 [DEBUG] [org.gradle.workers.internal.WorkerDaemonExpiration] Will attempt to release 1769 of memory
2026-04-29T00:31:39.220+0300 [DEBUG] [org.gradle.process.internal.health.memory.DefaultMemoryManager] 1855869747 virtual memory requested, 0 released, 1514852352 free
2026-04-29T00:31:44.221+0300 [DEBUG] [org.gradle.process.internal.health.memory.DefaultMemoryManager] 1855869747 virtual memory requested, 1518804992 free
2026-04-29T00:31:44.221+0300 [DEBUG] [org.gradle.workers.internal.WorkerDaemonExpiration] Will attempt to release 1769 of memory
2026-04-29T00:31:44.221+0300 [DEBUG] [org.gradle.process.internal.health.memory.DefaultMemoryManager] 1855869747 virtual memory requested, 0 released, 1518804992 free
2026-04-29T00:31:48.155+0300 [DEBUG] [org.gradle.cache.internal.DefaultFileLockManager] Waiting to acquire shared lock on daemon addresses registry.
2026-04-29T00:31:48.155+0300 [DEBUG] [org.gradle.cache.internal.DefaultFileLockManager] Lock acquired on daemon addresses registry.
2026-04-29T00:31:48.155+0300 [DEBUG] [org.gradle.cache.internal.DefaultFileLockManager] Releasing lock on daemon addresses registry.
2026-04-29T00:31:48.157+0300 [DEBUG] [org.gradle.cache.internal.DefaultFileLockManager] Waiting to acquire shared lock on daemon addresses registry.
2026-04-29T00:31:48.157+0300 [DEBUG] [org.gradle.cache.internal.DefaultFileLockManager] Lock acquired on daemon addresses registry.
2026-04-29T00:31:48.157+0300 [DEBUG] [org.gradle.cache.internal.DefaultFileLockManager] Releasing lock on daemon addresses registry.
2026-04-29T00:31:48.159+0300 [DEBUG] [org.gradle.cache.internal.DefaultFileLockManager] Waiting to acquire shared lock on daemon addresses registry.
2026-04-29T00:31:48.159+0300 [DEBUG] [org.gradle.cache.internal.DefaultFileLockManager] Lock acquired on daemon addresses registry.
2026-04-29T00:31:48.160+0300 [DEBUG] [org.gradle.cache.internal.DefaultFileLockManager] Releasing lock on daemon addresses registry.
2026-04-29T00:31:49.220+0300 [DEBUG] [org.gradle.process.internal.health.memory.DefaultMemoryManager] 1855869747 virtual memory requested, 1518108672 free
2026-04-29T00:31:49.220+0300 [DEBUG] [org.gradle.workers.internal.WorkerDaemonExpiration] Will attempt to release 1769 of memory
2026-04-29T00:31:49.221+0300 [DEBUG] [org.gradle.process.internal.health.memory.DefaultMemoryManager] 1855869747 virtual memory requested, 0 released, 1518108672 free
2026-04-29T00:31:54.220+0300 [DEBUG] [org.gradle.process.internal.health.memory.DefaultMemoryManager] 1855869747 virtual memory requested, 1519394816 free
2026-04-29T00:31:54.220+0300 [DEBUG] [org.gradle.workers.internal.WorkerDaemonExpiration] Will attempt to release 1769 of memory
2026-04-29T00:31:54.220+0300 [DEBUG] [org.gradle.process.internal.health.memory.DefaultMemoryManager] 1855869747 virtual memory requested, 0 released, 1519394816 free
2026-04-29T00:31:58.157+0300 [DEBUG] [org.gradle.cache.internal.DefaultFileLockManager] Waiting to acquire shared lock on daemon addresses registry.
2026-04-29T00:31:58.157+0300 [DEBUG] [org.gradle.cache.internal.DefaultFileLockManager] Lock acquired on daemon addresses registry.
2026-04-29T00:31:58.157+0300 [DEBUG] [org.gradle.cache.internal.DefaultFileLockManager] Releasing lock on daemon addresses registry.
2026-04-29T00:31:58.160+0300 [DEBUG] [org.gradle.cache.internal.DefaultFileLockManager] Waiting to acquire shared lock on daemon addresses registry.
2026-04-29T00:31:58.161+0300 [DEBUG] [org.gradle.cache.internal.DefaultFileLockManager] Lock acquired on daemon addresses registry.
2026-04-29T00:31:58.161+0300 [DEBUG] [org.gradle.cache.internal.DefaultFileLockManager] Releasing lock on daemon addresses registry.
2026-04-29T00:31:58.164+0300 [DEBUG] [org.gradle.cache.internal.DefaultFileLockManager] Waiting to acquire shared lock on daemon addresses registry.
2026-04-29T00:31:58.164+0300 [DEBUG] [org.gradle.cache.internal.DefaultFileLockManager] Lock acquired on daemon addresses registry.
2026-04-29T00:31:58.164+0300 [DEBUG] [org.gradle.cache.internal.DefaultFileLockManager] Releasing lock on daemon addresses registry.
2026-04-29T00:31:59.221+0300 [DEBUG] [org.gradle.process.internal.health.memory.DefaultMemoryManager] 1855869747 virtual memory requested, 1517805568 free
2026-04-29T00:31:59.226+0300 [DEBUG] [org.gradle.workers.internal.WorkerDaemonExpiration] Will attempt to release 1769 of memory
2026-04-29T00:31:59.227+0300 [DEBUG] [org.gradle.process.internal.health.memory.DefaultMemoryManager] 1855869747 virtual memory requested, 0 released, 1517805568 free
2026-04-29T00:32:04.221+0300 [DEBUG] [org.gradle.process.internal.health.memory.DefaultMemoryManager] 1855869747 virtual memory requested, 1520046080 free
2026-04-29T00:32:04.221+0300 [DEBUG] [org.gradle.workers.internal.WorkerDaemonExpiration] Will attempt to release 1769 of memory
2026-04-29T00:32:04.221+0300 [DEBUG] [org.gradle.process.internal.health.memory.DefaultMemoryManager] 1855869747 virtual memory requested, 0 released, 1520046080 free
2026-04-29T00:32:08.158+0300 [DEBUG] [org.gradle.cache.internal.DefaultFileLockManager] Waiting to acquire shared lock on daemon addresses registry.
2026-04-29T00:32:08.158+0300 [DEBUG] [org.gradle.cache.internal.DefaultFileLockManager] Lock acquired on daemon addresses registry.
2026-04-29T00:32:08.159+0300 [DEBUG] [org.gradle.cache.internal.DefaultFileLockManager] Releasing lock on daemon addresses registry.
2026-04-29T00:32:08.164+0300 [DEBUG] [org.gradle.cache.internal.DefaultFileLockManager] Waiting to acquire shared lock on daemon addresses registry.
2026-04-29T00:32:08.165+0300 [DEBUG] [org.gradle.cache.internal.DefaultFileLockManager] Lock acquired on daemon addresses registry.
2026-04-29T00:32:08.166+0300 [DEBUG] [org.gradle.cache.internal.DefaultFileLockManager] Releasing lock on daemon addresses registry.
2026-04-29T00:32:08.168+0300 [DEBUG] [org.gradle.cache.internal.DefaultFileLockManager] Waiting to acquire shared lock on daemon addresses registry.
2026-04-29T00:32:08.169+0300 [DEBUG] [org.gradle.cache.internal.DefaultFileLockManager] Lock acquired on daemon addresses registry.
2026-04-29T00:32:08.169+0300 [DEBUG] [org.gradle.cache.internal.DefaultFileLockManager] Releasing lock on daemon addresses registry.
2026-04-29T00:32:09.221+0300 [DEBUG] [org.gradle.process.internal.health.memory.DefaultMemoryManager] 1855869747 virtual memory requested, 1518522368 free
2026-04-29T00:32:09.263+0300 [DEBUG] [org.gradle.workers.internal.WorkerDaemonExpiration] Will attempt to release 1769 of memory
2026-04-29T00:32:09.263+0300 [DEBUG] [org.gradle.process.internal.health.memory.DefaultMemoryManager] 1855869747 virtual memory requested, 0 released, 1518522368 free
2026-04-29T00:32:14.221+0300 [DEBUG] [org.gradle.process.internal.health.memory.DefaultMemoryManager] 1855869747 virtual memory requested, 1520852992 free
2026-04-29T00:32:14.221+0300 [DEBUG] [org.gradle.workers.internal.WorkerDaemonExpiration] Will attempt to release 1769 of memory
2026-04-29T00:32:14.221+0300 [DEBUG] [org.gradle.process.internal.health.memory.DefaultMemoryManager] 1855869747 virtual memory requested, 0 released, 1520852992 free
2026-04-29T00:32:18.157+0300 [DEBUG] [org.gradle.cache.internal.DefaultFileLockManager] Waiting to acquire shared lock on daemon addresses registry.
2026-04-29T00:32:18.157+0300 [DEBUG] [org.gradle.cache.internal.DefaultFileLockManager] Lock acquired on daemon addresses registry.
2026-04-29T00:32:18.158+0300 [DEBUG] [org.gradle.cache.internal.DefaultFileLockManager] Releasing lock on daemon addresses registry.
2026-04-29T00:32:18.164+0300 [DEBUG] [org.gradle.cache.internal.DefaultFileLockManager] Waiting to acquire shared lock on daemon addresses registry.
2026-04-29T00:32:18.164+0300 [DEBUG] [org.gradle.cache.internal.DefaultFileLockManager] Lock acquired on daemon addresses registry.
2026-04-29T00:32:18.165+0300 [DEBUG] [org.gradle.cache.internal.DefaultFileLockManager] Releasing lock on daemon addresses registry.
2026-04-29T00:32:18.168+0300 [DEBUG] [org.gradle.cache.internal.DefaultFileLockManager] Waiting to acquire shared lock on daemon addresses registry.
2026-04-29T00:32:18.169+0300 [DEBUG] [org.gradle.cache.internal.DefaultFileLockManager] Lock acquired on daemon addresses registry.
2026-04-29T00:32:18.170+0300 [DEBUG] [org.gradle.cache.internal.DefaultFileLockManager] Releasing lock on daemon addresses registry.
2026-04-29T00:32:19.220+0300 [DEBUG] [org.gradle.process.internal.health.memory.DefaultMemoryManager] 1855869747 virtual memory requested, 1521340416 free
2026-04-29T00:32:19.220+0300 [DEBUG] [org.gradle.workers.internal.WorkerDaemonExpiration] Will attempt to release 1769 of memory
2026-04-29T00:32:19.221+0300 [DEBUG] [org.gradle.process.internal.health.memory.DefaultMemoryManager] 1855869747 virtual memory requested, 0 released, 1521340416 free
2026-04-29T00:32:24.221+0300 [DEBUG] [org.gradle.process.internal.health.memory.DefaultMemoryManager] 1855869747 virtual memory requested, 1519190016 free
2026-04-29T00:32:24.222+0300 [DEBUG] [org.gradle.workers.internal.WorkerDaemonExpiration] Will attempt to release 1769 of memory
2026-04-29T00:32:24.222+0300 [DEBUG] [org.gradle.process.internal.health.memory.DefaultMemoryManager] 1855869747 virtual memory requested, 0 released, 1519190016 free
2026-04-29T00:32:28.156+0300 [DEBUG] [org.gradle.cache.internal.DefaultFileLockManager] Waiting to acquire shared lock on daemon addresses registry.
2026-04-29T00:32:28.156+0300 [DEBUG] [org.gradle.cache.internal.DefaultFileLockManager] Lock acquired on daemon addresses registry.
2026-04-29T00:32:28.157+0300 [DEBUG] [org.gradle.cache.internal.DefaultFileLockManager] Releasing lock on daemon addresses registry.
2026-04-29T00:32:28.159+0300 [DEBUG] [org.gradle.cache.internal.DefaultFileLockManager] Waiting to acquire shared lock on daemon addresses registry.
2026-04-29T00:32:28.160+0300 [DEBUG] [org.gradle.cache.internal.DefaultFileLockManager] Lock acquired on daemon addresses registry.
2026-04-29T00:32:28.160+0300 [DEBUG] [org.gradle.cache.internal.DefaultFileLockManager] Releasing lock on daemon addresses registry.
2026-04-29T00:32:28.163+0300 [DEBUG] [org.gradle.cache.internal.DefaultFileLockManager] Waiting to acquire shared lock on daemon addresses registry.
2026-04-29T00:32:28.163+0300 [DEBUG] [org.gradle.cache.internal.DefaultFileLockManager] Lock acquired on daemon addresses registry.
2026-04-29T00:32:28.164+0300 [DEBUG] [org.gradle.cache.internal.DefaultFileLockManager] Releasing lock on daemon addresses registry.
2026-04-29T00:32:29.220+0300 [DEBUG] [org.gradle.process.internal.health.memory.DefaultMemoryManager] 1855869747 virtual memory requested, 1517821952 free
2026-04-29T00:32:29.220+0300 [DEBUG] [org.gradle.workers.internal.WorkerDaemonExpiration] Will attempt to release 1769 of memory
2026-04-29T00:32:29.221+0300 [DEBUG] [org.gradle.process.internal.health.memory.DefaultMemoryManager] 1855869747 virtual memory requested, 0 released, 1517821952 free
2026-04-29T00:32:32.159+0300 [DEBUG] [sun.rmi.client.ref] RMI RenewClean-[127.0.0.1:17764,org.jetbrains.kotlin.daemon.common.LoopbackNetworkInterface$ClientLoopbackSocketFactory@6ad31d9c]: get connection
2026-04-29T00:32:32.159+0300 [DEBUG] [sun.rmi.transport.tcp] RMI RenewClean-[127.0.0.1:17764,org.jetbrains.kotlin.daemon.common.LoopbackNetworkInterface$ClientLoopbackSocketFactory@6ad31d9c]: create connection
2026-04-29T00:32:32.168+0300 [DEBUG] [sun.rmi.loader] RMI RenewClean-[127.0.0.1:17764,org.jetbrains.kotlin.daemon.common.LoopbackNetworkInterface$ClientLoopbackSocketFactory@6ad31d9c]: name = "java.rmi.dgc.Lease", codebase = "", defaultLoader = jdk.internal.loader.ClassLoaders$PlatformClassLoader@2b21322
2026-04-29T00:32:32.169+0300 [DEBUG] [sun.rmi.loader] RMI RenewClean-[127.0.0.1:17764,org.jetbrains.kotlin.daemon.common.LoopbackNetworkInterface$ClientLoopbackSocketFactory@6ad31d9c]: name = "java.rmi.dgc.VMID", codebase = "", defaultLoader = jdk.internal.loader.ClassLoaders$PlatformClassLoader@2b21322
2026-04-29T00:32:32.170+0300 [DEBUG] [sun.rmi.loader] RMI RenewClean-[127.0.0.1:17764,org.jetbrains.kotlin.daemon.common.LoopbackNetworkInterface$ClientLoopbackSocketFactory@6ad31d9c]: name = "[B", codebase = "", defaultLoader = jdk.internal.loader.ClassLoaders$PlatformClassLoader@2b21322
2026-04-29T00:32:32.171+0300 [DEBUG] [sun.rmi.loader] RMI RenewClean-[127.0.0.1:17764,org.jetbrains.kotlin.daemon.common.LoopbackNetworkInterface$ClientLoopbackSocketFactory@6ad31d9c]: name = "java.rmi.server.UID", codebase = "", defaultLoader = jdk.internal.loader.ClassLoaders$PlatformClassLoader@2b21322
2026-04-29T00:32:32.171+0300 [DEBUG] [sun.rmi.client.ref] RMI RenewClean-[127.0.0.1:17764,org.jetbrains.kotlin.daemon.common.LoopbackNetworkInterface$ClientLoopbackSocketFactory@6ad31d9c]: free connection (reuse = true)
2026-04-29T00:32:32.172+0300 [DEBUG] [sun.rmi.transport.tcp] RMI RenewClean-[127.0.0.1:17764,org.jetbrains.kotlin.daemon.common.LoopbackNetworkInterface$ClientLoopbackSocketFactory@6ad31d9c]: reuse connection
2026-04-29T00:32:32.172+0300 [DEBUG] [sun.rmi.transport.tcp] RMI RenewClean-[127.0.0.1:17764,org.jetbrains.kotlin.daemon.common.LoopbackNetworkInterface$ClientLoopbackSocketFactory@6ad31d9c]: create reaper
2026-04-29T00:32:32.193+0300 [DEBUG] [sun.rmi.transport.tcp] RMI TCP Connection(16)-127.0.0.1: accepted socket from [127.0.0.1:57328]
2026-04-29T00:32:32.194+0300 [DEBUG] [sun.rmi.transport.tcp] RMI TCP Connection(16)-127.0.0.1: (port 56662) op = 80
2026-04-29T00:32:32.195+0300 [DEBUG] [sun.rmi.loader] RMI TCP Connection(16)-127.0.0.1: name = "[Ljava.rmi.server.ObjID;", codebase = "", defaultLoader = jdk.internal.loader.ClassLoaders$PlatformClassLoader@2b21322
2026-04-29T00:32:32.196+0300 [DEBUG] [sun.rmi.loader] RMI TCP Connection(16)-127.0.0.1: name = "java.rmi.dgc.Lease", codebase = "", defaultLoader = jdk.internal.loader.ClassLoaders$PlatformClassLoader@2b21322
2026-04-29T00:32:32.196+0300 [DEBUG] [sun.rmi.loader] RMI TCP Connection(16)-127.0.0.1: name = "java.rmi.dgc.VMID", codebase = "", defaultLoader = jdk.internal.loader.ClassLoaders$PlatformClassLoader@2b21322
2026-04-29T00:32:32.197+0300 [DEBUG] [sun.rmi.loader] RMI TCP Connection(16)-127.0.0.1: name = "[B", codebase = "", defaultLoader = jdk.internal.loader.ClassLoaders$PlatformClassLoader@2b21322
2026-04-29T00:32:32.198+0300 [DEBUG] [sun.rmi.loader] RMI TCP Connection(16)-127.0.0.1: name = "java.rmi.server.UID", codebase = "", defaultLoader = jdk.internal.loader.ClassLoaders$PlatformClassLoader@2b21322
2026-04-29T00:32:34.221+0300 [DEBUG] [org.gradle.process.internal.health.memory.DefaultMemoryManager] 1855869747 virtual memory requested, 1524359168 free
2026-04-29T00:32:34.221+0300 [DEBUG] [org.gradle.workers.internal.WorkerDaemonExpiration] Will attempt to release 1769 of memory
2026-04-29T00:32:34.221+0300 [DEBUG] [org.gradle.process.internal.health.memory.DefaultMemoryManager] 1855869747 virtual memory requested, 0 released, 1524359168 free
2026-04-29T00:32:38.157+0300 [DEBUG] [org.gradle.cache.internal.DefaultFileLockManager] Waiting to acquire shared lock on daemon addresses registry.
2026-04-29T00:32:38.157+0300 [DEBUG] [org.gradle.cache.internal.DefaultFileLockManager] Lock acquired on daemon addresses registry.
2026-04-29T00:32:38.157+0300 [DEBUG] [org.gradle.cache.internal.DefaultFileLockManager] Releasing lock on daemon addresses registry.
2026-04-29T00:32:38.160+0300 [DEBUG] [org.gradle.cache.internal.DefaultFileLockManager] Waiting to acquire shared lock on daemon addresses registry.
2026-04-29T00:32:38.160+0300 [DEBUG] [org.gradle.cache.internal.DefaultFileLockManager] Lock acquired on daemon addresses registry.
2026-04-29T00:32:38.161+0300 [DEBUG] [org.gradle.cache.internal.DefaultFileLockManager] Releasing lock on daemon addresses registry.
2026-04-29T00:32:38.162+0300 [DEBUG] [org.gradle.cache.internal.DefaultFileLockManager] Waiting to acquire shared lock on daemon addresses registry.
2026-04-29T00:32:38.162+0300 [DEBUG] [org.gradle.cache.internal.DefaultFileLockManager] Lock acquired on daemon addresses registry.
2026-04-29T00:32:38.163+0300 [DEBUG] [org.gradle.cache.internal.DefaultFileLockManager] Releasing lock on daemon addresses registry.
2026-04-29T00:32:39.222+0300 [DEBUG] [org.gradle.process.internal.health.memory.DefaultMemoryManager] 1855869747 virtual memory requested, 1524449280 free
2026-04-29T00:32:39.223+0300 [DEBUG] [org.gradle.workers.internal.WorkerDaemonExpiration] Will attempt to release 1769 of memory
2026-04-29T00:32:39.223+0300 [DEBUG] [org.gradle.process.internal.health.memory.DefaultMemoryManager] 1855869747 virtual memory requested, 0 released, 1524449280 free
2026-04-29T00:32:44.222+0300 [DEBUG] [org.gradle.process.internal.health.memory.DefaultMemoryManager] 1855869747 virtual memory requested, 1525673984 free
2026-04-29T00:32:44.222+0300 [DEBUG] [org.gradle.workers.internal.WorkerDaemonExpiration] Will attempt to release 1769 of memory
2026-04-29T00:32:44.222+0300 [DEBUG] [org.gradle.process.internal.health.memory.DefaultMemoryManager] 1855869747 virtual memory requested, 0 released, 1525673984 free
2026-04-29T00:32:47.174+0300 [DEBUG] [sun.rmi.transport.tcp] RMI Scheduler(0): close connection, socket: Socket[addr=localhost/127.0.0.1,port=17764,localport=57327]
2026-04-29T00:32:47.202+0300 [DEBUG] [sun.rmi.transport.tcp] RMI TCP Connection(16)-127.0.0.1: (port 56662) connection closed
2026-04-29T00:32:47.203+0300 [DEBUG] [sun.rmi.transport.tcp] RMI TCP Connection(16)-127.0.0.1: close connection, socket: Socket[addr=/127.0.0.1,port=57328,localport=56662]
2026-04-29T00:32:47.204+0300 [DEBUG] [sun.rmi.transport.tcp] RMI TCP Connection(16)-127.0.0.1: socket close: Socket[addr=/127.0.0.1,port=57328,localport=56662]
2026-04-29T00:32:48.157+0300 [DEBUG] [org.gradle.cache.internal.DefaultFileLockManager] Waiting to acquire shared lock on daemon addresses registry.
2026-04-29T00:32:48.158+0300 [DEBUG] [org.gradle.cache.internal.DefaultFileLockManager] Lock acquired on daemon addresses registry.
2026-04-29T00:32:48.158+0300 [DEBUG] [org.gradle.cache.internal.DefaultFileLockManager] Releasing lock on daemon addresses registry.
2026-04-29T00:32:48.161+0300 [DEBUG] [org.gradle.cache.internal.DefaultFileLockManager] Waiting to acquire shared lock on daemon addresses registry.
2026-04-29T00:32:48.161+0300 [DEBUG] [org.gradle.cache.internal.DefaultFileLockManager] Lock acquired on daemon addresses registry.
2026-04-29T00:32:48.162+0300 [DEBUG] [org.gradle.cache.internal.DefaultFileLockManager] Releasing lock on daemon addresses registry.
2026-04-29T00:32:48.164+0300 [DEBUG] [org.gradle.cache.internal.DefaultFileLockManager] Waiting to acquire shared lock on daemon addresses registry.
2026-04-29T00:32:48.164+0300 [DEBUG] [org.gradle.cache.internal.DefaultFileLockManager] Lock acquired on daemon addresses registry.
2026-04-29T00:32:48.164+0300 [DEBUG] [org.gradle.cache.internal.DefaultFileLockManager] Releasing lock on daemon addresses registry.
2026-04-29T00:32:49.221+0300 [DEBUG] [org.gradle.process.internal.health.memory.DefaultMemoryManager] 1855869747 virtual memory requested, 1528102912 free
2026-04-29T00:32:49.221+0300 [DEBUG] [org.gradle.workers.internal.WorkerDaemonExpiration] Will attempt to release 1769 of memory
2026-04-29T00:32:49.221+0300 [DEBUG] [org.gradle.process.internal.health.memory.DefaultMemoryManager] 1855869747 virtual memory requested, 0 released, 1528102912 free
2026-04-29T00:32:54.221+0300 [DEBUG] [org.gradle.process.internal.health.memory.DefaultMemoryManager] 1855869747 virtual memory requested, 1529892864 free
2026-04-29T00:32:54.221+0300 [DEBUG] [org.gradle.workers.internal.WorkerDaemonExpiration] Will attempt to release 1769 of memory
2026-04-29T00:32:54.221+0300 [DEBUG] [org.gradle.process.internal.health.memory.DefaultMemoryManager] 1855869747 virtual memory requested, 0 released, 1529892864 free
2026-04-29T00:32:58.157+0300 [DEBUG] [org.gradle.cache.internal.DefaultFileLockManager] Waiting to acquire shared lock on daemon addresses registry.
2026-04-29T00:32:58.157+0300 [DEBUG] [org.gradle.cache.internal.DefaultFileLockManager] Lock acquired on daemon addresses registry.
2026-04-29T00:32:58.157+0300 [DEBUG] [org.gradle.cache.internal.DefaultFileLockManager] Releasing lock on daemon addresses registry.
2026-04-29T00:32:58.159+0300 [DEBUG] [org.gradle.cache.internal.DefaultFileLockManager] Waiting to acquire shared lock on daemon addresses registry.
2026-04-29T00:32:58.159+0300 [DEBUG] [org.gradle.cache.internal.DefaultFileLockManager] Lock acquired on daemon addresses registry.
2026-04-29T00:32:58.160+0300 [DEBUG] [org.gradle.cache.internal.DefaultFileLockManager] Releasing lock on daemon addresses registry.
2026-04-29T00:32:58.162+0300 [DEBUG] [org.gradle.cache.internal.DefaultFileLockManager] Waiting to acquire shared lock on daemon addresses registry.
2026-04-29T00:32:58.162+0300 [DEBUG] [org.gradle.cache.internal.DefaultFileLockManager] Lock acquired on daemon addresses registry.
2026-04-29T00:32:58.163+0300 [DEBUG] [org.gradle.cache.internal.DefaultFileLockManager] Releasing lock on daemon addresses registry.
2026-04-29T00:32:59.223+0300 [DEBUG] [org.gradle.process.internal.health.memory.DefaultMemoryManager] 1855869747 virtual memory requested, 1529339904 free
2026-04-29T00:32:59.223+0300 [DEBUG] [org.gradle.workers.internal.WorkerDaemonExpiration] Will attempt to release 1769 of memory
2026-04-29T00:32:59.223+0300 [DEBUG] [org.gradle.process.internal.health.memory.DefaultMemoryManager] 1855869747 virtual memory requested, 0 released, 1529339904 free
2026-04-29T00:33:04.222+0300 [DEBUG] [org.gradle.process.internal.health.memory.DefaultMemoryManager] 1855869747 virtual memory requested, 1529274368 free
2026-04-29T00:33:04.222+0300 [DEBUG] [org.gradle.workers.internal.WorkerDaemonExpiration] Will attempt to release 1769 of memory
2026-04-29T00:33:04.222+0300 [DEBUG] [org.gradle.process.internal.health.memory.DefaultMemoryManager] 1855869747 virtual memory requested, 0 released, 1529274368 free
2026-04-29T00:33:08.157+0300 [DEBUG] [org.gradle.cache.internal.DefaultFileLockManager] Waiting to acquire shared lock on daemon addresses registry.
2026-04-29T00:33:08.157+0300 [DEBUG] [org.gradle.cache.internal.DefaultFileLockManager] Lock acquired on daemon addresses registry.
2026-04-29T00:33:08.158+0300 [DEBUG] [org.gradle.cache.internal.DefaultFileLockManager] Releasing lock on daemon addresses registry.
2026-04-29T00:33:08.160+0300 [DEBUG] [org.gradle.cache.internal.DefaultFileLockManager] Waiting to acquire shared lock on daemon addresses registry.
2026-04-29T00:33:08.160+0300 [DEBUG] [org.gradle.cache.internal.DefaultFileLockManager] Lock acquired on daemon addresses registry.
2026-04-29T00:33:08.161+0300 [DEBUG] [org.gradle.cache.internal.DefaultFileLockManager] Releasing lock on daemon addresses registry.
2026-04-29T00:33:08.162+0300 [DEBUG] [org.gradle.cache.internal.DefaultFileLockManager] Waiting to acquire shared lock on daemon addresses registry.
2026-04-29T00:33:08.163+0300 [DEBUG] [org.gradle.cache.internal.DefaultFileLockManager] Lock acquired on daemon addresses registry.
2026-04-29T00:33:08.163+0300 [DEBUG] [org.gradle.cache.internal.DefaultFileLockManager] Releasing lock on daemon addresses registry.
2026-04-29T00:33:09.222+0300 [DEBUG] [org.gradle.process.internal.health.memory.DefaultMemoryManager] 1855869747 virtual memory requested, 1527840768 free
2026-04-29T00:33:09.222+0300 [DEBUG] [org.gradle.workers.internal.WorkerDaemonExpiration] Will attempt to release 1769 of memory
2026-04-29T00:33:09.223+0300 [DEBUG] [org.gradle.process.internal.health.memory.DefaultMemoryManager] 1855869747 virtual memory requested, 0 released, 1527840768 free
2026-04-29T00:33:14.222+0300 [DEBUG] [org.gradle.process.internal.health.memory.DefaultMemoryManager] 1855869747 virtual memory requested, 1529757696 free
2026-04-29T00:33:14.222+0300 [DEBUG] [org.gradle.workers.internal.WorkerDaemonExpiration] Will attempt to release 1769 of memory
2026-04-29T00:33:14.222+0300 [DEBUG] [org.gradle.process.internal.health.memory.DefaultMemoryManager] 1855869747 virtual memory requested, 0 released, 1529757696 free
2026-04-29T00:33:18.158+0300 [DEBUG] [org.gradle.cache.internal.DefaultFileLockManager] Waiting to acquire shared lock on daemon addresses registry.
2026-04-29T00:33:18.158+0300 [DEBUG] [org.gradle.cache.internal.DefaultFileLockManager] Lock acquired on daemon addresses registry.
2026-04-29T00:33:18.159+0300 [DEBUG] [org.gradle.cache.internal.DefaultFileLockManager] Releasing lock on daemon addresses registry.
2026-04-29T00:33:18.161+0300 [DEBUG] [org.gradle.cache.internal.DefaultFileLockManager] Waiting to acquire shared lock on daemon addresses registry.
2026-04-29T00:33:18.161+0300 [DEBUG] [org.gradle.cache.internal.DefaultFileLockManager] Lock acquired on daemon addresses registry.
2026-04-29T00:33:18.162+0300 [DEBUG] [org.gradle.cache.internal.DefaultFileLockManager] Releasing lock on daemon addresses registry.
2026-04-29T00:33:18.165+0300 [DEBUG] [org.gradle.cache.internal.DefaultFileLockManager] Waiting to acquire shared lock on daemon addresses registry.
2026-04-29T00:33:18.166+0300 [DEBUG] [org.gradle.cache.internal.DefaultFileLockManager] Lock acquired on daemon addresses registry.
2026-04-29T00:33:18.166+0300 [DEBUG] [org.gradle.cache.internal.DefaultFileLockManager] Releasing lock on daemon addresses registry.
2026-04-29T00:33:19.221+0300 [DEBUG] [org.gradle.process.internal.health.memory.DefaultMemoryManager] 1855869747 virtual memory requested, 1523470336 free
2026-04-29T00:33:19.221+0300 [DEBUG] [org.gradle.workers.internal.WorkerDaemonExpiration] Will attempt to release 1769 of memory
2026-04-29T00:33:19.221+0300 [DEBUG] [org.gradle.process.internal.health.memory.DefaultMemoryManager] 1855869747 virtual memory requested, 0 released, 1523470336 free
2026-04-29T00:33:24.221+0300 [DEBUG] [org.gradle.process.internal.health.memory.DefaultMemoryManager] 1855869747 virtual memory requested, 1524002816 free
2026-04-29T00:33:24.221+0300 [DEBUG] [org.gradle.workers.internal.WorkerDaemonExpiration] Will attempt to release 1769 of memory
2026-04-29T00:33:24.221+0300 [DEBUG] [org.gradle.process.internal.health.memory.DefaultMemoryManager] 1855869747 virtual memory requested, 0 released, 1524002816 free
2026-04-29T00:33:28.158+0300 [DEBUG] [org.gradle.cache.internal.DefaultFileLockManager] Waiting to acquire shared lock on daemon addresses registry.
2026-04-29T00:33:28.158+0300 [DEBUG] [org.gradle.cache.internal.DefaultFileLockManager] Lock acquired on daemon addresses registry.
2026-04-29T00:33:28.159+0300 [DEBUG] [org.gradle.cache.internal.DefaultFileLockManager] Releasing lock on daemon addresses registry.
2026-04-29T00:33:28.164+0300 [DEBUG] [org.gradle.cache.internal.DefaultFileLockManager] Waiting to acquire shared lock on daemon addresses registry.
2026-04-29T00:33:28.164+0300 [DEBUG] [org.gradle.cache.internal.DefaultFileLockManager] Lock acquired on daemon addresses registry.
2026-04-29T00:33:28.165+0300 [DEBUG] [org.gradle.cache.internal.DefaultFileLockManager] Releasing lock on daemon addresses registry.
2026-04-29T00:33:28.169+0300 [DEBUG] [org.gradle.cache.internal.DefaultFileLockManager] Waiting to acquire shared lock on daemon addresses registry.
2026-04-29T00:33:28.169+0300 [DEBUG] [org.gradle.cache.internal.DefaultFileLockManager] Lock acquired on daemon addresses registry.
2026-04-29T00:33:28.170+0300 [DEBUG] [org.gradle.cache.internal.DefaultFileLockManager] Releasing lock on daemon addresses registry.
2026-04-29T00:33:29.221+0300 [DEBUG] [org.gradle.process.internal.health.memory.DefaultMemoryManager] 1855869747 virtual memory requested, 1526407168 free
2026-04-29T00:33:29.222+0300 [DEBUG] [org.gradle.workers.internal.WorkerDaemonExpiration] Will attempt to release 1769 of memory
2026-04-29T00:33:29.222+0300 [DEBUG] [org.gradle.process.internal.health.memory.DefaultMemoryManager] 1855869747 virtual memory requested, 0 released, 1526407168 free
2026-04-29T00:33:34.222+0300 [DEBUG] [org.gradle.process.internal.health.memory.DefaultMemoryManager] 1855869747 virtual memory requested, 1525243904 free
2026-04-29T00:33:34.222+0300 [DEBUG] [org.gradle.workers.internal.WorkerDaemonExpiration] Will attempt to release 1769 of memory
2026-04-29T00:33:34.222+0300 [DEBUG] [org.gradle.process.internal.health.memory.DefaultMemoryManager] 1855869747 virtual memory requested, 0 released, 1525243904 free
2026-04-29T00:33:38.158+0300 [DEBUG] [org.gradle.cache.internal.DefaultFileLockManager] Waiting to acquire shared lock on daemon addresses registry.
2026-04-29T00:33:38.158+0300 [DEBUG] [org.gradle.cache.internal.DefaultFileLockManager] Lock acquired on daemon addresses registry.
2026-04-29T00:33:38.159+0300 [DEBUG] [org.gradle.cache.internal.DefaultFileLockManager] Releasing lock on daemon addresses registry.
2026-04-29T00:33:38.161+0300 [DEBUG] [org.gradle.cache.internal.DefaultFileLockManager] Waiting to acquire shared lock on daemon addresses registry.
2026-04-29T00:33:38.161+0300 [DEBUG] [org.gradle.cache.internal.DefaultFileLockManager] Lock acquired on daemon addresses registry.
2026-04-29T00:33:38.162+0300 [DEBUG] [org.gradle.cache.internal.DefaultFileLockManager] Releasing lock on daemon addresses registry.
2026-04-29T00:33:38.164+0300 [DEBUG] [org.gradle.cache.internal.DefaultFileLockManager] Waiting to acquire shared lock on daemon addresses registry.
2026-04-29T00:33:38.164+0300 [DEBUG] [org.gradle.cache.internal.DefaultFileLockManager] Lock acquired on daemon addresses registry.
2026-04-29T00:33:38.165+0300 [DEBUG] [org.gradle.cache.internal.DefaultFileLockManager] Releasing lock on daemon addresses registry.
2026-04-29T00:33:39.221+0300 [DEBUG] [org.gradle.process.internal.health.memory.DefaultMemoryManager] 1855869747 virtual memory requested, 1526214656 free
2026-04-29T00:33:39.221+0300 [DEBUG] [org.gradle.workers.internal.WorkerDaemonExpiration] Will attempt to release 1769 of memory
2026-04-29T00:33:39.221+0300 [DEBUG] [org.gradle.process.internal.health.memory.DefaultMemoryManager] 1855869747 virtual memory requested, 0 released, 1526214656 free
2026-04-29T00:33:44.221+0300 [DEBUG] [org.gradle.process.internal.health.memory.DefaultMemoryManager] 1855869747 virtual memory requested, 1524305920 free
2026-04-29T00:33:44.221+0300 [DEBUG] [org.gradle.workers.internal.WorkerDaemonExpiration] Will attempt to release 1769 of memory
2026-04-29T00:33:44.221+0300 [DEBUG] [org.gradle.process.internal.health.memory.DefaultMemoryManager] 1855869747 virtual memory requested, 0 released, 1524305920 free
2026-04-29T00:33:48.157+0300 [DEBUG] [org.gradle.cache.internal.DefaultFileLockManager] Waiting to acquire shared lock on daemon addresses registry.
2026-04-29T00:33:48.157+0300 [DEBUG] [org.gradle.cache.internal.DefaultFileLockManager] Lock acquired on daemon addresses registry.
2026-04-29T00:33:48.157+0300 [DEBUG] [org.gradle.cache.internal.DefaultFileLockManager] Releasing lock on daemon addresses registry.
2026-04-29T00:33:48.159+0300 [DEBUG] [org.gradle.cache.internal.DefaultFileLockManager] Waiting to acquire shared lock on daemon addresses registry.
2026-04-29T00:33:48.159+0300 [DEBUG] [org.gradle.cache.internal.DefaultFileLockManager] Lock acquired on daemon addresses registry.
2026-04-29T00:33:48.159+0300 [DEBUG] [org.gradle.cache.internal.DefaultFileLockManager] Releasing lock on daemon addresses registry.
2026-04-29T00:33:48.161+0300 [DEBUG] [org.gradle.cache.internal.DefaultFileLockManager] Waiting to acquire shared lock on daemon addresses registry.
2026-04-29T00:33:48.161+0300 [DEBUG] [org.gradle.cache.internal.DefaultFileLockManager] Lock acquired on daemon addresses registry.
2026-04-29T00:33:48.162+0300 [DEBUG] [org.gradle.cache.internal.DefaultFileLockManager] Releasing lock on daemon addresses registry.
2026-04-29T00:33:49.221+0300 [DEBUG] [org.gradle.process.internal.health.memory.DefaultMemoryManager] 1855869747 virtual memory requested, 1525940224 free
2026-04-29T00:33:49.221+0300 [DEBUG] [org.gradle.workers.internal.WorkerDaemonExpiration] Will attempt to release 1769 of memory
2026-04-29T00:33:49.222+0300 [DEBUG] [org.gradle.process.internal.health.memory.DefaultMemoryManager] 1855869747 virtual memory requested, 0 released, 1525940224 free
2026-04-29T00:33:54.223+0300 [DEBUG] [org.gradle.process.internal.health.memory.DefaultMemoryManager] 1855869747 virtual memory requested, 1528586240 free
2026-04-29T00:33:54.224+0300 [DEBUG] [org.gradle.workers.internal.WorkerDaemonExpiration] Will attempt to release 1769 of memory
2026-04-29T00:33:54.224+0300 [DEBUG] [org.gradle.process.internal.health.memory.DefaultMemoryManager] 1855869747 virtual memory requested, 0 released, 1528586240 free
2026-04-29T00:33:58.157+0300 [DEBUG] [org.gradle.cache.internal.DefaultFileLockManager] Waiting to acquire shared lock on daemon addresses registry.
2026-04-29T00:33:58.157+0300 [DEBUG] [org.gradle.cache.internal.DefaultFileLockManager] Lock acquired on daemon addresses registry.
2026-04-29T00:33:58.158+0300 [DEBUG] [org.gradle.cache.internal.DefaultFileLockManager] Releasing lock on daemon addresses registry.
2026-04-29T00:33:58.162+0300 [DEBUG] [org.gradle.cache.internal.DefaultFileLockManager] Waiting to acquire shared lock on daemon addresses registry.
2026-04-29T00:33:58.162+0300 [DEBUG] [org.gradle.cache.internal.DefaultFileLockManager] Lock acquired on daemon addresses registry.
2026-04-29T00:33:58.163+0300 [DEBUG] [org.gradle.cache.internal.DefaultFileLockManager] Releasing lock on daemon addresses registry.
2026-04-29T00:33:58.167+0300 [DEBUG] [org.gradle.cache.internal.DefaultFileLockManager] Waiting to acquire shared lock on daemon addresses registry.
2026-04-29T00:33:58.168+0300 [DEBUG] [org.gradle.cache.internal.DefaultFileLockManager] Lock acquired on daemon addresses registry.
2026-04-29T00:33:58.169+0300 [DEBUG] [org.gradle.cache.internal.DefaultFileLockManager] Releasing lock on daemon addresses registry.
2026-04-29T00:33:59.222+0300 [DEBUG] [org.gradle.process.internal.health.memory.DefaultMemoryManager] 1855869747 virtual memory requested, 1528045568 free
2026-04-29T00:33:59.222+0300 [DEBUG] [org.gradle.workers.internal.WorkerDaemonExpiration] Will attempt to release 1769 of memory
2026-04-29T00:33:59.222+0300 [DEBUG] [org.gradle.process.internal.health.memory.DefaultMemoryManager] 1855869747 virtual memory requested, 0 released, 1528045568 free
2026-04-29T00:34:04.223+0300 [DEBUG] [org.gradle.process.internal.health.memory.DefaultMemoryManager] 1855869747 virtual memory requested, 1529380864 free
2026-04-29T00:34:04.223+0300 [DEBUG] [org.gradle.workers.internal.WorkerDaemonExpiration] Will attempt to release 1769 of memory
2026-04-29T00:34:04.223+0300 [DEBUG] [org.gradle.process.internal.health.memory.DefaultMemoryManager] 1855869747 virtual memory requested, 0 released, 1529380864 free
2026-04-29T00:34:08.158+0300 [DEBUG] [org.gradle.cache.internal.DefaultFileLockManager] Waiting to acquire shared lock on daemon addresses registry.
2026-04-29T00:34:08.158+0300 [DEBUG] [org.gradle.cache.internal.DefaultFileLockManager] Lock acquired on daemon addresses registry.
2026-04-29T00:34:08.159+0300 [DEBUG] [org.gradle.cache.internal.DefaultFileLockManager] Releasing lock on daemon addresses registry.
2026-04-29T00:34:08.162+0300 [DEBUG] [org.gradle.cache.internal.DefaultFileLockManager] Waiting to acquire shared lock on daemon addresses registry.
2026-04-29T00:34:08.162+0300 [DEBUG] [org.gradle.cache.internal.DefaultFileLockManager] Lock acquired on daemon addresses registry.
2026-04-29T00:34:08.163+0300 [DEBUG] [org.gradle.cache.internal.DefaultFileLockManager] Releasing lock on daemon addresses registry.
2026-04-29T00:34:08.166+0300 [DEBUG] [org.gradle.cache.internal.DefaultFileLockManager] Waiting to acquire shared lock on daemon addresses registry.
2026-04-29T00:34:08.167+0300 [DEBUG] [org.gradle.cache.internal.DefaultFileLockManager] Lock acquired on daemon addresses registry.
2026-04-29T00:34:08.167+0300 [DEBUG] [org.gradle.cache.internal.DefaultFileLockManager] Releasing lock on daemon addresses registry.
2026-04-29T00:34:09.222+0300 [DEBUG] [org.gradle.process.internal.health.memory.DefaultMemoryManager] 1855869747 virtual memory requested, 1529683968 free
2026-04-29T00:34:09.222+0300 [DEBUG] [org.gradle.workers.internal.WorkerDaemonExpiration] Will attempt to release 1769 of memory
2026-04-29T00:34:09.223+0300 [DEBUG] [org.gradle.process.internal.health.memory.DefaultMemoryManager] 1855869747 virtual memory requested, 0 released, 1529683968 free
2026-04-29T00:34:14.223+0300 [DEBUG] [org.gradle.process.internal.health.memory.DefaultMemoryManager] 1855869747 virtual memory requested, 1533779968 free
2026-04-29T00:34:14.223+0300 [DEBUG] [org.gradle.workers.internal.WorkerDaemonExpiration] Will attempt to release 1769 of memory
2026-04-29T00:34:14.223+0300 [DEBUG] [org.gradle.process.internal.health.memory.DefaultMemoryManager] 1855869747 virtual memory requested, 0 released, 1533779968 free
2026-04-29T00:34:18.159+0300 [DEBUG] [org.gradle.cache.internal.DefaultFileLockManager] Waiting to acquire shared lock on daemon addresses registry.
2026-04-29T00:34:18.159+0300 [DEBUG] [org.gradle.cache.internal.DefaultFileLockManager] Lock acquired on daemon addresses registry.
2026-04-29T00:34:18.160+0300 [DEBUG] [org.gradle.cache.internal.DefaultFileLockManager] Releasing lock on daemon addresses registry.
2026-04-29T00:34:18.164+0300 [DEBUG] [org.gradle.cache.internal.DefaultFileLockManager] Waiting to acquire shared lock on daemon addresses registry.
2026-04-29T00:34:18.164+0300 [DEBUG] [org.gradle.cache.internal.DefaultFileLockManager] Lock acquired on daemon addresses registry.
2026-04-29T00:34:18.165+0300 [DEBUG] [org.gradle.cache.internal.DefaultFileLockManager] Releasing lock on daemon addresses registry.
2026-04-29T00:34:18.168+0300 [DEBUG] [org.gradle.cache.internal.DefaultFileLockManager] Waiting to acquire shared lock on daemon addresses registry.
2026-04-29T00:34:18.168+0300 [DEBUG] [org.gradle.cache.internal.DefaultFileLockManager] Lock acquired on daemon addresses registry.
2026-04-29T00:34:18.169+0300 [DEBUG] [org.gradle.cache.internal.DefaultFileLockManager] Releasing lock on daemon addresses registry.
2026-04-29T00:34:19.222+0300 [DEBUG] [org.gradle.process.internal.health.memory.DefaultMemoryManager] 1855869747 virtual memory requested, 1533067264 free
2026-04-29T00:34:19.222+0300 [DEBUG] [org.gradle.workers.internal.WorkerDaemonExpiration] Will attempt to release 1769 of memory
2026-04-29T00:34:19.222+0300 [DEBUG] [org.gradle.process.internal.health.memory.DefaultMemoryManager] 1855869747 virtual memory requested, 0 released, 1533067264 free
2026-04-29T00:34:24.222+0300 [DEBUG] [org.gradle.process.internal.health.memory.DefaultMemoryManager] 1855869747 virtual memory requested, 1537466368 free
2026-04-29T00:34:24.222+0300 [DEBUG] [org.gradle.workers.internal.WorkerDaemonExpiration] Will attempt to release 1769 of memory
2026-04-29T00:34:24.222+0300 [DEBUG] [org.gradle.process.internal.health.memory.DefaultMemoryManager] 1855869747 virtual memory requested, 0 released, 1537466368 free
2026-04-29T00:34:28.158+0300 [DEBUG] [org.gradle.cache.internal.DefaultFileLockManager] Waiting to acquire shared lock on daemon addresses registry.
2026-04-29T00:34:28.158+0300 [DEBUG] [org.gradle.cache.internal.DefaultFileLockManager] Lock acquired on daemon addresses registry.
2026-04-29T00:34:28.158+0300 [DEBUG] [org.gradle.cache.internal.DefaultFileLockManager] Releasing lock on daemon addresses registry.
2026-04-29T00:34:28.161+0300 [DEBUG] [org.gradle.cache.internal.DefaultFileLockManager] Waiting to acquire shared lock on daemon addresses registry.
2026-04-29T00:34:28.161+0300 [DEBUG] [org.gradle.cache.internal.DefaultFileLockManager] Lock acquired on daemon addresses registry.
2026-04-29T00:34:28.162+0300 [DEBUG] [org.gradle.cache.internal.DefaultFileLockManager] Releasing lock on daemon addresses registry.
2026-04-29T00:34:28.164+0300 [DEBUG] [org.gradle.cache.internal.DefaultFileLockManager] Waiting to acquire shared lock on daemon addresses registry.
2026-04-29T00:34:28.165+0300 [DEBUG] [org.gradle.cache.internal.DefaultFileLockManager] Lock acquired on daemon addresses registry.
2026-04-29T00:34:28.165+0300 [DEBUG] [org.gradle.cache.internal.DefaultFileLockManager] Releasing lock on daemon addresses registry.
2026-04-29T00:34:29.223+0300 [DEBUG] [org.gradle.process.internal.health.memory.DefaultMemoryManager] 1855869747 virtual memory requested, 1535676416 free
2026-04-29T00:34:29.223+0300 [DEBUG] [org.gradle.workers.internal.WorkerDaemonExpiration] Will attempt to release 1769 of memory
2026-04-29T00:34:29.223+0300 [DEBUG] [org.gradle.process.internal.health.memory.DefaultMemoryManager] 1855869747 virtual memory requested, 0 released, 1535676416 free
2026-04-29T00:34:34.222+0300 [DEBUG] [org.gradle.process.internal.health.memory.DefaultMemoryManager] 1855869747 virtual memory requested, 1533710336 free
2026-04-29T00:34:34.223+0300 [DEBUG] [org.gradle.workers.internal.WorkerDaemonExpiration] Will attempt to release 1769 of memory
2026-04-29T00:34:34.223+0300 [DEBUG] [org.gradle.process.internal.health.memory.DefaultMemoryManager] 1855869747 virtual memory requested, 0 released, 1533710336 free
2026-04-29T00:34:38.158+0300 [DEBUG] [org.gradle.cache.internal.DefaultFileLockManager] Waiting to acquire shared lock on daemon addresses registry.
2026-04-29T00:34:38.158+0300 [DEBUG] [org.gradle.cache.internal.DefaultFileLockManager] Lock acquired on daemon addresses registry.
2026-04-29T00:34:38.159+0300 [DEBUG] [org.gradle.cache.internal.DefaultFileLockManager] Releasing lock on daemon addresses registry.
2026-04-29T00:34:38.161+0300 [DEBUG] [org.gradle.cache.internal.DefaultFileLockManager] Waiting to acquire shared lock on daemon addresses registry.
2026-04-29T00:34:38.162+0300 [DEBUG] [org.gradle.cache.internal.DefaultFileLockManager] Lock acquired on daemon addresses registry.
2026-04-29T00:34:38.162+0300 [DEBUG] [org.gradle.cache.internal.DefaultFileLockManager] Releasing lock on daemon addresses registry.
2026-04-29T00:34:38.165+0300 [DEBUG] [org.gradle.cache.internal.DefaultFileLockManager] Waiting to acquire shared lock on daemon addresses registry.
2026-04-29T00:34:38.165+0300 [DEBUG] [org.gradle.cache.internal.DefaultFileLockManager] Lock acquired on daemon addresses registry.
2026-04-29T00:34:38.166+0300 [DEBUG] [org.gradle.cache.internal.DefaultFileLockManager] Releasing lock on daemon addresses registry.
2026-04-29T00:34:39.222+0300 [DEBUG] [org.gradle.process.internal.health.memory.DefaultMemoryManager] 1855869747 virtual memory requested, 1535102976 free
2026-04-29T00:34:39.223+0300 [DEBUG] [org.gradle.workers.internal.WorkerDaemonExpiration] Will attempt to release 1769 of memory
2026-04-29T00:34:39.223+0300 [DEBUG] [org.gradle.process.internal.health.memory.DefaultMemoryManager] 1855869747 virtual memory requested, 0 released, 1535102976 free
2026-04-29T00:34:44.222+0300 [DEBUG] [org.gradle.process.internal.health.memory.DefaultMemoryManager] 1855869747 virtual memory requested, 1536159744 free
2026-04-29T00:34:44.222+0300 [DEBUG] [org.gradle.workers.internal.WorkerDaemonExpiration] Will attempt to release 1769 of memory
2026-04-29T00:34:44.222+0300 [DEBUG] [org.gradle.process.internal.health.memory.DefaultMemoryManager] 1855869747 virtual memory requested, 0 released, 1536159744 free
2026-04-29T00:34:48.159+0300 [DEBUG] [org.gradle.cache.internal.DefaultFileLockManager] Waiting to acquire shared lock on daemon addresses registry.
2026-04-29T00:34:48.160+0300 [DEBUG] [org.gradle.cache.internal.DefaultFileLockManager] Lock acquired on daemon addresses registry.
2026-04-29T00:34:48.161+0300 [DEBUG] [org.gradle.cache.internal.DefaultFileLockManager] Releasing lock on daemon addresses registry.
2026-04-29T00:34:48.165+0300 [DEBUG] [org.gradle.cache.internal.DefaultFileLockManager] Waiting to acquire shared lock on daemon addresses registry.
2026-04-29T00:34:48.165+0300 [DEBUG] [org.gradle.cache.internal.DefaultFileLockManager] Lock acquired on daemon addresses registry.
2026-04-29T00:34:48.166+0300 [DEBUG] [org.gradle.cache.internal.DefaultFileLockManager] Releasing lock on daemon addresses registry.
2026-04-29T00:34:48.170+0300 [DEBUG] [org.gradle.cache.internal.DefaultFileLockManager] Waiting to acquire shared lock on daemon addresses registry.
2026-04-29T00:34:48.171+0300 [DEBUG] [org.gradle.cache.internal.DefaultFileLockManager] Lock acquired on daemon addresses registry.
2026-04-29T00:34:48.172+0300 [DEBUG] [org.gradle.cache.internal.DefaultFileLockManager] Releasing lock on daemon addresses registry.
2026-04-29T00:34:49.222+0300 [DEBUG] [org.gradle.process.internal.health.memory.DefaultMemoryManager] 1855869747 virtual memory requested, 1537794048 free
2026-04-29T00:34:49.223+0300 [DEBUG] [org.gradle.workers.internal.WorkerDaemonExpiration] Will attempt to release 1769 of memory
2026-04-29T00:34:49.223+0300 [DEBUG] [org.gradle.process.internal.health.memory.DefaultMemoryManager] 1855869747 virtual memory requested, 0 released, 1537794048 free
2026-04-29T00:34:54.223+0300 [DEBUG] [org.gradle.process.internal.health.memory.DefaultMemoryManager] 1855869747 virtual memory requested, 1431793664 free
2026-04-29T00:34:54.223+0300 [DEBUG] [org.gradle.workers.internal.WorkerDaemonExpiration] Will attempt to release 1769 of memory
2026-04-29T00:34:54.223+0300 [DEBUG] [org.gradle.process.internal.health.memory.DefaultMemoryManager] 1855869747 virtual memory requested, 0 released, 1431793664 free
2026-04-29T00:34:58.159+0300 [DEBUG] [org.gradle.cache.internal.DefaultFileLockManager] Waiting to acquire shared lock on daemon addresses registry.
2026-04-29T00:34:58.159+0300 [DEBUG] [org.gradle.cache.internal.DefaultFileLockManager] Lock acquired on daemon addresses registry.
2026-04-29T00:34:58.160+0300 [DEBUG] [org.gradle.cache.internal.DefaultFileLockManager] Releasing lock on daemon addresses registry.
2026-04-29T00:34:58.164+0300 [DEBUG] [org.gradle.cache.internal.DefaultFileLockManager] Waiting to acquire shared lock on daemon addresses registry.
2026-04-29T00:34:58.164+0300 [DEBUG] [org.gradle.cache.internal.DefaultFileLockManager] Lock acquired on daemon addresses registry.
2026-04-29T00:34:58.165+0300 [DEBUG] [org.gradle.cache.internal.DefaultFileLockManager] Releasing lock on daemon addresses registry.
2026-04-29T00:34:58.168+0300 [DEBUG] [org.gradle.cache.internal.DefaultFileLockManager] Waiting to acquire shared lock on daemon addresses registry.
2026-04-29T00:34:58.169+0300 [DEBUG] [org.gradle.cache.internal.DefaultFileLockManager] Lock acquired on daemon addresses registry.
2026-04-29T00:34:58.170+0300 [DEBUG] [org.gradle.cache.internal.DefaultFileLockManager] Releasing lock on daemon addresses registry.
2026-04-29T00:34:59.223+0300 [DEBUG] [org.gradle.process.internal.health.memory.DefaultMemoryManager] 1855869747 virtual memory requested, 1430474752 free
2026-04-29T00:34:59.224+0300 [DEBUG] [org.gradle.workers.internal.WorkerDaemonExpiration] Will attempt to release 1769 of memory
2026-04-29T00:34:59.224+0300 [DEBUG] [org.gradle.process.internal.health.memory.DefaultMemoryManager] 1855869747 virtual memory requested, 0 released, 1430474752 free
2026-04-29T00:35:04.224+0300 [DEBUG] [org.gradle.process.internal.health.memory.DefaultMemoryManager] 1855869747 virtual memory requested, 1429073920 free
2026-04-29T00:35:04.224+0300 [DEBUG] [org.gradle.workers.internal.WorkerDaemonExpiration] Will attempt to release 1769 of memory
2026-04-29T00:35:04.224+0300 [DEBUG] [org.gradle.process.internal.health.memory.DefaultMemoryManager] 1855869747 virtual memory requested, 0 released, 1429073920 free
2026-04-29T00:35:08.159+0300 [DEBUG] [org.gradle.cache.internal.DefaultFileLockManager] Waiting to acquire shared lock on daemon addresses registry.
2026-04-29T00:35:08.159+0300 [DEBUG] [org.gradle.cache.internal.DefaultFileLockManager] Lock acquired on daemon addresses registry.
2026-04-29T00:35:08.160+0300 [DEBUG] [org.gradle.cache.internal.DefaultFileLockManager] Releasing lock on daemon addresses registry.
2026-04-29T00:35:08.162+0300 [DEBUG] [org.gradle.cache.internal.DefaultFileLockManager] Waiting to acquire shared lock on daemon addresses registry.
2026-04-29T00:35:08.163+0300 [DEBUG] [org.gradle.cache.internal.DefaultFileLockManager] Lock acquired on daemon addresses registry.
2026-04-29T00:35:08.163+0300 [DEBUG] [org.gradle.cache.internal.DefaultFileLockManager] Releasing lock on daemon addresses registry.
2026-04-29T00:35:08.166+0300 [DEBUG] [org.gradle.cache.internal.DefaultFileLockManager] Waiting to acquire shared lock on daemon addresses registry.
2026-04-29T00:35:08.166+0300 [DEBUG] [org.gradle.cache.internal.DefaultFileLockManager] Lock acquired on daemon addresses registry.
2026-04-29T00:35:08.167+0300 [DEBUG] [org.gradle.cache.internal.DefaultFileLockManager] Releasing lock on daemon addresses registry.
2026-04-29T00:35:09.222+0300 [DEBUG] [org.gradle.process.internal.health.memory.DefaultMemoryManager] 1855869747 virtual memory requested, 1442349056 free
2026-04-29T00:35:09.223+0300 [DEBUG] [org.gradle.workers.internal.WorkerDaemonExpiration] Will attempt to release 1769 of memory
2026-04-29T00:35:09.223+0300 [DEBUG] [org.gradle.process.internal.health.memory.DefaultMemoryManager] 1855869747 virtual memory requested, 0 released, 1442349056 free
2026-04-29T00:35:14.224+0300 [DEBUG] [org.gradle.process.internal.health.memory.DefaultMemoryManager] 1855869747 virtual memory requested, 1456119808 free
2026-04-29T00:35:14.224+0300 [DEBUG] [org.gradle.workers.internal.WorkerDaemonExpiration] Will attempt to release 1769 of memory
2026-04-29T00:35:14.224+0300 [DEBUG] [org.gradle.process.internal.health.memory.DefaultMemoryManager] 1855869747 virtual memory requested, 0 released, 1456119808 free
2026-04-29T00:35:18.158+0300 [DEBUG] [org.gradle.cache.internal.DefaultFileLockManager] Waiting to acquire shared lock on daemon addresses registry.
2026-04-29T00:35:18.158+0300 [DEBUG] [org.gradle.cache.internal.DefaultFileLockManager] Lock acquired on daemon addresses registry.
2026-04-29T00:35:18.158+0300 [DEBUG] [org.gradle.cache.internal.DefaultFileLockManager] Releasing lock on daemon addresses registry.
2026-04-29T00:35:18.161+0300 [DEBUG] [org.gradle.cache.internal.DefaultFileLockManager] Waiting to acquire shared lock on daemon addresses registry.
2026-04-29T00:35:18.161+0300 [DEBUG] [org.gradle.cache.internal.DefaultFileLockManager] Lock acquired on daemon addresses registry.
2026-04-29T00:35:18.162+0300 [DEBUG] [org.gradle.cache.internal.DefaultFileLockManager] Releasing lock on daemon addresses registry.
2026-04-29T00:35:18.164+0300 [DEBUG] [org.gradle.cache.internal.DefaultFileLockManager] Waiting to acquire shared lock on daemon addresses registry.
2026-04-29T00:35:18.164+0300 [DEBUG] [org.gradle.cache.internal.DefaultFileLockManager] Lock acquired on daemon addresses registry.
2026-04-29T00:35:18.164+0300 [DEBUG] [org.gradle.cache.internal.DefaultFileLockManager] Releasing lock on daemon addresses registry.
2026-04-29T00:35:19.222+0300 [DEBUG] [org.gradle.process.internal.health.memory.DefaultMemoryManager] 1855869747 virtual memory requested, 1457786880 free
2026-04-29T00:35:19.222+0300 [DEBUG] [org.gradle.workers.internal.WorkerDaemonExpiration] Will attempt to release 1769 of memory
2026-04-29T00:35:19.222+0300 [DEBUG] [org.gradle.process.internal.health.memory.DefaultMemoryManager] 1855869747 virtual memory requested, 0 released, 1457786880 free
2026-04-29T00:35:24.224+0300 [DEBUG] [org.gradle.process.internal.health.memory.DefaultMemoryManager] 1855869747 virtual memory requested, 1458024448 free
2026-04-29T00:35:24.224+0300 [DEBUG] [org.gradle.workers.internal.WorkerDaemonExpiration] Will attempt to release 1769 of memory
2026-04-29T00:35:24.224+0300 [DEBUG] [org.gradle.process.internal.health.memory.DefaultMemoryManager] 1855869747 virtual memory requested, 0 released, 1458024448 free
2026-04-29T00:35:28.159+0300 [DEBUG] [org.gradle.cache.internal.DefaultFileLockManager] Waiting to acquire shared lock on daemon addresses registry.
2026-04-29T00:35:28.159+0300 [DEBUG] [org.gradle.cache.internal.DefaultFileLockManager] Lock acquired on daemon addresses registry.
2026-04-29T00:35:28.160+0300 [DEBUG] [org.gradle.cache.internal.DefaultFileLockManager] Releasing lock on daemon addresses registry.
2026-04-29T00:35:28.163+0300 [DEBUG] [org.gradle.cache.internal.DefaultFileLockManager] Waiting to acquire shared lock on daemon addresses registry.
2026-04-29T00:35:28.163+0300 [DEBUG] [org.gradle.cache.internal.DefaultFileLockManager] Lock acquired on daemon addresses registry.
2026-04-29T00:35:28.164+0300 [DEBUG] [org.gradle.cache.internal.DefaultFileLockManager] Releasing lock on daemon addresses registry.
2026-04-29T00:35:28.166+0300 [DEBUG] [org.gradle.cache.internal.DefaultFileLockManager] Waiting to acquire shared lock on daemon addresses registry.
2026-04-29T00:35:28.167+0300 [DEBUG] [org.gradle.cache.internal.DefaultFileLockManager] Lock acquired on daemon addresses registry.
2026-04-29T00:35:28.167+0300 [DEBUG] [org.gradle.cache.internal.DefaultFileLockManager] Releasing lock on daemon addresses registry.
2026-04-29T00:35:29.223+0300 [DEBUG] [org.gradle.process.internal.health.memory.DefaultMemoryManager] 1855869747 virtual memory requested, 1463570432 free
2026-04-29T00:35:29.223+0300 [DEBUG] [org.gradle.workers.internal.WorkerDaemonExpiration] Will attempt to release 1769 of memory
2026-04-29T00:35:29.224+0300 [DEBUG] [org.gradle.process.internal.health.memory.DefaultMemoryManager] 1855869747 virtual memory requested, 0 released, 1463570432 free
2026-04-29T00:35:34.224+0300 [DEBUG] [org.gradle.process.internal.health.memory.DefaultMemoryManager] 1855869747 virtual memory requested, 1459982336 free
2026-04-29T00:35:34.224+0300 [DEBUG] [org.gradle.workers.internal.WorkerDaemonExpiration] Will attempt to release 1769 of memory
2026-04-29T00:35:34.224+0300 [DEBUG] [org.gradle.process.internal.health.memory.DefaultMemoryManager] 1855869747 virtual memory requested, 0 released, 1459982336 free
2026-04-29T00:35:38.159+0300 [DEBUG] [org.gradle.cache.internal.DefaultFileLockManager] Waiting to acquire shared lock on daemon addresses registry.
2026-04-29T00:35:38.159+0300 [DEBUG] [org.gradle.cache.internal.DefaultFileLockManager] Lock acquired on daemon addresses registry.
2026-04-29T00:35:38.160+0300 [DEBUG] [org.gradle.cache.internal.DefaultFileLockManager] Releasing lock on daemon addresses registry.
2026-04-29T00:35:38.164+0300 [DEBUG] [org.gradle.cache.internal.DefaultFileLockManager] Waiting to acquire shared lock on daemon addresses registry.
2026-04-29T00:35:38.165+0300 [DEBUG] [org.gradle.cache.internal.DefaultFileLockManager] Lock acquired on daemon addresses registry.
2026-04-29T00:35:38.166+0300 [DEBUG] [org.gradle.cache.internal.DefaultFileLockManager] Releasing lock on daemon addresses registry.
2026-04-29T00:35:38.170+0300 [DEBUG] [org.gradle.cache.internal.DefaultFileLockManager] Waiting to acquire shared lock on daemon addresses registry.
2026-04-29T00:35:38.170+0300 [DEBUG] [org.gradle.cache.internal.DefaultFileLockManager] Lock acquired on daemon addresses registry.
2026-04-29T00:35:38.171+0300 [DEBUG] [org.gradle.cache.internal.DefaultFileLockManager] Releasing lock on daemon addresses registry.
2026-04-29T00:35:39.223+0300 [DEBUG] [org.gradle.process.internal.health.memory.DefaultMemoryManager] 1855869747 virtual memory requested, 1459617792 free
2026-04-29T00:35:39.223+0300 [DEBUG] [org.gradle.workers.internal.WorkerDaemonExpiration] Will attempt to release 1769 of memory
2026-04-29T00:35:39.224+0300 [DEBUG] [org.gradle.process.internal.health.memory.DefaultMemoryManager] 1855869747 virtual memory requested, 0 released, 1459617792 free
2026-04-29T00:35:44.223+0300 [DEBUG] [org.gradle.process.internal.health.memory.DefaultMemoryManager] 1855869747 virtual memory requested, 1459810304 free
2026-04-29T00:35:44.223+0300 [DEBUG] [org.gradle.workers.internal.WorkerDaemonExpiration] Will attempt to release 1769 of memory
2026-04-29T00:35:44.223+0300 [DEBUG] [org.gradle.process.internal.health.memory.DefaultMemoryManager] 1855869747 virtual memory requested, 0 released, 1459810304 free
2026-04-29T00:35:48.159+0300 [DEBUG] [org.gradle.cache.internal.DefaultFileLockManager] Waiting to acquire shared lock on daemon addresses registry.
2026-04-29T00:35:48.159+0300 [DEBUG] [org.gradle.cache.internal.DefaultFileLockManager] Lock acquired on daemon addresses registry.
2026-04-29T00:35:48.160+0300 [DEBUG] [org.gradle.cache.internal.DefaultFileLockManager] Releasing lock on daemon addresses registry.
2026-04-29T00:35:48.162+0300 [DEBUG] [org.gradle.cache.internal.DefaultFileLockManager] Waiting to acquire shared lock on daemon addresses registry.
2026-04-29T00:35:48.162+0300 [DEBUG] [org.gradle.cache.internal.DefaultFileLockManager] Lock acquired on daemon addresses registry.
2026-04-29T00:35:48.163+0300 [DEBUG] [org.gradle.cache.internal.DefaultFileLockManager] Releasing lock on daemon addresses registry.
2026-04-29T00:35:48.164+0300 [DEBUG] [org.gradle.cache.internal.DefaultFileLockManager] Waiting to acquire shared lock on daemon addresses registry.
2026-04-29T00:35:48.165+0300 [DEBUG] [org.gradle.cache.internal.DefaultFileLockManager] Lock acquired on daemon addresses registry.
2026-04-29T00:35:48.165+0300 [DEBUG] [org.gradle.cache.internal.DefaultFileLockManager] Releasing lock on daemon addresses registry.
2026-04-29T00:35:49.223+0300 [DEBUG] [org.gradle.process.internal.health.memory.DefaultMemoryManager] 1855869747 virtual memory requested, 1456005120 free
2026-04-29T00:35:49.223+0300 [DEBUG] [org.gradle.workers.internal.WorkerDaemonExpiration] Will attempt to release 1769 of memory
2026-04-29T00:35:49.223+0300 [DEBUG] [org.gradle.process.internal.health.memory.DefaultMemoryManager] 1855869747 virtual memory requested, 0 released, 1456005120 free
2026-04-29T00:35:54.224+0300 [DEBUG] [org.gradle.process.internal.health.memory.DefaultMemoryManager] 1855869747 virtual memory requested, 1443377152 free
2026-04-29T00:35:54.224+0300 [DEBUG] [org.gradle.workers.internal.WorkerDaemonExpiration] Will attempt to release 1769 of memory
2026-04-29T00:35:54.225+0300 [DEBUG] [org.gradle.process.internal.health.memory.DefaultMemoryManager] 1855869747 virtual memory requested, 0 released, 1443377152 free
2026-04-29T00:35:58.159+0300 [DEBUG] [org.gradle.cache.internal.DefaultFileLockManager] Waiting to acquire shared lock on daemon addresses registry.
2026-04-29T00:35:58.159+0300 [DEBUG] [org.gradle.cache.internal.DefaultFileLockManager] Lock acquired on daemon addresses registry.
2026-04-29T00:35:58.160+0300 [DEBUG] [org.gradle.cache.internal.DefaultFileLockManager] Releasing lock on daemon addresses registry.
2026-04-29T00:35:58.162+0300 [DEBUG] [org.gradle.cache.internal.DefaultFileLockManager] Waiting to acquire shared lock on daemon addresses registry.
2026-04-29T00:35:58.163+0300 [DEBUG] [org.gradle.cache.internal.DefaultFileLockManager] Lock acquired on daemon addresses registry.
2026-04-29T00:35:58.163+0300 [DEBUG] [org.gradle.cache.internal.DefaultFileLockManager] Releasing lock on daemon addresses registry.
2026-04-29T00:35:58.165+0300 [DEBUG] [org.gradle.cache.internal.DefaultFileLockManager] Waiting to acquire shared lock on daemon addresses registry.
2026-04-29T00:35:58.165+0300 [DEBUG] [org.gradle.cache.internal.DefaultFileLockManager] Lock acquired on daemon addresses registry.
2026-04-29T00:35:58.166+0300 [DEBUG] [org.gradle.cache.internal.DefaultFileLockManager] Releasing lock on daemon addresses registry.
2026-04-29T00:35:59.222+0300 [DEBUG] [org.gradle.process.internal.health.memory.DefaultMemoryManager] 1855869747 virtual memory requested, 1463037952 free
2026-04-29T00:35:59.222+0300 [DEBUG] [org.gradle.workers.internal.WorkerDaemonExpiration] Will attempt to release 1769 of memory
2026-04-29T00:35:59.222+0300 [DEBUG] [org.gradle.process.internal.health.memory.DefaultMemoryManager] 1855869747 virtual memory requested, 0 released, 1463037952 free
2026-04-29T00:36:04.222+0300 [DEBUG] [org.gradle.process.internal.health.memory.DefaultMemoryManager] 1855869747 virtual memory requested, 1453355008 free
2026-04-29T00:36:04.222+0300 [DEBUG] [org.gradle.workers.internal.WorkerDaemonExpiration] Will attempt to release 1769 of memory
2026-04-29T00:36:04.223+0300 [DEBUG] [org.gradle.process.internal.health.memory.DefaultMemoryManager] 1855869747 virtual memory requested, 0 released, 1453355008 free
2026-04-29T00:36:08.159+0300 [DEBUG] [org.gradle.cache.internal.DefaultFileLockManager] Waiting to acquire shared lock on daemon addresses registry.
2026-04-29T00:36:08.159+0300 [DEBUG] [org.gradle.cache.internal.DefaultFileLockManager] Lock acquired on daemon addresses registry.
2026-04-29T00:36:08.160+0300 [DEBUG] [org.gradle.cache.internal.DefaultFileLockManager] Releasing lock on daemon addresses registry.
2026-04-29T00:36:08.162+0300 [DEBUG] [org.gradle.cache.internal.DefaultFileLockManager] Waiting to acquire shared lock on daemon addresses registry.
2026-04-29T00:36:08.163+0300 [DEBUG] [org.gradle.cache.internal.DefaultFileLockManager] Lock acquired on daemon addresses registry.
2026-04-29T00:36:08.164+0300 [DEBUG] [org.gradle.cache.internal.DefaultFileLockManager] Releasing lock on daemon addresses registry.
2026-04-29T00:36:08.167+0300 [DEBUG] [org.gradle.cache.internal.DefaultFileLockManager] Waiting to acquire shared lock on daemon addresses registry.
2026-04-29T00:36:08.168+0300 [DEBUG] [org.gradle.cache.internal.DefaultFileLockManager] Lock acquired on daemon addresses registry.
2026-04-29T00:36:08.168+0300 [DEBUG] [org.gradle.cache.internal.DefaultFileLockManager] Releasing lock on daemon addresses registry.
2026-04-29T00:36:09.224+0300 [DEBUG] [org.gradle.process.internal.health.memory.DefaultMemoryManager] 1855869747 virtual memory requested, 1451814912 free
2026-04-29T00:36:09.224+0300 [DEBUG] [org.gradle.workers.internal.WorkerDaemonExpiration] Will attempt to release 1769 of memory
2026-04-29T00:36:09.224+0300 [DEBUG] [org.gradle.process.internal.health.memory.DefaultMemoryManager] 1855869747 virtual memory requested, 0 released, 1451814912 free
2026-04-29T00:36:14.223+0300 [DEBUG] [org.gradle.process.internal.health.memory.DefaultMemoryManager] 1855869747 virtual memory requested, 1464983552 free
2026-04-29T00:36:14.223+0300 [DEBUG] [org.gradle.workers.internal.WorkerDaemonExpiration] Will attempt to release 1769 of memory
2026-04-29T00:36:14.223+0300 [DEBUG] [org.gradle.process.internal.health.memory.DefaultMemoryManager] 1855869747 virtual memory requested, 0 released, 1464983552 free
2026-04-29T00:36:18.160+0300 [DEBUG] [org.gradle.cache.internal.DefaultFileLockManager] Waiting to acquire shared lock on daemon addresses registry.
2026-04-29T00:36:18.160+0300 [DEBUG] [org.gradle.cache.internal.DefaultFileLockManager] Lock acquired on daemon addresses registry.
2026-04-29T00:36:18.161+0300 [DEBUG] [org.gradle.cache.internal.DefaultFileLockManager] Releasing lock on daemon addresses registry.
2026-04-29T00:36:18.164+0300 [DEBUG] [org.gradle.cache.internal.DefaultFileLockManager] Waiting to acquire shared lock on daemon addresses registry.
2026-04-29T00:36:18.164+0300 [DEBUG] [org.gradle.cache.internal.DefaultFileLockManager] Lock acquired on daemon addresses registry.
2026-04-29T00:36:18.164+0300 [DEBUG] [org.gradle.cache.internal.DefaultFileLockManager] Releasing lock on daemon addresses registry.
2026-04-29T00:36:18.167+0300 [DEBUG] [org.gradle.cache.internal.DefaultFileLockManager] Waiting to acquire shared lock on daemon addresses registry.
2026-04-29T00:36:18.167+0300 [DEBUG] [org.gradle.cache.internal.DefaultFileLockManager] Lock acquired on daemon addresses registry.
2026-04-29T00:36:18.168+0300 [DEBUG] [org.gradle.cache.internal.DefaultFileLockManager] Releasing lock on daemon addresses registry.
2026-04-29T00:36:19.225+0300 [DEBUG] [org.gradle.process.internal.health.memory.DefaultMemoryManager] 1855869747 virtual memory requested, 1465573376 free
2026-04-29T00:36:19.225+0300 [DEBUG] [org.gradle.workers.internal.WorkerDaemonExpiration] Will attempt to release 1769 of memory
2026-04-29T00:36:19.225+0300 [DEBUG] [org.gradle.process.internal.health.memory.DefaultMemoryManager] 1855869747 virtual memory requested, 0 released, 1465573376 free
2026-04-29T00:36:24.224+0300 [DEBUG] [org.gradle.process.internal.health.memory.DefaultMemoryManager] 1855869747 virtual memory requested, 1457856512 free
2026-04-29T00:36:24.224+0300 [DEBUG] [org.gradle.workers.internal.WorkerDaemonExpiration] Will attempt to release 1769 of memory
2026-04-29T00:36:24.224+0300 [DEBUG] [org.gradle.process.internal.health.memory.DefaultMemoryManager] 1855869747 virtual memory requested, 0 released, 1457856512 free
2026-04-29T00:36:28.159+0300 [DEBUG] [org.gradle.cache.internal.DefaultFileLockManager] Waiting to acquire shared lock on daemon addresses registry.
2026-04-29T00:36:28.159+0300 [DEBUG] [org.gradle.cache.internal.DefaultFileLockManager] Lock acquired on daemon addresses registry.
2026-04-29T00:36:28.160+0300 [DEBUG] [org.gradle.cache.internal.DefaultFileLockManager] Releasing lock on daemon addresses registry.
2026-04-29T00:36:28.163+0300 [DEBUG] [org.gradle.cache.internal.DefaultFileLockManager] Waiting to acquire shared lock on daemon addresses registry.
2026-04-29T00:36:28.164+0300 [DEBUG] [org.gradle.cache.internal.DefaultFileLockManager] Lock acquired on daemon addresses registry.
2026-04-29T00:36:28.164+0300 [DEBUG] [org.gradle.cache.internal.DefaultFileLockManager] Releasing lock on daemon addresses registry.
2026-04-29T00:36:28.167+0300 [DEBUG] [org.gradle.cache.internal.DefaultFileLockManager] Waiting to acquire shared lock on daemon addresses registry.
2026-04-29T00:36:28.167+0300 [DEBUG] [org.gradle.cache.internal.DefaultFileLockManager] Lock acquired on daemon addresses registry.
2026-04-29T00:36:28.168+0300 [DEBUG] [org.gradle.cache.internal.DefaultFileLockManager] Releasing lock on daemon addresses registry.
2026-04-29T00:36:29.224+0300 [DEBUG] [org.gradle.process.internal.health.memory.DefaultMemoryManager] 1855869747 virtual memory requested, 1454608384 free
2026-04-29T00:36:29.224+0300 [DEBUG] [org.gradle.workers.internal.WorkerDaemonExpiration] Will attempt to release 1769 of memory
2026-04-29T00:36:29.224+0300 [DEBUG] [org.gradle.process.internal.health.memory.DefaultMemoryManager] 1855869747 virtual memory requested, 0 released, 1454608384 free
2026-04-29T00:36:34.225+0300 [DEBUG] [org.gradle.process.internal.health.memory.DefaultMemoryManager] 1855869747 virtual memory requested, 1467158528 free
2026-04-29T00:36:34.225+0300 [DEBUG] [org.gradle.workers.internal.WorkerDaemonExpiration] Will attempt to release 1769 of memory
2026-04-29T00:36:34.225+0300 [DEBUG] [org.gradle.process.internal.health.memory.DefaultMemoryManager] 1855869747 virtual memory requested, 0 released, 1467158528 free
2026-04-29T00:36:38.158+0300 [DEBUG] [org.gradle.cache.internal.DefaultFileLockManager] Waiting to acquire shared lock on daemon addresses registry.
2026-04-29T00:36:38.158+0300 [DEBUG] [org.gradle.cache.internal.DefaultFileLockManager] Lock acquired on daemon addresses registry.
2026-04-29T00:36:38.158+0300 [DEBUG] [org.gradle.cache.internal.DefaultFileLockManager] Releasing lock on daemon addresses registry.
2026-04-29T00:36:38.161+0300 [DEBUG] [org.gradle.cache.internal.DefaultFileLockManager] Waiting to acquire shared lock on daemon addresses registry.
2026-04-29T00:36:38.161+0300 [DEBUG] [org.gradle.cache.internal.DefaultFileLockManager] Lock acquired on daemon addresses registry.
2026-04-29T00:36:38.161+0300 [DEBUG] [org.gradle.cache.internal.DefaultFileLockManager] Releasing lock on daemon addresses registry.
2026-04-29T00:36:38.163+0300 [DEBUG] [org.gradle.cache.internal.DefaultFileLockManager] Waiting to acquire shared lock on daemon addresses registry.
2026-04-29T00:36:38.164+0300 [DEBUG] [org.gradle.cache.internal.DefaultFileLockManager] Lock acquired on daemon addresses registry.
2026-04-29T00:36:38.164+0300 [DEBUG] [org.gradle.cache.internal.DefaultFileLockManager] Releasing lock on daemon addresses registry.
2026-04-29T00:36:39.223+0300 [DEBUG] [org.gradle.process.internal.health.memory.DefaultMemoryManager] 1855869747 virtual memory requested, 1472716800 free
2026-04-29T00:36:39.224+0300 [DEBUG] [org.gradle.workers.internal.WorkerDaemonExpiration] Will attempt to release 1769 of memory
2026-04-29T00:36:39.224+0300 [DEBUG] [org.gradle.process.internal.health.memory.DefaultMemoryManager] 1855869747 virtual memory requested, 0 released, 1472716800 free
2026-04-29T00:36:44.224+0300 [DEBUG] [org.gradle.process.internal.health.memory.DefaultMemoryManager] 1855869747 virtual memory requested, 1464426496 free
2026-04-29T00:36:44.224+0300 [DEBUG] [org.gradle.workers.internal.WorkerDaemonExpiration] Will attempt to release 1769 of memory
2026-04-29T00:36:44.224+0300 [DEBUG] [org.gradle.process.internal.health.memory.DefaultMemoryManager] 1855869747 virtual memory requested, 0 released, 1464426496 free
2026-04-29T00:36:48.160+0300 [DEBUG] [org.gradle.cache.internal.DefaultFileLockManager] Waiting to acquire shared lock on daemon addresses registry.
2026-04-29T00:36:48.160+0300 [DEBUG] [org.gradle.cache.internal.DefaultFileLockManager] Lock acquired on daemon addresses registry.
2026-04-29T00:36:48.160+0300 [DEBUG] [org.gradle.cache.internal.DefaultFileLockManager] Releasing lock on daemon addresses registry.
2026-04-29T00:36:48.162+0300 [DEBUG] [org.gradle.cache.internal.DefaultFileLockManager] Waiting to acquire shared lock on daemon addresses registry.
2026-04-29T00:36:48.162+0300 [DEBUG] [org.gradle.cache.internal.DefaultFileLockManager] Lock acquired on daemon addresses registry.
2026-04-29T00:36:48.163+0300 [DEBUG] [org.gradle.cache.internal.DefaultFileLockManager] Releasing lock on daemon addresses registry.
2026-04-29T00:36:48.165+0300 [DEBUG] [org.gradle.cache.internal.DefaultFileLockManager] Waiting to acquire shared lock on daemon addresses registry.
2026-04-29T00:36:48.165+0300 [DEBUG] [org.gradle.cache.internal.DefaultFileLockManager] Lock acquired on daemon addresses registry.
2026-04-29T00:36:48.166+0300 [DEBUG] [org.gradle.cache.internal.DefaultFileLockManager] Releasing lock on daemon addresses registry.
2026-04-29T00:36:49.223+0300 [DEBUG] [org.gradle.process.internal.health.memory.DefaultMemoryManager] 1855869747 virtual memory requested, 1470631936 free
2026-04-29T00:36:49.223+0300 [DEBUG] [org.gradle.workers.internal.WorkerDaemonExpiration] Will attempt to release 1769 of memory
2026-04-29T00:36:49.224+0300 [DEBUG] [org.gradle.process.internal.health.memory.DefaultMemoryManager] 1855869747 virtual memory requested, 0 released, 1470631936 free
2026-04-29T00:36:54.223+0300 [DEBUG] [org.gradle.process.internal.health.memory.DefaultMemoryManager] 1855869747 virtual memory requested, 1468522496 free
2026-04-29T00:36:54.223+0300 [DEBUG] [org.gradle.workers.internal.WorkerDaemonExpiration] Will attempt to release 1769 of memory
2026-04-29T00:36:54.224+0300 [DEBUG] [org.gradle.process.internal.health.memory.DefaultMemoryManager] 1855869747 virtual memory requested, 0 released, 1468522496 free
2026-04-29T00:36:58.159+0300 [DEBUG] [org.gradle.cache.internal.DefaultFileLockManager] Waiting to acquire shared lock on daemon addresses registry.
2026-04-29T00:36:58.159+0300 [DEBUG] [org.gradle.cache.internal.DefaultFileLockManager] Lock acquired on daemon addresses registry.
2026-04-29T00:36:58.160+0300 [DEBUG] [org.gradle.cache.internal.DefaultFileLockManager] Releasing lock on daemon addresses registry.
2026-04-29T00:36:58.162+0300 [DEBUG] [org.gradle.cache.internal.DefaultFileLockManager] Waiting to acquire shared lock on daemon addresses registry.
2026-04-29T00:36:58.163+0300 [DEBUG] [org.gradle.cache.internal.DefaultFileLockManager] Lock acquired on daemon addresses registry.
2026-04-29T00:36:58.163+0300 [DEBUG] [org.gradle.cache.internal.DefaultFileLockManager] Releasing lock on daemon addresses registry.
2026-04-29T00:36:58.166+0300 [DEBUG] [org.gradle.cache.internal.DefaultFileLockManager] Waiting to acquire shared lock on daemon addresses registry.
2026-04-29T00:36:58.166+0300 [DEBUG] [org.gradle.cache.internal.DefaultFileLockManager] Lock acquired on daemon addresses registry.
2026-04-29T00:36:58.167+0300 [DEBUG] [org.gradle.cache.internal.DefaultFileLockManager] Releasing lock on daemon addresses registry.
2026-04-29T00:36:59.223+0300 [DEBUG] [org.gradle.process.internal.health.memory.DefaultMemoryManager] 1855869747 virtual memory requested, 1469657088 free
2026-04-29T00:36:59.224+0300 [DEBUG] [org.gradle.workers.internal.WorkerDaemonExpiration] Will attempt to release 1769 of memory
2026-04-29T00:36:59.224+0300 [DEBUG] [org.gradle.process.internal.health.memory.DefaultMemoryManager] 1855869747 virtual memory requested, 0 released, 1469657088 free
2026-04-29T00:37:04.224+0300 [DEBUG] [org.gradle.process.internal.health.memory.DefaultMemoryManager] 1855869747 virtual memory requested, 1480224768 free
2026-04-29T00:37:04.224+0300 [DEBUG] [org.gradle.workers.internal.WorkerDaemonExpiration] Will attempt to release 1769 of memory
2026-04-29T00:37:04.224+0300 [DEBUG] [org.gradle.process.internal.health.memory.DefaultMemoryManager] 1855869747 virtual memory requested, 0 released, 1480224768 free
2026-04-29T00:37:08.160+0300 [DEBUG] [org.gradle.cache.internal.DefaultFileLockManager] Waiting to acquire shared lock on daemon addresses registry.
2026-04-29T00:37:08.160+0300 [DEBUG] [org.gradle.cache.internal.DefaultFileLockManager] Lock acquired on daemon addresses registry.
2026-04-29T00:37:08.161+0300 [DEBUG] [org.gradle.cache.internal.DefaultFileLockManager] Releasing lock on daemon addresses registry.
2026-04-29T00:37:08.165+0300 [DEBUG] [org.gradle.cache.internal.DefaultFileLockManager] Waiting to acquire shared lock on daemon addresses registry.
2026-04-29T00:37:08.166+0300 [DEBUG] [org.gradle.cache.internal.DefaultFileLockManager] Lock acquired on daemon addresses registry.
2026-04-29T00:37:08.167+0300 [DEBUG] [org.gradle.cache.internal.DefaultFileLockManager] Releasing lock on daemon addresses registry.
2026-04-29T00:37:08.169+0300 [DEBUG] [org.gradle.cache.internal.DefaultFileLockManager] Waiting to acquire shared lock on daemon addresses registry.
2026-04-29T00:37:08.169+0300 [DEBUG] [org.gradle.cache.internal.DefaultFileLockManager] Lock acquired on daemon addresses registry.
2026-04-29T00:37:08.170+0300 [DEBUG] [org.gradle.cache.internal.DefaultFileLockManager] Releasing lock on daemon addresses registry.
2026-04-29T00:37:09.224+0300 [DEBUG] [org.gradle.process.internal.health.memory.DefaultMemoryManager] 1855869747 virtual memory requested, 1462263808 free
2026-04-29T00:37:09.224+0300 [DEBUG] [org.gradle.workers.internal.WorkerDaemonExpiration] Will attempt to release 1769 of memory
2026-04-29T00:37:09.224+0300 [DEBUG] [org.gradle.process.internal.health.memory.DefaultMemoryManager] 1855869747 virtual memory requested, 0 released, 1462263808 free
2026-04-29T00:37:14.224+0300 [DEBUG] [org.gradle.process.internal.health.memory.DefaultMemoryManager] 1855869747 virtual memory requested, 1481355264 free
2026-04-29T00:37:14.224+0300 [DEBUG] [org.gradle.workers.internal.WorkerDaemonExpiration] Will attempt to release 1769 of memory
2026-04-29T00:37:14.224+0300 [DEBUG] [org.gradle.process.internal.health.memory.DefaultMemoryManager] 1855869747 virtual memory requested, 0 released, 1481355264 free
2026-04-29T00:37:18.160+0300 [DEBUG] [org.gradle.cache.internal.DefaultFileLockManager] Waiting to acquire shared lock on daemon addresses registry.
2026-04-29T00:37:18.160+0300 [DEBUG] [org.gradle.cache.internal.DefaultFileLockManager] Lock acquired on daemon addresses registry.
2026-04-29T00:37:18.161+0300 [DEBUG] [org.gradle.cache.internal.DefaultFileLockManager] Releasing lock on daemon addresses registry.
2026-04-29T00:37:18.163+0300 [DEBUG] [org.gradle.cache.internal.DefaultFileLockManager] Waiting to acquire shared lock on daemon addresses registry.
2026-04-29T00:37:18.163+0300 [DEBUG] [org.gradle.cache.internal.DefaultFileLockManager] Lock acquired on daemon addresses registry.
2026-04-29T00:37:18.164+0300 [DEBUG] [org.gradle.cache.internal.DefaultFileLockManager] Releasing lock on daemon addresses registry.
2026-04-29T00:37:18.166+0300 [DEBUG] [org.gradle.cache.internal.DefaultFileLockManager] Waiting to acquire shared lock on daemon addresses registry.
2026-04-29T00:37:18.166+0300 [DEBUG] [org.gradle.cache.internal.DefaultFileLockManager] Lock acquired on daemon addresses registry.
2026-04-29T00:37:18.167+0300 [DEBUG] [org.gradle.cache.internal.DefaultFileLockManager] Releasing lock on daemon addresses registry.
2026-04-29T00:37:19.224+0300 [DEBUG] [org.gradle.process.internal.health.memory.DefaultMemoryManager] 1855869747 virtual memory requested, 1476014080 free
2026-04-29T00:37:19.224+0300 [DEBUG] [org.gradle.workers.internal.WorkerDaemonExpiration] Will attempt to release 1769 of memory
2026-04-29T00:37:19.224+0300 [DEBUG] [org.gradle.process.internal.health.memory.DefaultMemoryManager] 1855869747 virtual memory requested, 0 released, 1476014080 free
2026-04-29T00:37:24.224+0300 [DEBUG] [org.gradle.process.internal.health.memory.DefaultMemoryManager] 1855869747 virtual memory requested, 1480269824 free
2026-04-29T00:37:24.224+0300 [DEBUG] [org.gradle.workers.internal.WorkerDaemonExpiration] Will attempt to release 1769 of memory
2026-04-29T00:37:24.224+0300 [DEBUG] [org.gradle.process.internal.health.memory.DefaultMemoryManager] 1855869747 virtual memory requested, 0 released, 1480269824 free
2026-04-29T00:37:28.160+0300 [DEBUG] [org.gradle.cache.internal.DefaultFileLockManager] Waiting to acquire shared lock on daemon addresses registry.
2026-04-29T00:37:28.160+0300 [DEBUG] [org.gradle.cache.internal.DefaultFileLockManager] Lock acquired on daemon addresses registry.
2026-04-29T00:37:28.161+0300 [DEBUG] [org.gradle.cache.internal.DefaultFileLockManager] Releasing lock on daemon addresses registry.
2026-04-29T00:37:28.163+0300 [DEBUG] [org.gradle.cache.internal.DefaultFileLockManager] Waiting to acquire shared lock on daemon addresses registry.
2026-04-29T00:37:28.164+0300 [DEBUG] [org.gradle.cache.internal.DefaultFileLockManager] Lock acquired on daemon addresses registry.
2026-04-29T00:37:28.164+0300 [DEBUG] [org.gradle.cache.internal.DefaultFileLockManager] Releasing lock on daemon addresses registry.
2026-04-29T00:37:28.167+0300 [DEBUG] [org.gradle.cache.internal.DefaultFileLockManager] Waiting to acquire shared lock on daemon addresses registry.
2026-04-29T00:37:28.168+0300 [DEBUG] [org.gradle.cache.internal.DefaultFileLockManager] Lock acquired on daemon addresses registry.
2026-04-29T00:37:28.168+0300 [DEBUG] [org.gradle.cache.internal.DefaultFileLockManager] Releasing lock on daemon addresses registry.
2026-04-29T00:37:29.224+0300 [DEBUG] [org.gradle.process.internal.health.memory.DefaultMemoryManager] 1855869747 virtual memory requested, 1477836800 free
2026-04-29T00:37:29.224+0300 [DEBUG] [org.gradle.workers.internal.WorkerDaemonExpiration] Will attempt to release 1769 of memory
2026-04-29T00:37:29.225+0300 [DEBUG] [org.gradle.process.internal.health.memory.DefaultMemoryManager] 1855869747 virtual memory requested, 0 released, 1477836800 free
2026-04-29T00:37:32.163+0300 [DEBUG] [sun.rmi.client.ref] RMI RenewClean-[127.0.0.1:17764,org.jetbrains.kotlin.daemon.common.LoopbackNetworkInterface$ClientLoopbackSocketFactory@6ad31d9c]: get connection
2026-04-29T00:37:32.164+0300 [DEBUG] [sun.rmi.transport.tcp] RMI RenewClean-[127.0.0.1:17764,org.jetbrains.kotlin.daemon.common.LoopbackNetworkInterface$ClientLoopbackSocketFactory@6ad31d9c]: create connection
2026-04-29T00:37:32.170+0300 [DEBUG] [sun.rmi.loader] RMI RenewClean-[127.0.0.1:17764,org.jetbrains.kotlin.daemon.common.LoopbackNetworkInterface$ClientLoopbackSocketFactory@6ad31d9c]: name = "java.rmi.dgc.Lease", codebase = "", defaultLoader = jdk.internal.loader.ClassLoaders$PlatformClassLoader@2b21322
2026-04-29T00:37:32.170+0300 [DEBUG] [sun.rmi.loader] RMI RenewClean-[127.0.0.1:17764,org.jetbrains.kotlin.daemon.common.LoopbackNetworkInterface$ClientLoopbackSocketFactory@6ad31d9c]: name = "java.rmi.dgc.VMID", codebase = "", defaultLoader = jdk.internal.loader.ClassLoaders$PlatformClassLoader@2b21322
2026-04-29T00:37:32.170+0300 [DEBUG] [sun.rmi.loader] RMI RenewClean-[127.0.0.1:17764,org.jetbrains.kotlin.daemon.common.LoopbackNetworkInterface$ClientLoopbackSocketFactory@6ad31d9c]: name = "[B", codebase = "", defaultLoader = jdk.internal.loader.ClassLoaders$PlatformClassLoader@2b21322
2026-04-29T00:37:32.171+0300 [DEBUG] [sun.rmi.loader] RMI RenewClean-[127.0.0.1:17764,org.jetbrains.kotlin.daemon.common.LoopbackNetworkInterface$ClientLoopbackSocketFactory@6ad31d9c]: name = "java.rmi.server.UID", codebase = "", defaultLoader = jdk.internal.loader.ClassLoaders$PlatformClassLoader@2b21322
2026-04-29T00:37:32.171+0300 [DEBUG] [sun.rmi.client.ref] RMI RenewClean-[127.0.0.1:17764,org.jetbrains.kotlin.daemon.common.LoopbackNetworkInterface$ClientLoopbackSocketFactory@6ad31d9c]: free connection (reuse = true)
2026-04-29T00:37:32.171+0300 [DEBUG] [sun.rmi.transport.tcp] RMI RenewClean-[127.0.0.1:17764,org.jetbrains.kotlin.daemon.common.LoopbackNetworkInterface$ClientLoopbackSocketFactory@6ad31d9c]: reuse connection
2026-04-29T00:37:32.172+0300 [DEBUG] [sun.rmi.transport.tcp] RMI RenewClean-[127.0.0.1:17764,org.jetbrains.kotlin.daemon.common.LoopbackNetworkInterface$ClientLoopbackSocketFactory@6ad31d9c]: create reaper
2026-04-29T00:37:32.195+0300 [DEBUG] [sun.rmi.transport.tcp] RMI TCP Connection(17)-127.0.0.1: accepted socket from [127.0.0.1:57353]
2026-04-29T00:37:32.196+0300 [DEBUG] [sun.rmi.transport.tcp] RMI TCP Connection(17)-127.0.0.1: (port 56662) op = 80
2026-04-29T00:37:32.197+0300 [DEBUG] [sun.rmi.loader] RMI TCP Connection(17)-127.0.0.1: name = "[Ljava.rmi.server.ObjID;", codebase = "", defaultLoader = jdk.internal.loader.ClassLoaders$PlatformClassLoader@2b21322
2026-04-29T00:37:32.197+0300 [DEBUG] [sun.rmi.loader] RMI TCP Connection(17)-127.0.0.1: name = "java.rmi.dgc.Lease", codebase = "", defaultLoader = jdk.internal.loader.ClassLoaders$PlatformClassLoader@2b21322
2026-04-29T00:37:32.198+0300 [DEBUG] [sun.rmi.loader] RMI TCP Connection(17)-127.0.0.1: name = "java.rmi.dgc.VMID", codebase = "", defaultLoader = jdk.internal.loader.ClassLoaders$PlatformClassLoader@2b21322
2026-04-29T00:37:32.198+0300 [DEBUG] [sun.rmi.loader] RMI TCP Connection(17)-127.0.0.1: name = "[B", codebase = "", defaultLoader = jdk.internal.loader.ClassLoaders$PlatformClassLoader@2b21322
2026-04-29T00:37:32.198+0300 [DEBUG] [sun.rmi.loader] RMI TCP Connection(17)-127.0.0.1: name = "java.rmi.server.UID", codebase = "", defaultLoader = jdk.internal.loader.ClassLoaders$PlatformClassLoader@2b21322
2026-04-29T00:37:34.224+0300 [DEBUG] [org.gradle.process.internal.health.memory.DefaultMemoryManager] 1855869747 virtual memory requested, 1466613760 free
2026-04-29T00:37:34.224+0300 [DEBUG] [org.gradle.workers.internal.WorkerDaemonExpiration] Will attempt to release 1769 of memory
2026-04-29T00:37:34.224+0300 [DEBUG] [org.gradle.process.internal.health.memory.DefaultMemoryManager] 1855869747 virtual memory requested, 0 released, 1466613760 free
2026-04-29T00:37:38.159+0300 [DEBUG] [org.gradle.cache.internal.DefaultFileLockManager] Waiting to acquire shared lock on daemon addresses registry.
2026-04-29T00:37:38.159+0300 [DEBUG] [org.gradle.cache.internal.DefaultFileLockManager] Lock acquired on daemon addresses registry.
2026-04-29T00:37:38.160+0300 [DEBUG] [org.gradle.cache.internal.DefaultFileLockManager] Releasing lock on daemon addresses registry.
2026-04-29T00:37:38.162+0300 [DEBUG] [org.gradle.cache.internal.DefaultFileLockManager] Waiting to acquire shared lock on daemon addresses registry.
2026-04-29T00:37:38.163+0300 [DEBUG] [org.gradle.cache.internal.DefaultFileLockManager] Lock acquired on daemon addresses registry.
2026-04-29T00:37:38.164+0300 [DEBUG] [org.gradle.cache.internal.DefaultFileLockManager] Releasing lock on daemon addresses registry.
2026-04-29T00:37:38.166+0300 [DEBUG] [org.gradle.cache.internal.DefaultFileLockManager] Waiting to acquire shared lock on daemon addresses registry.
2026-04-29T00:37:38.166+0300 [DEBUG] [org.gradle.cache.internal.DefaultFileLockManager] Lock acquired on daemon addresses registry.
2026-04-29T00:37:38.167+0300 [DEBUG] [org.gradle.cache.internal.DefaultFileLockManager] Releasing lock on daemon addresses registry.
2026-04-29T00:37:39.225+0300 [DEBUG] [org.gradle.process.internal.health.memory.DefaultMemoryManager] 1855869747 virtual memory requested, 1469521920 free
2026-04-29T00:37:39.225+0300 [DEBUG] [org.gradle.workers.internal.WorkerDaemonExpiration] Will attempt to release 1769 of memory
2026-04-29T00:37:39.225+0300 [DEBUG] [org.gradle.process.internal.health.memory.DefaultMemoryManager] 1855869747 virtual memory requested, 0 released, 1469521920 free
2026-04-29T00:37:44.224+0300 [DEBUG] [org.gradle.process.internal.health.memory.DefaultMemoryManager] 1855869747 virtual memory requested, 1472167936 free
2026-04-29T00:37:44.224+0300 [DEBUG] [org.gradle.workers.internal.WorkerDaemonExpiration] Will attempt to release 1769 of memory
2026-04-29T00:37:44.224+0300 [DEBUG] [org.gradle.process.internal.health.memory.DefaultMemoryManager] 1855869747 virtual memory requested, 0 released, 1472167936 free
2026-04-29T00:37:47.173+0300 [DEBUG] [sun.rmi.transport.tcp] RMI Scheduler(0): close connection, socket: Socket[addr=localhost/127.0.0.1,port=17764,localport=57352]
2026-04-29T00:37:47.202+0300 [DEBUG] [sun.rmi.transport.tcp] RMI TCP Connection(17)-127.0.0.1: (port 56662) connection closed
2026-04-29T00:37:47.202+0300 [DEBUG] [sun.rmi.transport.tcp] RMI TCP Connection(17)-127.0.0.1: close connection, socket: Socket[addr=/127.0.0.1,port=57353,localport=56662]
2026-04-29T00:37:47.203+0300 [DEBUG] [sun.rmi.transport.tcp] RMI TCP Connection(17)-127.0.0.1: socket close: Socket[addr=/127.0.0.1,port=57353,localport=56662]
2026-04-29T00:37:48.161+0300 [DEBUG] [org.gradle.cache.internal.DefaultFileLockManager] Waiting to acquire shared lock on daemon addresses registry.
2026-04-29T00:37:48.161+0300 [DEBUG] [org.gradle.cache.internal.DefaultFileLockManager] Lock acquired on daemon addresses registry.
2026-04-29T00:37:48.162+0300 [DEBUG] [org.gradle.cache.internal.DefaultFileLockManager] Releasing lock on daemon addresses registry.
2026-04-29T00:37:48.165+0300 [DEBUG] [org.gradle.cache.internal.DefaultFileLockManager] Waiting to acquire shared lock on daemon addresses registry.
2026-04-29T00:37:48.165+0300 [DEBUG] [org.gradle.cache.internal.DefaultFileLockManager] Lock acquired on daemon addresses registry.
2026-04-29T00:37:48.166+0300 [DEBUG] [org.gradle.cache.internal.DefaultFileLockManager] Releasing lock on daemon addresses registry.
2026-04-29T00:37:48.168+0300 [DEBUG] [org.gradle.cache.internal.DefaultFileLockManager] Waiting to acquire shared lock on daemon addresses registry.
2026-04-29T00:37:48.169+0300 [DEBUG] [org.gradle.cache.internal.DefaultFileLockManager] Lock acquired on daemon addresses registry.
2026-04-29T00:37:48.169+0300 [DEBUG] [org.gradle.cache.internal.DefaultFileLockManager] Releasing lock on daemon addresses registry.
2026-04-29T00:37:49.224+0300 [DEBUG] [org.gradle.process.internal.health.memory.DefaultMemoryManager] 1855869747 virtual memory requested, 1465696256 free
2026-04-29T00:37:49.225+0300 [DEBUG] [org.gradle.workers.internal.WorkerDaemonExpiration] Will attempt to release 1769 of memory
2026-04-29T00:37:49.225+0300 [DEBUG] [org.gradle.process.internal.health.memory.DefaultMemoryManager] 1855869747 virtual memory requested, 0 released, 1465696256 free
2026-04-29T00:37:54.225+0300 [DEBUG] [org.gradle.process.internal.health.memory.DefaultMemoryManager] 1855869747 virtual memory requested, 1468088320 free
2026-04-29T00:37:54.225+0300 [DEBUG] [org.gradle.workers.internal.WorkerDaemonExpiration] Will attempt to release 1769 of memory
2026-04-29T00:37:54.225+0300 [DEBUG] [org.gradle.process.internal.health.memory.DefaultMemoryManager] 1855869747 virtual memory requested, 0 released, 1468088320 free
2026-04-29T00:37:58.160+0300 [DEBUG] [org.gradle.cache.internal.DefaultFileLockManager] Waiting to acquire shared lock on daemon addresses registry.
2026-04-29T00:37:58.161+0300 [DEBUG] [org.gradle.cache.internal.DefaultFileLockManager] Lock acquired on daemon addresses registry.
2026-04-29T00:37:58.162+0300 [DEBUG] [org.gradle.cache.internal.DefaultFileLockManager] Releasing lock on daemon addresses registry.
2026-04-29T00:37:58.166+0300 [DEBUG] [org.gradle.cache.internal.DefaultFileLockManager] Waiting to acquire shared lock on daemon addresses registry.
2026-04-29T00:37:58.167+0300 [DEBUG] [org.gradle.cache.internal.DefaultFileLockManager] Lock acquired on daemon addresses registry.
2026-04-29T00:37:58.168+0300 [DEBUG] [org.gradle.cache.internal.DefaultFileLockManager] Releasing lock on daemon addresses registry.
2026-04-29T00:37:58.170+0300 [DEBUG] [org.gradle.cache.internal.DefaultFileLockManager] Waiting to acquire shared lock on daemon addresses registry.
2026-04-29T00:37:58.171+0300 [DEBUG] [org.gradle.cache.internal.DefaultFileLockManager] Lock acquired on daemon addresses registry.
2026-04-29T00:37:58.171+0300 [DEBUG] [org.gradle.cache.internal.DefaultFileLockManager] Releasing lock on daemon addresses registry.
2026-04-29T00:37:59.224+0300 [DEBUG] [org.gradle.process.internal.health.memory.DefaultMemoryManager] 1855869747 virtual memory requested, 1467973632 free
2026-04-29T00:37:59.224+0300 [DEBUG] [org.gradle.workers.internal.WorkerDaemonExpiration] Will attempt to release 1769 of memory
2026-04-29T00:37:59.225+0300 [DEBUG] [org.gradle.process.internal.health.memory.DefaultMemoryManager] 1855869747 virtual memory requested, 0 released, 1467973632 free
2026-04-29T00:38:04.226+0300 [DEBUG] [org.gradle.process.internal.health.memory.DefaultMemoryManager] 1855869747 virtual memory requested, 1464807424 free
2026-04-29T00:38:04.226+0300 [DEBUG] [org.gradle.workers.internal.WorkerDaemonExpiration] Will attempt to release 1769 of memory
2026-04-29T00:38:04.226+0300 [DEBUG] [org.gradle.process.internal.health.memory.DefaultMemoryManager] 1855869747 virtual memory requested, 0 released, 1464807424 free
2026-04-29T00:38:08.160+0300 [DEBUG] [org.gradle.cache.internal.DefaultFileLockManager] Waiting to acquire shared lock on daemon addresses registry.
2026-04-29T00:38:08.161+0300 [DEBUG] [org.gradle.cache.internal.DefaultFileLockManager] Lock acquired on daemon addresses registry.
2026-04-29T00:38:08.162+0300 [DEBUG] [org.gradle.cache.internal.DefaultFileLockManager] Releasing lock on daemon addresses registry.
2026-04-29T00:38:08.166+0300 [DEBUG] [org.gradle.cache.internal.DefaultFileLockManager] Waiting to acquire shared lock on daemon addresses registry.
2026-04-29T00:38:08.166+0300 [DEBUG] [org.gradle.cache.internal.DefaultFileLockManager] Lock acquired on daemon addresses registry.
2026-04-29T00:38:08.166+0300 [DEBUG] [org.gradle.cache.internal.DefaultFileLockManager] Releasing lock on daemon addresses registry.
2026-04-29T00:38:08.168+0300 [DEBUG] [org.gradle.cache.internal.DefaultFileLockManager] Waiting to acquire shared lock on daemon addresses registry.
2026-04-29T00:38:08.168+0300 [DEBUG] [org.gradle.cache.internal.DefaultFileLockManager] Lock acquired on daemon addresses registry.
2026-04-29T00:38:08.169+0300 [DEBUG] [org.gradle.cache.internal.DefaultFileLockManager] Releasing lock on daemon addresses registry.
2026-04-29T00:38:09.225+0300 [DEBUG] [org.gradle.process.internal.health.memory.DefaultMemoryManager] 1855869747 virtual memory requested, 1465044992 free
2026-04-29T00:38:09.225+0300 [DEBUG] [org.gradle.workers.internal.WorkerDaemonExpiration] Will attempt to release 1769 of memory
2026-04-29T00:38:09.225+0300 [DEBUG] [org.gradle.process.internal.health.memory.DefaultMemoryManager] 1855869747 virtual memory requested, 0 released, 1465044992 free
2026-04-29T00:38:14.225+0300 [DEBUG] [org.gradle.process.internal.health.memory.DefaultMemoryManager] 1855869747 virtual memory requested, 1473818624 free
2026-04-29T00:38:14.225+0300 [DEBUG] [org.gradle.workers.internal.WorkerDaemonExpiration] Will attempt to release 1769 of memory
2026-04-29T00:38:14.225+0300 [DEBUG] [org.gradle.process.internal.health.memory.DefaultMemoryManager] 1855869747 virtual memory requested, 0 released, 1473818624 free
2026-04-29T00:38:18.160+0300 [DEBUG] [org.gradle.cache.internal.DefaultFileLockManager] Waiting to acquire shared lock on daemon addresses registry.
2026-04-29T00:38:18.160+0300 [DEBUG] [org.gradle.cache.internal.DefaultFileLockManager] Lock acquired on daemon addresses registry.
2026-04-29T00:38:18.161+0300 [DEBUG] [org.gradle.cache.internal.DefaultFileLockManager] Releasing lock on daemon addresses registry.
2026-04-29T00:38:18.163+0300 [DEBUG] [org.gradle.cache.internal.DefaultFileLockManager] Waiting to acquire shared lock on daemon addresses registry.
2026-04-29T00:38:18.163+0300 [DEBUG] [org.gradle.cache.internal.DefaultFileLockManager] Lock acquired on daemon addresses registry.
2026-04-29T00:38:18.164+0300 [DEBUG] [org.gradle.cache.internal.DefaultFileLockManager] Releasing lock on daemon addresses registry.
2026-04-29T00:38:18.165+0300 [DEBUG] [org.gradle.cache.internal.DefaultFileLockManager] Waiting to acquire shared lock on daemon addresses registry.
2026-04-29T00:38:18.166+0300 [DEBUG] [org.gradle.cache.internal.DefaultFileLockManager] Lock acquired on daemon addresses registry.
2026-04-29T00:38:18.166+0300 [DEBUG] [org.gradle.cache.internal.DefaultFileLockManager] Releasing lock on daemon addresses registry.
2026-04-29T00:38:19.225+0300 [DEBUG] [org.gradle.process.internal.health.memory.DefaultMemoryManager] 1855869747 virtual memory requested, 1469468672 free
2026-04-29T00:38:19.225+0300 [DEBUG] [org.gradle.workers.internal.WorkerDaemonExpiration] Will attempt to release 1769 of memory
2026-04-29T00:38:19.225+0300 [DEBUG] [org.gradle.process.internal.health.memory.DefaultMemoryManager] 1855869747 virtual memory requested, 0 released, 1469468672 free
2026-04-29T00:38:24.224+0300 [DEBUG] [org.gradle.process.internal.health.memory.DefaultMemoryManager] 1855869747 virtual memory requested, 1475084288 free
2026-04-29T00:38:24.225+0300 [DEBUG] [org.gradle.workers.internal.WorkerDaemonExpiration] Will attempt to release 1769 of memory
2026-04-29T00:38:24.225+0300 [DEBUG] [org.gradle.process.internal.health.memory.DefaultMemoryManager] 1855869747 virtual memory requested, 0 released, 1475084288 free
2026-04-29T00:38:28.161+0300 [DEBUG] [org.gradle.cache.internal.DefaultFileLockManager] Waiting to acquire shared lock on daemon addresses registry.
2026-04-29T00:38:28.161+0300 [DEBUG] [org.gradle.cache.internal.DefaultFileLockManager] Lock acquired on daemon addresses registry.
2026-04-29T00:38:28.161+0300 [DEBUG] [org.gradle.cache.internal.DefaultFileLockManager] Releasing lock on daemon addresses registry.
2026-04-29T00:38:28.164+0300 [DEBUG] [org.gradle.cache.internal.DefaultFileLockManager] Waiting to acquire shared lock on daemon addresses registry.
2026-04-29T00:38:28.165+0300 [DEBUG] [org.gradle.cache.internal.DefaultFileLockManager] Lock acquired on daemon addresses registry.
2026-04-29T00:38:28.166+0300 [DEBUG] [org.gradle.cache.internal.DefaultFileLockManager] Releasing lock on daemon addresses registry.
2026-04-29T00:38:28.168+0300 [DEBUG] [org.gradle.cache.internal.DefaultFileLockManager] Waiting to acquire shared lock on daemon addresses registry.
2026-04-29T00:38:28.169+0300 [DEBUG] [org.gradle.cache.internal.DefaultFileLockManager] Lock acquired on daemon addresses registry.
2026-04-29T00:38:28.169+0300 [DEBUG] [org.gradle.cache.internal.DefaultFileLockManager] Releasing lock on daemon addresses registry.
2026-04-29T00:38:29.224+0300 [DEBUG] [org.gradle.process.internal.health.memory.DefaultMemoryManager] 1855869747 virtual memory requested, 1472221184 free
2026-04-29T00:38:29.225+0300 [DEBUG] [org.gradle.workers.internal.WorkerDaemonExpiration] Will attempt to release 1769 of memory
2026-04-29T00:38:29.225+0300 [DEBUG] [org.gradle.process.internal.health.memory.DefaultMemoryManager] 1855869747 virtual memory requested, 0 released, 1472221184 free
2026-04-29T00:38:34.226+0300 [DEBUG] [org.gradle.process.internal.health.memory.DefaultMemoryManager] 1855869747 virtual memory requested, 1480527872 free
2026-04-29T00:38:34.226+0300 [DEBUG] [org.gradle.workers.internal.WorkerDaemonExpiration] Will attempt to release 1769 of memory
2026-04-29T00:38:34.226+0300 [DEBUG] [org.gradle.process.internal.health.memory.DefaultMemoryManager] 1855869747 virtual memory requested, 0 released, 1480527872 free
2026-04-29T00:38:38.161+0300 [DEBUG] [org.gradle.cache.internal.DefaultFileLockManager] Waiting to acquire shared lock on daemon addresses registry.
2026-04-29T00:38:38.161+0300 [DEBUG] [org.gradle.cache.internal.DefaultFileLockManager] Lock acquired on daemon addresses registry.
2026-04-29T00:38:38.162+0300 [DEBUG] [org.gradle.cache.internal.DefaultFileLockManager] Releasing lock on daemon addresses registry.
2026-04-29T00:38:38.165+0300 [DEBUG] [org.gradle.cache.internal.DefaultFileLockManager] Waiting to acquire shared lock on daemon addresses registry.
2026-04-29T00:38:38.166+0300 [DEBUG] [org.gradle.cache.internal.DefaultFileLockManager] Lock acquired on daemon addresses registry.
2026-04-29T00:38:38.166+0300 [DEBUG] [org.gradle.cache.internal.DefaultFileLockManager] Releasing lock on daemon addresses registry.
2026-04-29T00:38:38.168+0300 [DEBUG] [org.gradle.cache.internal.DefaultFileLockManager] Waiting to acquire shared lock on daemon addresses registry.
2026-04-29T00:38:38.169+0300 [DEBUG] [org.gradle.cache.internal.DefaultFileLockManager] Lock acquired on daemon addresses registry.
2026-04-29T00:38:38.169+0300 [DEBUG] [org.gradle.cache.internal.DefaultFileLockManager] Releasing lock on daemon addresses registry.
2026-04-29T00:38:39.226+0300 [DEBUG] [org.gradle.process.internal.health.memory.DefaultMemoryManager] 1855869747 virtual memory requested, 1482051584 free
2026-04-29T00:38:39.226+0300 [DEBUG] [org.gradle.workers.internal.WorkerDaemonExpiration] Will attempt to release 1769 of memory
2026-04-29T00:38:39.227+0300 [DEBUG] [org.gradle.process.internal.health.memory.DefaultMemoryManager] 1855869747 virtual memory requested, 0 released, 1482051584 free
2026-04-29T00:38:44.225+0300 [DEBUG] [org.gradle.process.internal.health.memory.DefaultMemoryManager] 1855869747 virtual memory requested, 1482825728 free
2026-04-29T00:38:44.225+0300 [DEBUG] [org.gradle.workers.internal.WorkerDaemonExpiration] Will attempt to release 1769 of memory
2026-04-29T00:38:44.226+0300 [DEBUG] [org.gradle.process.internal.health.memory.DefaultMemoryManager] 1855869747 virtual memory requested, 0 released, 1482825728 free
2026-04-29T00:38:48.161+0300 [DEBUG] [org.gradle.cache.internal.DefaultFileLockManager] Waiting to acquire shared lock on daemon addresses registry.
2026-04-29T00:38:48.161+0300 [DEBUG] [org.gradle.cache.internal.DefaultFileLockManager] Lock acquired on daemon addresses registry.
2026-04-29T00:38:48.162+0300 [DEBUG] [org.gradle.cache.internal.DefaultFileLockManager] Releasing lock on daemon addresses registry.
2026-04-29T00:38:48.164+0300 [DEBUG] [org.gradle.cache.internal.DefaultFileLockManager] Waiting to acquire shared lock on daemon addresses registry.
2026-04-29T00:38:48.164+0300 [DEBUG] [org.gradle.cache.internal.DefaultFileLockManager] Lock acquired on daemon addresses registry.
2026-04-29T00:38:48.165+0300 [DEBUG] [org.gradle.cache.internal.DefaultFileLockManager] Releasing lock on daemon addresses registry.
2026-04-29T00:38:48.168+0300 [DEBUG] [org.gradle.cache.internal.DefaultFileLockManager] Waiting to acquire shared lock on daemon addresses registry.
2026-04-29T00:38:48.169+0300 [DEBUG] [org.gradle.cache.internal.DefaultFileLockManager] Lock acquired on daemon addresses registry.
2026-04-29T00:38:48.169+0300 [DEBUG] [org.gradle.cache.internal.DefaultFileLockManager] Releasing lock on daemon addresses registry.
2026-04-29T00:38:49.226+0300 [DEBUG] [org.gradle.process.internal.health.memory.DefaultMemoryManager] 1855869747 virtual memory requested, 1477603328 free
2026-04-29T00:38:49.226+0300 [DEBUG] [org.gradle.workers.internal.WorkerDaemonExpiration] Will attempt to release 1769 of memory
2026-04-29T00:38:49.227+0300 [DEBUG] [org.gradle.process.internal.health.memory.DefaultMemoryManager] 1855869747 virtual memory requested, 0 released, 1477603328 free
2026-04-29T00:38:54.225+0300 [DEBUG] [org.gradle.process.internal.health.memory.DefaultMemoryManager] 1855869747 virtual memory requested, 1484062720 free
2026-04-29T00:38:54.225+0300 [DEBUG] [org.gradle.workers.internal.WorkerDaemonExpiration] Will attempt to release 1769 of memory
2026-04-29T00:38:54.225+0300 [DEBUG] [org.gradle.process.internal.health.memory.DefaultMemoryManager] 1855869747 virtual memory requested, 0 released, 1484062720 free
2026-04-29T00:38:58.162+0300 [DEBUG] [org.gradle.cache.internal.DefaultFileLockManager] Waiting to acquire shared lock on daemon addresses registry.
2026-04-29T00:38:58.163+0300 [DEBUG] [org.gradle.cache.internal.DefaultFileLockManager] Lock acquired on daemon addresses registry.
2026-04-29T00:38:58.164+0300 [DEBUG] [org.gradle.cache.internal.DefaultFileLockManager] Releasing lock on daemon addresses registry.
2026-04-29T00:38:58.167+0300 [DEBUG] [org.gradle.cache.internal.DefaultFileLockManager] Waiting to acquire shared lock on daemon addresses registry.
2026-04-29T00:38:58.168+0300 [DEBUG] [org.gradle.cache.internal.DefaultFileLockManager] Lock acquired on daemon addresses registry.
2026-04-29T00:38:58.169+0300 [DEBUG] [org.gradle.cache.internal.DefaultFileLockManager] Releasing lock on daemon addresses registry.
2026-04-29T00:38:58.172+0300 [DEBUG] [org.gradle.cache.internal.DefaultFileLockManager] Waiting to acquire shared lock on daemon addresses registry.
2026-04-29T00:38:58.173+0300 [DEBUG] [org.gradle.cache.internal.DefaultFileLockManager] Lock acquired on daemon addresses registry.
2026-04-29T00:38:58.173+0300 [DEBUG] [org.gradle.cache.internal.DefaultFileLockManager] Releasing lock on daemon addresses registry.
2026-04-29T00:38:59.224+0300 [DEBUG] [org.gradle.process.internal.health.memory.DefaultMemoryManager] 1855869747 virtual memory requested, 1484263424 free
2026-04-29T00:38:59.224+0300 [DEBUG] [org.gradle.workers.internal.WorkerDaemonExpiration] Will attempt to release 1769 of memory
2026-04-29T00:38:59.225+0300 [DEBUG] [org.gradle.process.internal.health.memory.DefaultMemoryManager] 1855869747 virtual memory requested, 0 released, 1484263424 free
2026-04-29T00:39:04.225+0300 [DEBUG] [org.gradle.process.internal.health.memory.DefaultMemoryManager] 1855869747 virtual memory requested, 1483034624 free
2026-04-29T00:39:04.225+0300 [DEBUG] [org.gradle.workers.internal.WorkerDaemonExpiration] Will attempt to release 1769 of memory
2026-04-29T00:39:04.225+0300 [DEBUG] [org.gradle.process.internal.health.memory.DefaultMemoryManager] 1855869747 virtual memory requested, 0 released, 1483034624 free
2026-04-29T00:39:08.162+0300 [DEBUG] [org.gradle.cache.internal.DefaultFileLockManager] Waiting to acquire shared lock on daemon addresses registry.
2026-04-29T00:39:08.162+0300 [DEBUG] [org.gradle.cache.internal.DefaultFileLockManager] Lock acquired on daemon addresses registry.
2026-04-29T00:39:08.163+0300 [DEBUG] [org.gradle.cache.internal.DefaultFileLockManager] Releasing lock on daemon addresses registry.
2026-04-29T00:39:08.167+0300 [DEBUG] [org.gradle.cache.internal.DefaultFileLockManager] Waiting to acquire shared lock on daemon addresses registry.
2026-04-29T00:39:08.168+0300 [DEBUG] [org.gradle.cache.internal.DefaultFileLockManager] Lock acquired on daemon addresses registry.
2026-04-29T00:39:08.169+0300 [DEBUG] [org.gradle.cache.internal.DefaultFileLockManager] Releasing lock on daemon addresses registry.
2026-04-29T00:39:08.172+0300 [DEBUG] [org.gradle.cache.internal.DefaultFileLockManager] Waiting to acquire shared lock on daemon addresses registry.
2026-04-29T00:39:08.172+0300 [DEBUG] [org.gradle.cache.internal.DefaultFileLockManager] Lock acquired on daemon addresses registry.
2026-04-29T00:39:08.173+0300 [DEBUG] [org.gradle.cache.internal.DefaultFileLockManager] Releasing lock on daemon addresses registry.
2026-04-29T00:39:09.225+0300 [DEBUG] [org.gradle.process.internal.health.memory.DefaultMemoryManager] 1855869747 virtual memory requested, 1488490496 free
2026-04-29T00:39:09.225+0300 [DEBUG] [org.gradle.workers.internal.WorkerDaemonExpiration] Will attempt to release 1769 of memory
2026-04-29T00:39:09.226+0300 [DEBUG] [org.gradle.process.internal.health.memory.DefaultMemoryManager] 1855869747 virtual memory requested, 0 released, 1488490496 free
2026-04-29T00:39:14.225+0300 [DEBUG] [org.gradle.process.internal.health.memory.DefaultMemoryManager] 1855869747 virtual memory requested, 1489555456 free
2026-04-29T00:39:14.225+0300 [DEBUG] [org.gradle.workers.internal.WorkerDaemonExpiration] Will attempt to release 1769 of memory
2026-04-29T00:39:14.226+0300 [DEBUG] [org.gradle.process.internal.health.memory.DefaultMemoryManager] 1855869747 virtual memory requested, 0 released, 1489555456 free
2026-04-29T00:39:18.162+0300 [DEBUG] [org.gradle.cache.internal.DefaultFileLockManager] Waiting to acquire shared lock on daemon addresses registry.
2026-04-29T00:39:18.162+0300 [DEBUG] [org.gradle.cache.internal.DefaultFileLockManager] Lock acquired on daemon addresses registry.
2026-04-29T00:39:18.162+0300 [DEBUG] [org.gradle.cache.internal.DefaultFileLockManager] Releasing lock on daemon addresses registry.
2026-04-29T00:39:18.165+0300 [DEBUG] [org.gradle.cache.internal.DefaultFileLockManager] Waiting to acquire shared lock on daemon addresses registry.
2026-04-29T00:39:18.166+0300 [DEBUG] [org.gradle.cache.internal.DefaultFileLockManager] Lock acquired on daemon addresses registry.
2026-04-29T00:39:18.166+0300 [DEBUG] [org.gradle.cache.internal.DefaultFileLockManager] Releasing lock on daemon addresses registry.
2026-04-29T00:39:18.169+0300 [DEBUG] [org.gradle.cache.internal.DefaultFileLockManager] Waiting to acquire shared lock on daemon addresses registry.
2026-04-29T00:39:18.169+0300 [DEBUG] [org.gradle.cache.internal.DefaultFileLockManager] Lock acquired on daemon addresses registry.
2026-04-29T00:39:18.170+0300 [DEBUG] [org.gradle.cache.internal.DefaultFileLockManager] Releasing lock on daemon addresses registry.
2026-04-29T00:39:19.225+0300 [DEBUG] [org.gradle.process.internal.health.memory.DefaultMemoryManager] 1855869747 virtual memory requested, 1488961536 free
2026-04-29T00:39:19.226+0300 [DEBUG] [org.gradle.workers.internal.WorkerDaemonExpiration] Will attempt to release 1769 of memory
2026-04-29T00:39:19.226+0300 [DEBUG] [org.gradle.process.internal.health.memory.DefaultMemoryManager] 1855869747 virtual memory requested, 0 released, 1488961536 free
2026-04-29T00:39:24.226+0300 [DEBUG] [org.gradle.process.internal.health.memory.DefaultMemoryManager] 1855869747 virtual memory requested, 1488891904 free
2026-04-29T00:39:24.226+0300 [DEBUG] [org.gradle.workers.internal.WorkerDaemonExpiration] Will attempt to release 1769 of memory
2026-04-29T00:39:24.226+0300 [DEBUG] [org.gradle.process.internal.health.memory.DefaultMemoryManager] 1855869747 virtual memory requested, 0 released, 1488891904 free
2026-04-29T00:39:28.162+0300 [DEBUG] [org.gradle.cache.internal.DefaultFileLockManager] Waiting to acquire shared lock on daemon addresses registry.
2026-04-29T00:39:28.162+0300 [DEBUG] [org.gradle.cache.internal.DefaultFileLockManager] Lock acquired on daemon addresses registry.
2026-04-29T00:39:28.163+0300 [DEBUG] [org.gradle.cache.internal.DefaultFileLockManager] Releasing lock on daemon addresses registry.
2026-04-29T00:39:28.167+0300 [DEBUG] [org.gradle.cache.internal.DefaultFileLockManager] Waiting to acquire shared lock on daemon addresses registry.
2026-04-29T00:39:28.168+0300 [DEBUG] [org.gradle.cache.internal.DefaultFileLockManager] Lock acquired on daemon addresses registry.
2026-04-29T00:39:28.169+0300 [DEBUG] [org.gradle.cache.internal.DefaultFileLockManager] Releasing lock on daemon addresses registry.
2026-04-29T00:39:28.173+0300 [DEBUG] [org.gradle.cache.internal.DefaultFileLockManager] Waiting to acquire shared lock on daemon addresses registry.
2026-04-29T00:39:28.173+0300 [DEBUG] [org.gradle.cache.internal.DefaultFileLockManager] Lock acquired on daemon addresses registry.
2026-04-29T00:39:28.174+0300 [DEBUG] [org.gradle.cache.internal.DefaultFileLockManager] Releasing lock on daemon addresses registry.
2026-04-29T00:39:29.225+0300 [DEBUG] [org.gradle.process.internal.health.memory.DefaultMemoryManager] 1855869747 virtual memory requested, 1489698816 free
2026-04-29T00:39:29.225+0300 [DEBUG] [org.gradle.workers.internal.WorkerDaemonExpiration] Will attempt to release 1769 of memory
2026-04-29T00:39:29.226+0300 [DEBUG] [org.gradle.process.internal.health.memory.DefaultMemoryManager] 1855869747 virtual memory requested, 0 released, 1489698816 free
2026-04-29T00:39:34.226+0300 [DEBUG] [org.gradle.process.internal.health.memory.DefaultMemoryManager] 1855869747 virtual memory requested, 1492987904 free
2026-04-29T00:39:34.226+0300 [DEBUG] [org.gradle.workers.internal.WorkerDaemonExpiration] Will attempt to release 1769 of memory
2026-04-29T00:39:34.226+0300 [DEBUG] [org.gradle.process.internal.health.memory.DefaultMemoryManager] 1855869747 virtual memory requested, 0 released, 1492987904 free
2026-04-29T00:39:38.164+0300 [DEBUG] [org.gradle.cache.internal.DefaultFileLockManager] Waiting to acquire shared lock on daemon addresses registry.
2026-04-29T00:39:38.164+0300 [DEBUG] [org.gradle.cache.internal.DefaultFileLockManager] Lock acquired on daemon addresses registry.
2026-04-29T00:39:38.165+0300 [DEBUG] [org.gradle.cache.internal.DefaultFileLockManager] Releasing lock on daemon addresses registry.
2026-04-29T00:39:38.169+0300 [DEBUG] [org.gradle.cache.internal.DefaultFileLockManager] Waiting to acquire shared lock on daemon addresses registry.
2026-04-29T00:39:38.170+0300 [DEBUG] [org.gradle.cache.internal.DefaultFileLockManager] Lock acquired on daemon addresses registry.
2026-04-29T00:39:38.171+0300 [DEBUG] [org.gradle.cache.internal.DefaultFileLockManager] Releasing lock on daemon addresses registry.
2026-04-29T00:39:38.175+0300 [DEBUG] [org.gradle.cache.internal.DefaultFileLockManager] Waiting to acquire shared lock on daemon addresses registry.
2026-04-29T00:39:38.176+0300 [DEBUG] [org.gradle.cache.internal.DefaultFileLockManager] Lock acquired on daemon addresses registry.
2026-04-29T00:39:38.177+0300 [DEBUG] [org.gradle.cache.internal.DefaultFileLockManager] Releasing lock on daemon addresses registry.
2026-04-29T00:39:39.225+0300 [DEBUG] [org.gradle.process.internal.health.memory.DefaultMemoryManager] 1855869747 virtual memory requested, 1493757952 free
2026-04-29T00:39:39.225+0300 [DEBUG] [org.gradle.workers.internal.WorkerDaemonExpiration] Will attempt to release 1769 of memory
2026-04-29T00:39:39.225+0300 [DEBUG] [org.gradle.process.internal.health.memory.DefaultMemoryManager] 1855869747 virtual memory requested, 0 released, 1493757952 free
2026-04-29T00:39:44.225+0300 [DEBUG] [org.gradle.process.internal.health.memory.DefaultMemoryManager] 1855869747 virtual memory requested, 1492484096 free
2026-04-29T00:39:44.226+0300 [DEBUG] [org.gradle.workers.internal.WorkerDaemonExpiration] Will attempt to release 1769 of memory
2026-04-29T00:39:44.226+0300 [DEBUG] [org.gradle.process.internal.health.memory.DefaultMemoryManager] 1855869747 virtual memory requested, 0 released, 1492484096 free
2026-04-29T00:39:48.162+0300 [DEBUG] [org.gradle.cache.internal.DefaultFileLockManager] Waiting to acquire shared lock on daemon addresses registry.
2026-04-29T00:39:48.162+0300 [DEBUG] [org.gradle.cache.internal.DefaultFileLockManager] Lock acquired on daemon addresses registry.
2026-04-29T00:39:48.163+0300 [DEBUG] [org.gradle.cache.internal.DefaultFileLockManager] Releasing lock on daemon addresses registry.
2026-04-29T00:39:48.168+0300 [DEBUG] [org.gradle.cache.internal.DefaultFileLockManager] Waiting to acquire shared lock on daemon addresses registry.
2026-04-29T00:39:48.168+0300 [DEBUG] [org.gradle.cache.internal.DefaultFileLockManager] Lock acquired on daemon addresses registry.
2026-04-29T00:39:48.169+0300 [DEBUG] [org.gradle.cache.internal.DefaultFileLockManager] Releasing lock on daemon addresses registry.
2026-04-29T00:39:48.173+0300 [DEBUG] [org.gradle.cache.internal.DefaultFileLockManager] Waiting to acquire shared lock on daemon addresses registry.
2026-04-29T00:39:48.173+0300 [DEBUG] [org.gradle.cache.internal.DefaultFileLockManager] Lock acquired on daemon addresses registry.
2026-04-29T00:39:48.174+0300 [DEBUG] [org.gradle.cache.internal.DefaultFileLockManager] Releasing lock on daemon addresses registry.
2026-04-29T00:39:49.226+0300 [DEBUG] [org.gradle.process.internal.health.memory.DefaultMemoryManager] 1855869747 virtual memory requested, 1491525632 free
2026-04-29T00:39:49.226+0300 [DEBUG] [org.gradle.workers.internal.WorkerDaemonExpiration] Will attempt to release 1769 of memory
2026-04-29T00:39:49.226+0300 [DEBUG] [org.gradle.process.internal.health.memory.DefaultMemoryManager] 1855869747 virtual memory requested, 0 released, 1491525632 free
2026-04-29T00:39:54.227+0300 [DEBUG] [org.gradle.process.internal.health.memory.DefaultMemoryManager] 1855869747 virtual memory requested, 1494241280 free
2026-04-29T00:39:54.227+0300 [DEBUG] [org.gradle.workers.internal.WorkerDaemonExpiration] Will attempt to release 1769 of memory
2026-04-29T00:39:54.227+0300 [DEBUG] [org.gradle.process.internal.health.memory.DefaultMemoryManager] 1855869747 virtual memory requested, 0 released, 1494241280 free
2026-04-29T00:39:58.163+0300 [DEBUG] [org.gradle.cache.internal.DefaultFileLockManager] Waiting to acquire shared lock on daemon addresses registry.
2026-04-29T00:39:58.163+0300 [DEBUG] [org.gradle.cache.internal.DefaultFileLockManager] Lock acquired on daemon addresses registry.
2026-04-29T00:39:58.164+0300 [DEBUG] [org.gradle.cache.internal.DefaultFileLockManager] Releasing lock on daemon addresses registry.
2026-04-29T00:39:58.168+0300 [DEBUG] [org.gradle.cache.internal.DefaultFileLockManager] Waiting to acquire shared lock on daemon addresses registry.
2026-04-29T00:39:58.168+0300 [DEBUG] [org.gradle.cache.internal.DefaultFileLockManager] Lock acquired on daemon addresses registry.
2026-04-29T00:39:58.169+0300 [DEBUG] [org.gradle.cache.internal.DefaultFileLockManager] Releasing lock on daemon addresses registry.
2026-04-29T00:39:58.173+0300 [DEBUG] [org.gradle.cache.internal.DefaultFileLockManager] Waiting to acquire shared lock on daemon addresses registry.
2026-04-29T00:39:58.174+0300 [DEBUG] [org.gradle.cache.internal.DefaultFileLockManager] Lock acquired on daemon addresses registry.
2026-04-29T00:39:58.175+0300 [DEBUG] [org.gradle.cache.internal.DefaultFileLockManager] Releasing lock on daemon addresses registry.
2026-04-29T00:39:59.226+0300 [DEBUG] [org.gradle.process.internal.health.memory.DefaultMemoryManager] 1855869747 virtual memory requested, 1495658496 free
2026-04-29T00:39:59.227+0300 [DEBUG] [org.gradle.workers.internal.WorkerDaemonExpiration] Will attempt to release 1769 of memory
2026-04-29T00:39:59.227+0300 [DEBUG] [org.gradle.process.internal.health.memory.DefaultMemoryManager] 1855869747 virtual memory requested, 0 released, 1495658496 free
2026-04-29T00:40:04.226+0300 [DEBUG] [org.gradle.process.internal.health.memory.DefaultMemoryManager] 1855869747 virtual memory requested, 1504985088 free
2026-04-29T00:40:04.226+0300 [DEBUG] [org.gradle.workers.internal.WorkerDaemonExpiration] Will attempt to release 1769 of memory
2026-04-29T00:40:04.226+0300 [DEBUG] [org.gradle.process.internal.health.memory.DefaultMemoryManager] 1855869747 virtual memory requested, 0 released, 1504985088 free
2026-04-29T00:40:08.161+0300 [DEBUG] [org.gradle.cache.internal.DefaultFileLockManager] Waiting to acquire shared lock on daemon addresses registry.
2026-04-29T00:40:08.161+0300 [DEBUG] [org.gradle.cache.internal.DefaultFileLockManager] Lock acquired on daemon addresses registry.
2026-04-29T00:40:08.162+0300 [DEBUG] [org.gradle.cache.internal.DefaultFileLockManager] Releasing lock on daemon addresses registry.
2026-04-29T00:40:08.164+0300 [DEBUG] [org.gradle.cache.internal.DefaultFileLockManager] Waiting to acquire shared lock on daemon addresses registry.
2026-04-29T00:40:08.164+0300 [DEBUG] [org.gradle.cache.internal.DefaultFileLockManager] Lock acquired on daemon addresses registry.
2026-04-29T00:40:08.164+0300 [DEBUG] [org.gradle.cache.internal.DefaultFileLockManager] Releasing lock on daemon addresses registry.
2026-04-29T00:40:08.166+0300 [DEBUG] [org.gradle.cache.internal.DefaultFileLockManager] Waiting to acquire shared lock on daemon addresses registry.
2026-04-29T00:40:08.166+0300 [DEBUG] [org.gradle.cache.internal.DefaultFileLockManager] Lock acquired on daemon addresses registry.
2026-04-29T00:40:08.167+0300 [DEBUG] [org.gradle.cache.internal.DefaultFileLockManager] Releasing lock on daemon addresses registry.
2026-04-29T00:40:09.225+0300 [DEBUG] [org.gradle.process.internal.health.memory.DefaultMemoryManager] 1855869747 virtual memory requested, 1516683264 free
2026-04-29T00:40:09.226+0300 [DEBUG] [org.gradle.workers.internal.WorkerDaemonExpiration] Will attempt to release 1769 of memory
2026-04-29T00:40:09.226+0300 [DEBUG] [org.gradle.process.internal.health.memory.DefaultMemoryManager] 1855869747 virtual memory requested, 0 released, 1516683264 free
2026-04-29T00:40:14.225+0300 [DEBUG] [org.gradle.process.internal.health.memory.DefaultMemoryManager] 1855869747 virtual memory requested, 1515077632 free
2026-04-29T00:40:14.225+0300 [DEBUG] [org.gradle.workers.internal.WorkerDaemonExpiration] Will attempt to release 1769 of memory
2026-04-29T00:40:14.225+0300 [DEBUG] [org.gradle.process.internal.health.memory.DefaultMemoryManager] 1855869747 virtual memory requested, 0 released, 1515077632 free
2026-04-29T00:40:18.163+0300 [DEBUG] [org.gradle.cache.internal.DefaultFileLockManager] Waiting to acquire shared lock on daemon addresses registry.
2026-04-29T00:40:18.164+0300 [DEBUG] [org.gradle.cache.internal.DefaultFileLockManager] Lock acquired on daemon addresses registry.
2026-04-29T00:40:18.165+0300 [DEBUG] [org.gradle.cache.internal.DefaultFileLockManager] Releasing lock on daemon addresses registry.
2026-04-29T00:40:18.169+0300 [DEBUG] [org.gradle.cache.internal.DefaultFileLockManager] Waiting to acquire shared lock on daemon addresses registry.
2026-04-29T00:40:18.169+0300 [DEBUG] [org.gradle.cache.internal.DefaultFileLockManager] Lock acquired on daemon addresses registry.
2026-04-29T00:40:18.170+0300 [DEBUG] [org.gradle.cache.internal.DefaultFileLockManager] Releasing lock on daemon addresses registry.
2026-04-29T00:40:18.174+0300 [DEBUG] [org.gradle.cache.internal.DefaultFileLockManager] Waiting to acquire shared lock on daemon addresses registry.
2026-04-29T00:40:18.174+0300 [DEBUG] [org.gradle.cache.internal.DefaultFileLockManager] Lock acquired on daemon addresses registry.
2026-04-29T00:40:18.175+0300 [DEBUG] [org.gradle.cache.internal.DefaultFileLockManager] Releasing lock on daemon addresses registry.
2026-04-29T00:40:19.225+0300 [DEBUG] [org.gradle.process.internal.health.memory.DefaultMemoryManager] 1855869747 virtual memory requested, 1519001600 free
2026-04-29T00:40:19.226+0300 [DEBUG] [org.gradle.workers.internal.WorkerDaemonExpiration] Will attempt to release 1769 of memory
2026-04-29T00:40:19.226+0300 [DEBUG] [org.gradle.process.internal.health.memory.DefaultMemoryManager] 1855869747 virtual memory requested, 0 released, 1519001600 free
2026-04-29T00:40:24.226+0300 [DEBUG] [org.gradle.process.internal.health.memory.DefaultMemoryManager] 1855869747 virtual memory requested, 1521901568 free
2026-04-29T00:40:24.226+0300 [DEBUG] [org.gradle.workers.internal.WorkerDaemonExpiration] Will attempt to release 1769 of memory
2026-04-29T00:40:24.226+0300 [DEBUG] [org.gradle.process.internal.health.memory.DefaultMemoryManager] 1855869747 virtual memory requested, 0 released, 1521901568 free
2026-04-29T00:40:28.162+0300 [DEBUG] [org.gradle.cache.internal.DefaultFileLockManager] Waiting to acquire shared lock on daemon addresses registry.
2026-04-29T00:40:28.162+0300 [DEBUG] [org.gradle.cache.internal.DefaultFileLockManager] Lock acquired on daemon addresses registry.
2026-04-29T00:40:28.163+0300 [DEBUG] [org.gradle.cache.internal.DefaultFileLockManager] Releasing lock on daemon addresses registry.
2026-04-29T00:40:28.167+0300 [DEBUG] [org.gradle.cache.internal.DefaultFileLockManager] Waiting to acquire shared lock on daemon addresses registry.
2026-04-29T00:40:28.167+0300 [DEBUG] [org.gradle.cache.internal.DefaultFileLockManager] Lock acquired on daemon addresses registry.
2026-04-29T00:40:28.168+0300 [DEBUG] [org.gradle.cache.internal.DefaultFileLockManager] Releasing lock on daemon addresses registry.
2026-04-29T00:40:28.172+0300 [DEBUG] [org.gradle.cache.internal.DefaultFileLockManager] Waiting to acquire shared lock on daemon addresses registry.
2026-04-29T00:40:28.173+0300 [DEBUG] [org.gradle.cache.internal.DefaultFileLockManager] Lock acquired on daemon addresses registry.
2026-04-29T00:40:28.174+0300 [DEBUG] [org.gradle.cache.internal.DefaultFileLockManager] Releasing lock on daemon addresses registry.
2026-04-29T00:40:29.225+0300 [DEBUG] [org.gradle.process.internal.health.memory.DefaultMemoryManager] 1855869747 virtual memory requested, 1534431232 free
2026-04-29T00:40:29.230+0300 [DEBUG] [org.gradle.workers.internal.WorkerDaemonExpiration] Will attempt to release 1769 of memory
2026-04-29T00:40:29.231+0300 [DEBUG] [org.gradle.process.internal.health.memory.DefaultMemoryManager] 1855869747 virtual memory requested, 0 released, 1534431232 free
2026-04-29T00:40:34.226+0300 [DEBUG] [org.gradle.process.internal.health.memory.DefaultMemoryManager] 1855869747 virtual memory requested, 1533722624 free
2026-04-29T00:40:34.226+0300 [DEBUG] [org.gradle.workers.internal.WorkerDaemonExpiration] Will attempt to release 1769 of memory
2026-04-29T00:40:34.226+0300 [DEBUG] [org.gradle.process.internal.health.memory.DefaultMemoryManager] 1855869747 virtual memory requested, 0 released, 1533722624 free
2026-04-29T00:40:38.161+0300 [DEBUG] [org.gradle.cache.internal.DefaultFileLockManager] Waiting to acquire shared lock on daemon addresses registry.
2026-04-29T00:40:38.161+0300 [DEBUG] [org.gradle.cache.internal.DefaultFileLockManager] Lock acquired on daemon addresses registry.
2026-04-29T00:40:38.161+0300 [DEBUG] [org.gradle.cache.internal.DefaultFileLockManager] Releasing lock on daemon addresses registry.
2026-04-29T00:40:38.164+0300 [DEBUG] [org.gradle.cache.internal.DefaultFileLockManager] Waiting to acquire shared lock on daemon addresses registry.
2026-04-29T00:40:38.164+0300 [DEBUG] [org.gradle.cache.internal.DefaultFileLockManager] Lock acquired on daemon addresses registry.
2026-04-29T00:40:38.165+0300 [DEBUG] [org.gradle.cache.internal.DefaultFileLockManager] Releasing lock on daemon addresses registry.
2026-04-29T00:40:38.168+0300 [DEBUG] [org.gradle.cache.internal.DefaultFileLockManager] Waiting to acquire shared lock on daemon addresses registry.
2026-04-29T00:40:38.168+0300 [DEBUG] [org.gradle.cache.internal.DefaultFileLockManager] Lock acquired on daemon addresses registry.
2026-04-29T00:40:38.169+0300 [DEBUG] [org.gradle.cache.internal.DefaultFileLockManager] Releasing lock on daemon addresses registry.
2026-04-29T00:40:39.226+0300 [DEBUG] [org.gradle.process.internal.health.memory.DefaultMemoryManager] 1855869747 virtual memory requested, 1537212416 free
2026-04-29T00:40:39.227+0300 [DEBUG] [org.gradle.workers.internal.WorkerDaemonExpiration] Will attempt to release 1769 of memory
2026-04-29T00:40:39.227+0300 [DEBUG] [org.gradle.process.internal.health.memory.DefaultMemoryManager] 1855869747 virtual memory requested, 0 released, 1537212416 free
2026-04-29T00:40:44.225+0300 [DEBUG] [org.gradle.process.internal.health.memory.DefaultMemoryManager] 1855869747 virtual memory requested, 1534562304 free
2026-04-29T00:40:44.226+0300 [DEBUG] [org.gradle.workers.internal.WorkerDaemonExpiration] Will attempt to release 1769 of memory
2026-04-29T00:40:44.226+0300 [DEBUG] [org.gradle.process.internal.health.memory.DefaultMemoryManager] 1855869747 virtual memory requested, 0 released, 1534562304 free
2026-04-29T00:40:48.161+0300 [DEBUG] [org.gradle.cache.internal.DefaultFileLockManager] Waiting to acquire shared lock on daemon addresses registry.
2026-04-29T00:40:48.161+0300 [DEBUG] [org.gradle.cache.internal.DefaultFileLockManager] Lock acquired on daemon addresses registry.
2026-04-29T00:40:48.161+0300 [DEBUG] [org.gradle.cache.internal.DefaultFileLockManager] Releasing lock on daemon addresses registry.
2026-04-29T00:40:48.164+0300 [DEBUG] [org.gradle.cache.internal.DefaultFileLockManager] Waiting to acquire shared lock on daemon addresses registry.
2026-04-29T00:40:48.165+0300 [DEBUG] [org.gradle.cache.internal.DefaultFileLockManager] Lock acquired on daemon addresses registry.
2026-04-29T00:40:48.165+0300 [DEBUG] [org.gradle.cache.internal.DefaultFileLockManager] Releasing lock on daemon addresses registry.
2026-04-29T00:40:48.168+0300 [DEBUG] [org.gradle.cache.internal.DefaultFileLockManager] Waiting to acquire shared lock on daemon addresses registry.
2026-04-29T00:40:48.168+0300 [DEBUG] [org.gradle.cache.internal.DefaultFileLockManager] Lock acquired on daemon addresses registry.
2026-04-29T00:40:48.169+0300 [DEBUG] [org.gradle.cache.internal.DefaultFileLockManager] Releasing lock on daemon addresses registry.
2026-04-29T00:40:49.225+0300 [DEBUG] [org.gradle.process.internal.health.memory.DefaultMemoryManager] 1855869747 virtual memory requested, 1535737856 free
2026-04-29T00:40:49.225+0300 [DEBUG] [org.gradle.workers.internal.WorkerDaemonExpiration] Will attempt to release 1769 of memory
2026-04-29T00:40:49.225+0300 [DEBUG] [org.gradle.process.internal.health.memory.DefaultMemoryManager] 1855869747 virtual memory requested, 0 released, 1535737856 free
2026-04-29T00:40:54.225+0300 [DEBUG] [org.gradle.process.internal.health.memory.DefaultMemoryManager] 1855869747 virtual memory requested, 1534087168 free
2026-04-29T00:40:54.225+0300 [DEBUG] [org.gradle.workers.internal.WorkerDaemonExpiration] Will attempt to release 1769 of memory
2026-04-29T00:40:54.226+0300 [DEBUG] [org.gradle.process.internal.health.memory.DefaultMemoryManager] 1855869747 virtual memory requested, 0 released, 1534087168 free
2026-04-29T00:40:58.163+0300 [DEBUG] [org.gradle.cache.internal.DefaultFileLockManager] Waiting to acquire shared lock on daemon addresses registry.
2026-04-29T00:40:58.163+0300 [DEBUG] [org.gradle.cache.internal.DefaultFileLockManager] Lock acquired on daemon addresses registry.
2026-04-29T00:40:58.164+0300 [DEBUG] [org.gradle.cache.internal.DefaultFileLockManager] Releasing lock on daemon addresses registry.
2026-04-29T00:40:58.167+0300 [DEBUG] [org.gradle.cache.internal.DefaultFileLockManager] Waiting to acquire shared lock on daemon addresses registry.
2026-04-29T00:40:58.167+0300 [DEBUG] [org.gradle.cache.internal.DefaultFileLockManager] Lock acquired on daemon addresses registry.
2026-04-29T00:40:58.168+0300 [DEBUG] [org.gradle.cache.internal.DefaultFileLockManager] Releasing lock on daemon addresses registry.
2026-04-29T00:40:58.171+0300 [DEBUG] [org.gradle.cache.internal.DefaultFileLockManager] Waiting to acquire shared lock on daemon addresses registry.
2026-04-29T00:40:58.171+0300 [DEBUG] [org.gradle.cache.internal.DefaultFileLockManager] Lock acquired on daemon addresses registry.
2026-04-29T00:40:58.172+0300 [DEBUG] [org.gradle.cache.internal.DefaultFileLockManager] Releasing lock on daemon addresses registry.
2026-04-29T00:40:59.226+0300 [DEBUG] [org.gradle.process.internal.health.memory.DefaultMemoryManager] 1855869747 virtual memory requested, 1534267392 free
2026-04-29T00:40:59.226+0300 [DEBUG] [org.gradle.workers.internal.WorkerDaemonExpiration] Will attempt to release 1769 of memory
2026-04-29T00:40:59.226+0300 [DEBUG] [org.gradle.process.internal.health.memory.DefaultMemoryManager] 1855869747 virtual memory requested, 0 released, 1534267392 free
2026-04-29T00:41:04.227+0300 [DEBUG] [org.gradle.process.internal.health.memory.DefaultMemoryManager] 1855869747 virtual memory requested, 1534791680 free
2026-04-29T00:41:04.227+0300 [DEBUG] [org.gradle.workers.internal.WorkerDaemonExpiration] Will attempt to release 1769 of memory
2026-04-29T00:41:04.227+0300 [DEBUG] [org.gradle.process.internal.health.memory.DefaultMemoryManager] 1855869747 virtual memory requested, 0 released, 1534791680 free
2026-04-29T00:41:08.162+0300 [DEBUG] [org.gradle.cache.internal.DefaultFileLockManager] Waiting to acquire shared lock on daemon addresses registry.
2026-04-29T00:41:08.162+0300 [DEBUG] [org.gradle.cache.internal.DefaultFileLockManager] Lock acquired on daemon addresses registry.
2026-04-29T00:41:08.163+0300 [DEBUG] [org.gradle.cache.internal.DefaultFileLockManager] Releasing lock on daemon addresses registry.
2026-04-29T00:41:08.167+0300 [DEBUG] [org.gradle.cache.internal.DefaultFileLockManager] Waiting to acquire shared lock on daemon addresses registry.
2026-04-29T00:41:08.168+0300 [DEBUG] [org.gradle.cache.internal.DefaultFileLockManager] Lock acquired on daemon addresses registry.
2026-04-29T00:41:08.169+0300 [DEBUG] [org.gradle.cache.internal.DefaultFileLockManager] Releasing lock on daemon addresses registry.
2026-04-29T00:41:08.173+0300 [DEBUG] [org.gradle.cache.internal.DefaultFileLockManager] Waiting to acquire shared lock on daemon addresses registry.
2026-04-29T00:41:08.173+0300 [DEBUG] [org.gradle.cache.internal.DefaultFileLockManager] Lock acquired on daemon addresses registry.
2026-04-29T00:41:08.174+0300 [DEBUG] [org.gradle.cache.internal.DefaultFileLockManager] Releasing lock on daemon addresses registry.
2026-04-29T00:41:09.226+0300 [DEBUG] [org.gradle.process.internal.health.memory.DefaultMemoryManager] 1855869747 virtual memory requested, 1535713280 free
2026-04-29T00:41:09.226+0300 [DEBUG] [org.gradle.workers.internal.WorkerDaemonExpiration] Will attempt to release 1769 of memory
2026-04-29T00:41:09.226+0300 [DEBUG] [org.gradle.process.internal.health.memory.DefaultMemoryManager] 1855869747 virtual memory requested, 0 released, 1535713280 free
2026-04-29T00:41:14.227+0300 [DEBUG] [org.gradle.process.internal.health.memory.DefaultMemoryManager] 1855869747 virtual memory requested, 1535528960 free
2026-04-29T00:41:14.227+0300 [DEBUG] [org.gradle.workers.internal.WorkerDaemonExpiration] Will attempt to release 1769 of memory
2026-04-29T00:41:14.227+0300 [DEBUG] [org.gradle.process.internal.health.memory.DefaultMemoryManager] 1855869747 virtual memory requested, 0 released, 1535528960 free
2026-04-29T00:41:18.162+0300 [DEBUG] [org.gradle.cache.internal.DefaultFileLockManager] Waiting to acquire shared lock on daemon addresses registry.
2026-04-29T00:41:18.162+0300 [DEBUG] [org.gradle.cache.internal.DefaultFileLockManager] Lock acquired on daemon addresses registry.
2026-04-29T00:41:18.163+0300 [DEBUG] [org.gradle.cache.internal.DefaultFileLockManager] Releasing lock on daemon addresses registry.
2026-04-29T00:41:18.167+0300 [DEBUG] [org.gradle.cache.internal.DefaultFileLockManager] Waiting to acquire shared lock on daemon addresses registry.
2026-04-29T00:41:18.168+0300 [DEBUG] [org.gradle.cache.internal.DefaultFileLockManager] Lock acquired on daemon addresses registry.
2026-04-29T00:41:18.169+0300 [DEBUG] [org.gradle.cache.internal.DefaultFileLockManager] Releasing lock on daemon addresses registry.
2026-04-29T00:41:18.172+0300 [DEBUG] [org.gradle.cache.internal.DefaultFileLockManager] Waiting to acquire shared lock on daemon addresses registry.
2026-04-29T00:41:18.173+0300 [DEBUG] [org.gradle.cache.internal.DefaultFileLockManager] Lock acquired on daemon addresses registry.
2026-04-29T00:41:18.173+0300 [DEBUG] [org.gradle.cache.internal.DefaultFileLockManager] Releasing lock on daemon addresses registry.
2026-04-29T00:41:19.226+0300 [DEBUG] [org.gradle.process.internal.health.memory.DefaultMemoryManager] 1855869747 virtual memory requested, 1533988864 free
2026-04-29T00:41:19.226+0300 [DEBUG] [org.gradle.workers.internal.WorkerDaemonExpiration] Will attempt to release 1769 of memory
2026-04-29T00:41:19.226+0300 [DEBUG] [org.gradle.process.internal.health.memory.DefaultMemoryManager] 1855869747 virtual memory requested, 0 released, 1533988864 free
2026-04-29T00:41:24.227+0300 [DEBUG] [org.gradle.process.internal.health.memory.DefaultMemoryManager] 1855869747 virtual memory requested, 1511567360 free
2026-04-29T00:41:24.227+0300 [DEBUG] [org.gradle.workers.internal.WorkerDaemonExpiration] Will attempt to release 1769 of memory
2026-04-29T00:41:24.227+0300 [DEBUG] [org.gradle.process.internal.health.memory.DefaultMemoryManager] 1855869747 virtual memory requested, 0 released, 1511567360 free
2026-04-29T00:41:28.162+0300 [DEBUG] [org.gradle.cache.internal.DefaultFileLockManager] Waiting to acquire shared lock on daemon addresses registry.
2026-04-29T00:41:28.163+0300 [DEBUG] [org.gradle.cache.internal.DefaultFileLockManager] Lock acquired on daemon addresses registry.
2026-04-29T00:41:28.163+0300 [DEBUG] [org.gradle.cache.internal.DefaultFileLockManager] Releasing lock on daemon addresses registry.
2026-04-29T00:41:28.166+0300 [DEBUG] [org.gradle.cache.internal.DefaultFileLockManager] Waiting to acquire shared lock on daemon addresses registry.
2026-04-29T00:41:28.166+0300 [DEBUG] [org.gradle.cache.internal.DefaultFileLockManager] Lock acquired on daemon addresses registry.
2026-04-29T00:41:28.167+0300 [DEBUG] [org.gradle.cache.internal.DefaultFileLockManager] Releasing lock on daemon addresses registry.
2026-04-29T00:41:28.170+0300 [DEBUG] [org.gradle.cache.internal.DefaultFileLockManager] Waiting to acquire shared lock on daemon addresses registry.
2026-04-29T00:41:28.170+0300 [DEBUG] [org.gradle.cache.internal.DefaultFileLockManager] Lock acquired on daemon addresses registry.
2026-04-29T00:41:28.171+0300 [DEBUG] [org.gradle.cache.internal.DefaultFileLockManager] Releasing lock on daemon addresses registry.
2026-04-29T00:41:29.227+0300 [DEBUG] [org.gradle.process.internal.health.memory.DefaultMemoryManager] 1855869747 virtual memory requested, 1633959936 free
2026-04-29T00:41:29.227+0300 [DEBUG] [org.gradle.workers.internal.WorkerDaemonExpiration] Will attempt to release 1769 of memory
2026-04-29T00:41:29.227+0300 [DEBUG] [org.gradle.process.internal.health.memory.DefaultMemoryManager] 1855869747 virtual memory requested, 0 released, 1633959936 free
2026-04-29T00:41:38.162+0300 [DEBUG] [org.gradle.cache.internal.DefaultFileLockManager] Waiting to acquire shared lock on daemon addresses registry.
2026-04-29T00:41:38.162+0300 [DEBUG] [org.gradle.cache.internal.DefaultFileLockManager] Lock acquired on daemon addresses registry.
2026-04-29T00:41:38.163+0300 [DEBUG] [org.gradle.cache.internal.DefaultFileLockManager] Releasing lock on daemon addresses registry.
2026-04-29T00:41:38.166+0300 [DEBUG] [org.gradle.cache.internal.DefaultFileLockManager] Waiting to acquire shared lock on daemon addresses registry.
2026-04-29T00:41:38.167+0300 [DEBUG] [org.gradle.cache.internal.DefaultFileLockManager] Lock acquired on daemon addresses registry.
2026-04-29T00:41:38.168+0300 [DEBUG] [org.gradle.cache.internal.DefaultFileLockManager] Releasing lock on daemon addresses registry.
2026-04-29T00:41:38.171+0300 [DEBUG] [org.gradle.cache.internal.DefaultFileLockManager] Waiting to acquire shared lock on daemon addresses registry.
2026-04-29T00:41:38.171+0300 [DEBUG] [org.gradle.cache.internal.DefaultFileLockManager] Lock acquired on daemon addresses registry.
2026-04-29T00:41:38.172+0300 [DEBUG] [org.gradle.cache.internal.DefaultFileLockManager] Releasing lock on daemon addresses registry.
2026-04-29T00:41:39.226+0300 [DEBUG] [org.gradle.process.internal.health.memory.DefaultMemoryManager] 1855869747 virtual memory requested, 1630674944 free
2026-04-29T00:41:39.226+0300 [DEBUG] [org.gradle.workers.internal.WorkerDaemonExpiration] Will attempt to release 1769 of memory
2026-04-29T00:41:39.226+0300 [DEBUG] [org.gradle.process.internal.health.memory.DefaultMemoryManager] 1855869747 virtual memory requested, 0 released, 1630674944 free
2026-04-29T00:41:39.382+0300 [DEBUG] [org.gradle.internal.remote.internal.inet.TcpIncomingConnector] Accepted connection from /127.0.0.1:57368 to /127.0.0.1:56654.
2026-04-29T00:41:39.408+0300 [DEBUG] [org.gradle.launcher.daemon.server.SynchronizedDispatchConnection] thread 325: received class org.gradle.launcher.daemon.protocol.StopWhenIdle
2026-04-29T00:41:39.409+0300 [DEBUG] [org.gradle.launcher.daemon.server.DefaultDaemonConnection] thread 325: Received non-IO message from client: StopWhenIdle[id=cd013bdc-ab7e-4b35-983a-1f6926cecfcb]
2026-04-29T00:41:39.409+0300 [INFO] [org.gradle.launcher.daemon.server.DefaultIncomingConnectionHandler] Received command: StopWhenIdle[id=cd013bdc-ab7e-4b35-983a-1f6926cecfcb].
2026-04-29T00:41:39.409+0300 [DEBUG] [org.gradle.launcher.daemon.server.DefaultIncomingConnectionHandler] Starting executing command: StopWhenIdle[id=cd013bdc-ab7e-4b35-983a-1f6926cecfcb] with connection: socket connection from /127.0.0.1:56654 to /127.0.0.1:57368.
2026-04-29T00:41:39.410+0300 [DEBUG] [org.gradle.launcher.daemon.server.DaemonRegistryUpdater] Storing daemon stop event: stop command received
2026-04-29T00:41:39.411+0300 [DEBUG] [org.gradle.launcher.daemon.registry.PersistentDaemonRegistry] Storing daemon stop event with timestamp 1777412499411
2026-04-29T00:41:39.419+0300 [DEBUG] [org.gradle.cache.internal.DefaultFileLockManager] Waiting to acquire exclusive lock on daemon addresses registry.
2026-04-29T00:41:39.421+0300 [DEBUG] [org.gradle.cache.internal.DefaultFileLockManager] Lock acquired on daemon addresses registry.
2026-04-29T00:41:39.423+0300 [DEBUG] [org.gradle.cache.internal.DefaultFileLockManager] Releasing lock on daemon addresses registry.
2026-04-29T00:41:39.424+0300 [LIFECYCLE] [org.gradle.launcher.daemon.server.DaemonStateCoordinator] Daemon will be stopped at the end of the build stop command received
2026-04-29T00:41:39.425+0300 [DEBUG] [org.gradle.launcher.daemon.server.DaemonStateCoordinator] Marking daemon stopped due to stop command received. The daemon is not running a build
2026-04-29T00:41:39.425+0300 [DEBUG] [org.gradle.launcher.daemon.server.SynchronizedDispatchConnection] thread 324: dispatching Success[value=null]
2026-04-29T00:41:39.425+0300 [DEBUG] [org.gradle.launcher.daemon.server.DaemonStateCoordinator] daemon has stopped.
2026-04-29T00:41:39.426+0300 [DEBUG] [org.gradle.launcher.daemon.server.DefaultIncomingConnectionHandler] Finishing executing command: StopWhenIdle[id=cd013bdc-ab7e-4b35-983a-1f6926cecfcb]
2026-04-29T00:41:39.426+0300 [DEBUG] [org.gradle.launcher.daemon.server.SynchronizedDispatchConnection] thread 325: received class org.gradle.launcher.daemon.protocol.Finished
2026-04-29T00:41:39.426+0300 [DEBUG] [org.gradle.launcher.daemon.server.DefaultDaemonConnection] thread 325: Received non-IO message from client: org.gradle.launcher.daemon.protocol.Finished@752919e9
2026-04-29T00:41:39.427+0300 [DEBUG] [org.gradle.launcher.daemon.server.DefaultIncomingConnectionHandler] Received finished message: org.gradle.launcher.daemon.protocol.Finished@752919e9
2026-04-29T00:41:39.427+0300 [DEBUG] [org.gradle.internal.remote.internal.inet.SocketConnection] Discarding EOFException: java.io.EOFException
2026-04-29T00:41:39.427+0300 [DEBUG] [org.gradle.launcher.daemon.server.SynchronizedDispatchConnection] thread 325: received null
2026-04-29T00:41:39.427+0300 [DEBUG] [org.gradle.launcher.daemon.server.DefaultDaemonConnection] thread 325: Received end-of-input from client.
2026-04-29T00:41:39.427+0300 [DEBUG] [org.gradle.launcher.daemon.server.SynchronizedDispatchConnection] thread 324: stopping connection
2026-04-29T00:41:39.428+0300 [DEBUG] [org.gradle.launcher.daemon.server.Daemon] stop() called on daemon
2026-04-29T00:41:39.428+0300 [INFO] [org.gradle.launcher.daemon.server.Daemon] Stop requested. Daemon is removing its presence from the registry...
2026-04-29T00:41:39.429+0300 [DEBUG] [org.gradle.launcher.daemon.server.SynchronizedDispatchConnection] thread 324: stopping connection
2026-04-29T00:41:39.429+0300 [DEBUG] [org.gradle.launcher.daemon.server.DaemonRegistryUpdater] Removing our presence to clients, eg. removing this address from the registry: [69981fdb-87a2-48b3-8505-8885edc3a86c port:56654, addresses:[localhost/127.0.0.1]]
2026-04-29T00:41:39.429+0300 [DEBUG] [org.gradle.launcher.daemon.registry.PersistentDaemonRegistry] Removing daemon address: [69981fdb-87a2-48b3-8505-8885edc3a86c port:56654, addresses:[localhost/127.0.0.1]]
2026-04-29T00:41:39.432+0300 [DEBUG] [org.gradle.cache.internal.DefaultFileLockManager] Waiting to acquire exclusive lock on daemon addresses registry.
2026-04-29T00:41:39.433+0300 [DEBUG] [org.gradle.cache.internal.DefaultFileLockManager] Lock acquired on daemon addresses registry.
2026-04-29T00:41:39.436+0300 [DEBUG] [org.gradle.cache.internal.DefaultFileLockManager] Releasing lock on daemon addresses registry.
2026-04-29T00:41:39.437+0300 [DEBUG] [org.gradle.launcher.daemon.server.DaemonRegistryUpdater] Address removed from registry.
2026-04-29T00:41:39.487+0300 [DEBUG] [org.gradle.cache.internal.DefaultCacheCleanupExecutor] jars (C:\Users\MOHANNED\Desktop\rr\caches\jars-9) has last been fully cleaned up 24 hours ago
2026-04-29T00:41:39.492+0300 [DEBUG] [org.gradle.internal.operations.DefaultBuildOperationRunner] Build operation 'Clean up jars (C:\Users\MOHANNED\Desktop\rr\caches\jars-9)' started
2026-04-29T00:41:39.564+0300 [INFO] [org.gradle.cache.internal.AbstractCacheCleanup] jars (C:\Users\MOHANNED\Desktop\rr\caches\jars-9) cleanup deleted 0 files/directories.
2026-04-29T00:41:39.566+0300 [INFO] [org.gradle.cache.internal.LeastRecentlyUsedCacheCleanup] jars (C:\Users\MOHANNED\Desktop\rr\caches\jars-9) removing files not accessed on or after Wed Apr 22 00:41:39 EEST 2026.
2026-04-29T00:41:39.598+0300 [INFO] [org.gradle.cache.internal.AbstractCacheCleanup] jars (C:\Users\MOHANNED\Desktop\rr\caches\jars-9) cleanup deleted 0 files/directories.
2026-04-29T00:41:39.601+0300 [DEBUG] [org.gradle.internal.operations.DefaultBuildOperationRunner] Completing Build operation 'Clean up jars (C:\Users\MOHANNED\Desktop\rr\caches\jars-9)'
2026-04-29T00:41:39.601+0300 [DEBUG] [org.gradle.internal.operations.DefaultBuildOperationRunner] Build operation 'Clean up jars (C:\Users\MOHANNED\Desktop\rr\caches\jars-9)' completed
2026-04-29T00:41:39.624+0300 [INFO] [org.gradle.cache.internal.DefaultCacheCleanupExecutor] jars (C:\Users\MOHANNED\Desktop\rr\caches\jars-9) cleaned up in 0.135 secs.
2026-04-29T00:41:39.624+0300 [DEBUG] [org.gradle.cache.internal.DefaultCacheCoordinator] Cache jars (C:\Users\MOHANNED\Desktop\rr\caches\jars-9) was closed 0 times.
2026-04-29T00:41:39.625+0300 [DEBUG] [org.gradle.cache.internal.LockOnDemandCrossProcessCacheAccess] Releasing file lock for file content cache (C:\Users\MOHANNED\Desktop\rr\caches\8.14.3\fileContent)
2026-04-29T00:41:39.625+0300 [DEBUG] [org.gradle.cache.internal.DefaultFileLockManager] Releasing lock on file content cache (C:\Users\MOHANNED\Desktop\rr\caches\8.14.3\fileContent).
2026-04-29T00:41:39.626+0300 [DEBUG] [org.gradle.internal.watch.vfs.impl.WatchingVirtualFileSystem] Closing VFS, dropping state
2026-04-29T00:41:39.630+0300 [DEBUG] [org.gradle.cache.internal.DefaultCacheCoordinator] Cache Generated Gradle JARs cache (C:\Users\MOHANNED\Desktop\rr\caches\8.14.3\generated-gradle-jars) was closed 0 times.
2026-04-29T00:41:39.630+0300 [DEBUG] [org.gradle.internal.watch.registry.impl.DefaultFileWatcherRegistry] Finished listening to file system change events
2026-04-29T00:41:39.631+0300 [DEBUG] [org.gradle.cache.internal.LockOnDemandCrossProcessCacheAccess] Releasing file lock for artifact cache (C:\Users\MOHANNED\Desktop\rr\caches\modules-2)
2026-04-29T00:41:39.631+0300 [DEBUG] [org.gradle.cache.internal.DefaultFileLockManager] Releasing lock on artifact cache (C:\Users\MOHANNED\Desktop\rr\caches\modules-2).
2026-04-29T00:41:39.633+0300 [DEBUG] [org.gradle.cache.internal.DefaultCacheCleanupExecutor] artifact cache (C:\Users\MOHANNED\Desktop\rr\caches\modules-2) has last been fully cleaned up 24 hours ago
2026-04-29T00:41:39.633+0300 [DEBUG] [org.gradle.internal.operations.DefaultBuildOperationRunner] Build operation 'Clean up artifact cache (C:\Users\MOHANNED\Desktop\rr\caches\modules-2)' started
2026-04-29T00:41:39.648+0300 [INFO] [org.gradle.cache.internal.AbstractCacheCleanup] artifact cache (C:\Users\MOHANNED\Desktop\rr\caches\modules-2) cleanup deleted 0 files/directories.
2026-04-29T00:41:39.654+0300 [INFO] [org.gradle.cache.internal.AbstractCacheCleanup] artifact cache (C:\Users\MOHANNED\Desktop\rr\caches\modules-2) [subdir: C:\Users\MOHANNED\Desktop\rr\caches\modules-2\resources-2.1] cleanup deleted 0 files/directories.
2026-04-29T00:41:39.654+0300 [INFO] [org.gradle.cache.internal.LeastRecentlyUsedCacheCleanup] artifact cache (C:\Users\MOHANNED\Desktop\rr\caches\modules-2) [subdir: C:\Users\MOHANNED\Desktop\rr\caches\modules-2\resources-2.1] removing files not accessed on or after Mon Mar 30 00:41:39 EEST 2026.
2026-04-29T00:41:39.654+0300 [INFO] [org.gradle.cache.internal.AbstractCacheCleanup] artifact cache (C:\Users\MOHANNED\Desktop\rr\caches\modules-2) [subdir: C:\Users\MOHANNED\Desktop\rr\caches\modules-2\resources-2.1] cleanup deleted 0 files/directories.
2026-04-29T00:41:39.660+0300 [INFO] [org.gradle.cache.internal.AbstractCacheCleanup] artifact cache (C:\Users\MOHANNED\Desktop\rr\caches\modules-2) [subdir: C:\Users\MOHANNED\Desktop\rr\caches\modules-2\files-2.1] cleanup deleted 0 files/directories.
2026-04-29T00:41:39.660+0300 [INFO] [org.gradle.cache.internal.LeastRecentlyUsedCacheCleanup] artifact cache (C:\Users\MOHANNED\Desktop\rr\caches\modules-2) [subdir: C:\Users\MOHANNED\Desktop\rr\caches\modules-2\files-2.1] removing files not accessed on or after Mon Mar 30 00:41:39 EEST 2026.
2026-04-29T00:41:41.824+0300 [INFO] [org.gradle.cache.internal.AbstractCacheCleanup] artifact cache (C:\Users\MOHANNED\Desktop\rr\caches\modules-2) [subdir: C:\Users\MOHANNED\Desktop\rr\caches\modules-2\files-2.1] cleanup deleted 0 files/directories.
2026-04-29T00:41:41.827+0300 [INFO] [org.gradle.cache.internal.AbstractCacheCleanup] artifact cache (C:\Users\MOHANNED\Desktop\rr\caches\modules-2) [subdir: C:\Users\MOHANNED\Desktop\rr\caches\modules-2\metadata-2.107] cleanup deleted 0 files/directories.
2026-04-29T00:41:41.830+0300 [INFO] [org.gradle.cache.internal.AbstractCacheCleanup] artifact cache (C:\Users\MOHANNED\Desktop\rr\caches\modules-2) cleanup deleted 0 files/directories.
2026-04-29T00:41:41.831+0300 [DEBUG] [org.gradle.internal.operations.DefaultBuildOperationRunner] Completing Build operation 'Clean up artifact cache (C:\Users\MOHANNED\Desktop\rr\caches\modules-2)'
2026-04-29T00:41:41.831+0300 [DEBUG] [org.gradle.internal.operations.DefaultBuildOperationRunner] Build operation 'Clean up artifact cache (C:\Users\MOHANNED\Desktop\rr\caches\modules-2)' completed
2026-04-29T00:41:41.832+0300 [INFO] [org.gradle.cache.internal.DefaultCacheCleanupExecutor] artifact cache (C:\Users\MOHANNED\Desktop\rr\caches\modules-2) cleaned up in 2.199 secs.
2026-04-29T00:41:41.834+0300 [DEBUG] [org.gradle.cache.internal.DefaultCacheCleanupExecutor] groovy-dsl (C:\Users\MOHANNED\Desktop\rr\caches\8.14.3\groovy-dsl) has last been fully cleaned up 24 hours ago
2026-04-29T00:41:41.834+0300 [DEBUG] [org.gradle.internal.operations.DefaultBuildOperationRunner] Build operation 'Clean up groovy-dsl (C:\Users\MOHANNED\Desktop\rr\caches\8.14.3\groovy-dsl)' started
2026-04-29T00:41:41.835+0300 [INFO] [org.gradle.cache.internal.LeastRecentlyUsedCacheCleanup] groovy-dsl (C:\Users\MOHANNED\Desktop\rr\caches\8.14.3\groovy-dsl) removing files not accessed on or after Wed Apr 22 00:41:41 EEST 2026.
2026-04-29T00:41:41.838+0300 [INFO] [org.gradle.cache.internal.AbstractCacheCleanup] groovy-dsl (C:\Users\MOHANNED\Desktop\rr\caches\8.14.3\groovy-dsl) cleanup deleted 0 files/directories.
2026-04-29T00:41:41.839+0300 [DEBUG] [org.gradle.internal.operations.DefaultBuildOperationRunner] Completing Build operation 'Clean up groovy-dsl (C:\Users\MOHANNED\Desktop\rr\caches\8.14.3\groovy-dsl)'
2026-04-29T00:41:41.839+0300 [DEBUG] [org.gradle.internal.operations.DefaultBuildOperationRunner] Build operation 'Clean up groovy-dsl (C:\Users\MOHANNED\Desktop\rr\caches\8.14.3\groovy-dsl)' completed
2026-04-29T00:41:41.840+0300 [INFO] [org.gradle.cache.internal.DefaultCacheCleanupExecutor] groovy-dsl (C:\Users\MOHANNED\Desktop\rr\caches\8.14.3\groovy-dsl) cleaned up in 0.005 secs.
2026-04-29T00:41:41.840+0300 [DEBUG] [org.gradle.cache.internal.DefaultCacheCoordinator] Cache groovy-dsl (C:\Users\MOHANNED\Desktop\rr\caches\8.14.3\groovy-dsl) was closed 0 times.
2026-04-29T00:41:41.841+0300 [DEBUG] [org.gradle.cache.internal.DefaultCacheCleanupExecutor] Artifact transforms cache (C:\Users\MOHANNED\Desktop\rr\caches\8.14.3\transforms) has last been fully cleaned up 24 hours ago
2026-04-29T00:41:41.841+0300 [DEBUG] [org.gradle.internal.operations.DefaultBuildOperationRunner] Build operation 'Clean up Artifact transforms cache (C:\Users\MOHANNED\Desktop\rr\caches\8.14.3\transforms)' started
2026-04-29T00:41:41.841+0300 [INFO] [org.gradle.cache.internal.LeastRecentlyUsedCacheCleanup] Artifact transforms cache (C:\Users\MOHANNED\Desktop\rr\caches\8.14.3\transforms) removing files not accessed on or after Wed Apr 22 00:41:41 EEST 2026.
2026-04-29T00:41:42.165+0300 [INFO] [org.gradle.cache.internal.AbstractCacheCleanup] Artifact transforms cache (C:\Users\MOHANNED\Desktop\rr\caches\8.14.3\transforms) cleanup deleted 0 files/directories.
2026-04-29T00:41:42.165+0300 [DEBUG] [org.gradle.internal.operations.DefaultBuildOperationRunner] Completing Build operation 'Clean up Artifact transforms cache (C:\Users\MOHANNED\Desktop\rr\caches\8.14.3\transforms)'
2026-04-29T00:41:42.165+0300 [DEBUG] [org.gradle.internal.operations.DefaultBuildOperationRunner] Build operation 'Clean up Artifact transforms cache (C:\Users\MOHANNED\Desktop\rr\caches\8.14.3\transforms)' completed
2026-04-29T00:41:42.166+0300 [INFO] [org.gradle.cache.internal.DefaultCacheCleanupExecutor] Artifact transforms cache (C:\Users\MOHANNED\Desktop\rr\caches\8.14.3\transforms) cleaned up in 0.325 secs.
2026-04-29T00:41:42.166+0300 [DEBUG] [org.gradle.cache.internal.DefaultCacheCoordinator] Cache Artifact transforms cache (C:\Users\MOHANNED\Desktop\rr\caches\8.14.3\transforms) was closed 0 times.
2026-04-29T00:41:42.167+0300 [DEBUG] [org.gradle.cache.internal.LockOnDemandCrossProcessCacheAccess] Releasing file lock for journal cache (C:\Users\MOHANNED\Desktop\rr\caches\journal-1)
2026-04-29T00:41:42.167+0300 [DEBUG] [org.gradle.cache.internal.btree.BTreePersistentIndexedCache] Closing cache file-access.bin (C:\Users\MOHANNED\Desktop\rr\caches\journal-1\file-access.bin)
2026-04-29T00:41:42.168+0300 [DEBUG] [org.gradle.cache.internal.DefaultFileLockManager] Releasing lock on journal cache (C:\Users\MOHANNED\Desktop\rr\caches\journal-1).
2026-04-29T00:41:42.169+0300 [DEBUG] [org.gradle.cache.internal.LockOnDemandCrossProcessCacheAccess] Releasing file lock for file hash cache (C:\Users\MOHANNED\Desktop\rr\caches\8.14.3\fileHashes)
2026-04-29T00:41:42.170+0300 [DEBUG] [org.gradle.cache.internal.btree.BTreePersistentIndexedCache] Closing cache fileHashes.bin (C:\Users\MOHANNED\Desktop\rr\caches\8.14.3\fileHashes\fileHashes.bin)
2026-04-29T00:41:42.172+0300 [DEBUG] [org.gradle.cache.internal.btree.BTreePersistentIndexedCache] Closing cache resourceHashesCache.bin (C:\Users\MOHANNED\Desktop\rr\caches\8.14.3\fileHashes\resourceHashesCache.bin)
2026-04-29T00:41:42.172+0300 [DEBUG] [org.gradle.cache.internal.DefaultFileLockManager] Releasing lock on file hash cache (C:\Users\MOHANNED\Desktop\rr\caches\8.14.3\fileHashes).
2026-04-29T00:41:42.221+0300 [DEBUG] [org.gradle.internal.operations.DefaultBuildOperationRunner] Build operation 'Deleting unused version-specific caches in C:\Users\MOHANNED\Desktop\rr\caches' started
2026-04-29T00:41:42.240+0300 [DEBUG] [org.gradle.cache.internal.VersionSpecificCacheCleanupAction] Processed version-specific caches at C:\Users\MOHANNED\Desktop\rr\caches for cleanup in 0.017 secs
2026-04-29T00:41:42.240+0300 [DEBUG] [org.gradle.internal.operations.DefaultBuildOperationRunner] Completing Build operation 'Deleting unused version-specific caches in C:\Users\MOHANNED\Desktop\rr\caches'
2026-04-29T00:41:42.240+0300 [DEBUG] [org.gradle.internal.operations.DefaultBuildOperationRunner] Build operation 'Deleting unused version-specific caches in C:\Users\MOHANNED\Desktop\rr\caches' completed
2026-04-29T00:41:42.244+0300 [DEBUG] [org.gradle.internal.operations.DefaultBuildOperationRunner] Build operation 'Deleting unused Gradle distributions in C:\Users\MOHANNED\Desktop\rr\wrapper\dists' started
2026-04-29T00:41:42.248+0300 [DEBUG] [org.gradle.cache.internal.WrapperDistributionCleanupAction] Could not determine Gradle version for C:\Users\MOHANNED\Desktop\rr\wrapper\dists\gradle-8.11.1-bin\bpt9gzteqjrbo1mjrsomdt32c: A Gradle distribution must contain exactly one subdirectory: [] (java.lang.IllegalArgumentException)
2026-04-29T00:41:42.271+0300 [DEBUG] [org.gradle.internal.operations.DefaultBuildOperationRunner] Completing Build operation 'Deleting unused Gradle distributions in C:\Users\MOHANNED\Desktop\rr\wrapper\dists'
2026-04-29T00:41:42.271+0300 [DEBUG] [org.gradle.internal.operations.DefaultBuildOperationRunner] Build operation 'Deleting unused Gradle distributions in C:\Users\MOHANNED\Desktop\rr\wrapper\dists' completed
2026-04-29T00:41:42.272+0300 [DEBUG] [org.gradle.launcher.daemon.server.Daemon] stop() called on daemon
2026-04-29T00:41:42.273+0300 [INFO] [org.gradle.launcher.daemon.server.Daemon] Stop requested. Daemon is removing its presence from the registry...
2026-04-29T00:41:42.273+0300 [DEBUG] [org.gradle.launcher.daemon.server.DaemonRegistryUpdater] Removing our presence to clients, eg. removing this address from the registry: [69981fdb-87a2-48b3-8505-8885edc3a86c port:56654, addresses:[localhost/127.0.0.1]]
2026-04-29T00:41:42.273+0300 [DEBUG] [org.gradle.launcher.daemon.registry.PersistentDaemonRegistry] Removing daemon address: [69981fdb-87a2-48b3-8505-8885edc3a86c port:56654, addresses:[localhost/127.0.0.1]]
2026-04-29T00:41:42.275+0300 [DEBUG] [org.gradle.cache.internal.DefaultFileLockManager] Waiting to acquire exclusive lock on daemon addresses registry.
2026-04-29T00:41:42.276+0300 [DEBUG] [org.gradle.cache.internal.DefaultFileLockManager] Lock acquired on daemon addresses registry.
2026-04-29T00:41:42.278+0300 [DEBUG] [org.gradle.cache.internal.DefaultFileLockManager] Releasing lock on daemon addresses registry.
2026-04-29T00:41:42.279+0300 [DEBUG] [org.gradle.launcher.daemon.server.DaemonRegistryUpdater] Address removed from registry.
2026-04-29T00:41:42.281+0300 [DEBUG] [org.gradle.cache.internal.locklistener.DefaultFileLockContentionHandler] File lock listener thread completed.
2026-04-29T00:41:42.285+0300 [DEBUG] [java.lang.Runtime] Runtime.exit() called with status: 0
java.lang.Throwable: Runtime.exit(0)
	at java.base/java.lang.Shutdown.logRuntimeExit(Unknown Source)
	at java.base/java.lang.Shutdown.exit(Unknown Source)
	at java.base/java.lang.Runtime.exit(Unknown Source)
	at java.base/java.lang.System.exit(Unknown Source)
	at org.gradle.launcher.bootstrap.ProcessCompleter.complete(ProcessCompleter.java:21)
	at org.gradle.launcher.bootstrap.EntryPoint.run(EntryPoint.java:61)
	at java.base/jdk.internal.reflect.DirectMethodHandleAccessor.invoke(Unknown Source)
	at java.base/java.lang.reflect.Method.invoke(Unknown Source)
	at org.gradle.launcher.bootstrap.ProcessBootstrap.runNoExit(ProcessBootstrap.java:72)
	at org.gradle.launcher.bootstrap.ProcessBootstrap.run(ProcessBootstrap.java:39)
	at org.gradle.launcher.daemon.bootstrap.GradleDaemon.main(GradleDaemon.java:22)
2026-04-29T00:41:42.289+0300 [DEBUG] [Daemon vm is shutting down... The daemon has exited normally or was terminated in response to a user interrupt.
org.gradle.launcher.daemon.registry.PersistentDaemonRegistry] Removing daemon address: [69981fdb-87a2-48b3-8505-8885edc3a86c port:56654, addresses:[localhost/127.0.0.1]]
2026-04-29T00:41:42.291+0300 [DEBUG] [org.gradle.launcher.daemon.server.Daemon] VM shutdown hook was unable to remove the daemon address from the registry. It will be cleaned up later.
java.lang.IllegalStateException: Cannot start managing file contention because this handler has been closed.
	at org.gradle.cache.internal.locklistener.DefaultFileLockContentionHandler.assertNotStopped(DefaultFileLockContentionHandler.java:248)
	at org.gradle.cache.internal.locklistener.DefaultFileLockContentionHandler.reservePort(DefaultFileLockContentionHandler.java:286)
	at org.gradle.cache.internal.DefaultFileLockManager.lock(DefaultFileLockManager.java:124)
	at org.gradle.cache.internal.DefaultFileLockManager.lock(DefaultFileLockManager.java:106)
	at org.gradle.cache.internal.DefaultFileLockManager.lock(DefaultFileLockManager.java:101)
	at org.gradle.cache.internal.OnDemandFileAccess.updateFile(OnDemandFileAccess.java:51)
	at org.gradle.cache.internal.FileBackedObjectHolder.update(FileBackedObjectHolder.java:77)
	at org.gradle.cache.internal.FileIntegrityViolationSuppressingObjectHolderDecorator.lambda$update$0(FileIntegrityViolationSuppressingObjectHolderDecorator.java:48)
	at org.gradle.cache.internal.FileIntegrityViolationSuppressingObjectHolderDecorator.doUpdate(FileIntegrityViolationSuppressingObjectHolderDecorator.java:58)
	at org.gradle.cache.internal.FileIntegrityViolationSuppressingObjectHolderDecorator.update(FileIntegrityViolationSuppressingObjectHolderDecorator.java:48)
	at org.gradle.launcher.daemon.registry.PersistentDaemonRegistry.remove(PersistentDaemonRegistry.java:133)
	at org.gradle.launcher.daemon.server.Daemon$1.run(Daemon.java:133)
	at java.base/java.lang.Thread.run(Unknown Source)
